run_id,task_id,fault_type,fault_class,hook_tool,k,k_bin,n_steps,rel_pos,format,arm,auditor_role,sample_id,is_control,is_development,pred_step,true_step,exact,within3,pred_cat,true_cat,false_alarm,pointer_ok,parse_ok,too_long,tokens_in,tokens_out,bytes_record,prompt_hash,render_hash,model_tag,model_digest,ollama_version,think,num_ctx,seconds
3hop1__454441_55349_651302|clean,3hop1__454441_55349_651302,clean,none,,,,20,,log,lossless,second,0,1,0,12,,,,evidence,none,1,0,1,0,3035,178,9057,ba8b77f02b64574ea7e93ea62fa1fc123ccb9b7577129cf415e005a243f5b0a5,3ba9813236bab0e65bfbafd3473b0a13210b5ce4120cdc96a609e1402e74bac9,glm-4.7-flash:q8_0,a035bf4bc812e1408631c2d2b14581b99dfe39f71d895aceb269b4a886080196,0.33.2,off,16384,12.06
3hop1__454441_55349_651302|clean,3hop1__454441_55349_651302,clean,none,,,,20,,diff,lossless,second,0,1,0,,,,,none,none,0,0,1,0,3985,73,12170,580493953bfd9de6d0b2d1d8a4f1e43ab9de066daab1e45d308f79bb0263f1ee,44e2c146a6b8d0df7cc63260220c8616049eac059fadded79f922d6ad3cb5918,glm-4.7-flash:q8_0,a035bf4bc812e1408631c2d2b14581b99dfe39f71d895aceb269b4a886080196,0.33.2,off,16384,10.94
3hop1__454441_55349_651302|clean,3hop1__454441_55349_651302,clean,none,,,,20,,prov,lossless,second,0,1,0,18,,,,evidence,none,1,1,1,0,3935,185,11742,168bfa490b87987c32e9abf27aba2b17c5b1e85904f1f25d9f267c0979b5b569,005d22ed7400aa94a90a0ce04bcdd732054b5f666964943580a14f9b7c6ad37b,glm-4.7-flash:q8_0,a035bf4bc812e1408631c2d2b14581b99dfe39f71d895aceb269b4a886080196,0.33.2,off,16384,13.48
3hop1__836699_15840_36014|clean,3hop1__836699_15840_36014,clean,none,,,,14,,log,lossless,second,0,1,0,12,,,,state,none,1,1,1,0,2229,125,6594,ba8b77f02b64574ea7e93ea62fa1fc123ccb9b7577129cf415e005a243f5b0a5,3063b0e66861e45cbca8e8e4745570bca8d01a7a096796d2038b1a2869c63ceb,glm-4.7-flash:q8_0,a035bf4bc812e1408631c2d2b14581b99dfe39f71d895aceb269b4a886080196,0.33.2,off,16384,7.27
3hop1__836699_15840_36014|clean,3hop1__836699_15840_36014,clean,none,,,,14,,diff,lossless,second,0,1,0,,,,,none,none,0,0,1,0,2907,157,9035,580493953bfd9de6d0b2d1d8a4f1e43ab9de066daab1e45d308f79bb0263f1ee,7cc4f185d7bf93317c84b27e67323c069f5b754a6fd857bfb80c7d9aeeca5954,glm-4.7-flash:q8_0,a035bf4bc812e1408631c2d2b14581b99dfe39f71d895aceb269b4a886080196,0.33.2,off,16384,9.43
3hop1__836699_15840_36014|clean,3hop1__836699_15840_36014,clean,none,,,,14,,prov,lossless,second,0,1,0,,,,,none,none,0,0,1,0,2879,172,8626,168bfa490b87987c32e9abf27aba2b17c5b1e85904f1f25d9f267c0979b5b569,15f7af166c576ba31d95751e316afb5972a37e465e74e551a3189a32f47ebe37,glm-4.7-flash:q8_0,a035bf4bc812e1408631c2d2b14581b99dfe39f71d895aceb269b4a886080196,0.33.2,off,16384,10.23
3hop1__19768_19788_10117|clean,3hop1__19768_19788_10117,clean,none,,,,14,,log,lossless,second,0,1,0,,,,,none,none,0,0,1,0,2186,129,6112,ba8b77f02b64574ea7e93ea62fa1fc123ccb9b7577129cf415e005a243f5b0a5,988b10196042e25ce529697c261ac540fdecfe1695578bc44294f5d4dd64bc1e,glm-4.7-flash:q8_0,a035bf4bc812e1408631c2d2b14581b99dfe39f71d895aceb269b4a886080196,0.33.2,off,16384,7.32
3hop1__19768_19788_10117|clean,3hop1__19768_19788_10117,clean,none,,,,14,,diff,lossless,second,0,1,0,,,,,none,none,0,0,1,0,2767,150,8044,580493953bfd9de6d0b2d1d8a4f1e43ab9de066daab1e45d308f79bb0263f1ee,230633f17d49b6046ef29710aacda0b4a67922852d7d29ef584869c5d14ccab2,glm-4.7-flash:q8_0,a035bf4bc812e1408631c2d2b14581b99dfe39f71d895aceb269b4a886080196,0.33.2,off,16384,8.88
3hop1__19768_19788_10117|clean,3hop1__19768_19788_10117,clean,none,,,,14,,prov,lossless,second,0,1,0,8,,,,tool,none,1,0,1,0,2863,159,8180,168bfa490b87987c32e9abf27aba2b17c5b1e85904f1f25d9f267c0979b5b569,3f44611b5128c97147bfc6f172a9533fcefddf71607b318440f1bf022488a646,glm-4.7-flash:q8_0,a035bf4bc812e1408631c2d2b14581b99dfe39f71d895aceb269b4a886080196,0.33.2,off,16384,9.37
3hop2__855821_467331_162182|clean,3hop2__855821_467331_162182,clean,none,,,,20,,log,lossless,second,0,1,0,18,,,,evidence,none,1,1,1,0,3144,192,9738,ba8b77f02b64574ea7e93ea62fa1fc123ccb9b7577129cf415e005a243f5b0a5,66406d2934a3107899608f72c6099cf880b29915503a16bc2aace335df93fa8c,glm-4.7-flash:q8_0,a035bf4bc812e1408631c2d2b14581b99dfe39f71d895aceb269b4a886080196,0.33.2,off,16384,11.14
3hop2__855821_467331_162182|clean,3hop2__855821_467331_162182,clean,none,,,,20,,diff,lossless,second,0,1,0,,,,,none,none,0,0,1,0,4052,283,12790,580493953bfd9de6d0b2d1d8a4f1e43ab9de066daab1e45d308f79bb0263f1ee,6e1d409dcdd3724b6dff34b41701a576af9ead19c4534c76fccdb545a2e7d857,glm-4.7-flash:q8_0,a035bf4bc812e1408631c2d2b14581b99dfe39f71d895aceb269b4a886080196,0.33.2,off,16384,16.91
3hop2__855821_467331_162182|clean,3hop2__855821_467331_162182,clean,none,,,,20,,prov,lossless,second,0,1,0,18,,,,evidence,none,1,1,1,0,4068,225,12589,168bfa490b87987c32e9abf27aba2b17c5b1e85904f1f25d9f267c0979b5b569,99f8802ba42c6a556db8b59d1ed91bf2c43b375aa5767b9a59285fe0bd0e5c36,glm-4.7-flash:q8_0,a035bf4bc812e1408631c2d2b14581b99dfe39f71d895aceb269b4a886080196,0.33.2,off,16384,14.91
3hop1__152880_131926_90707|clean,3hop1__152880_131926_90707,clean,none,,,,20,,log,lossless,second,0,1,0,18,,,,evidence,none,1,0,1,0,3013,273,9231,ba8b77f02b64574ea7e93ea62fa1fc123ccb9b7577129cf415e005a243f5b0a5,12d034c545aa95b2cbd651123690ad863c819a1219f109ea6c83bb32024ab88d,glm-4.7-flash:q8_0,a035bf4bc812e1408631c2d2b14581b99dfe39f71d895aceb269b4a886080196,0.33.2,off,16384,13.03
3hop1__152880_131926_90707|clean,3hop1__152880_131926_90707,clean,none,,,,20,,diff,lossless,second,0,1,0,18,,,,evidence,none,1,1,1,0,3903,189,12271,580493953bfd9de6d0b2d1d8a4f1e43ab9de066daab1e45d308f79bb0263f1ee,fa6ef59c6bd0d9aabba731cde25597bb07f6ab036278411ced56b61665e5742c,glm-4.7-flash:q8_0,a035bf4bc812e1408631c2d2b14581b99dfe39f71d895aceb269b4a886080196,0.33.2,off,16384,13.98
3hop1__152880_131926_90707|clean,3hop1__152880_131926_90707,clean,none,,,,20,,prov,lossless,second,0,1,0,18,,,,evidence,none,1,1,1,0,3924,149,12053,168bfa490b87987c32e9abf27aba2b17c5b1e85904f1f25d9f267c0979b5b569,906db4c73bbc0d652d48a9feff18bc55e5608c779ffa78d6d902c8c042664ce0,glm-4.7-flash:q8_0,a035bf4bc812e1408631c2d2b14581b99dfe39f71d895aceb269b4a886080196,0.33.2,off,16384,13.25
4hop1__199362_765799_282674_759393|clean,4hop1__199362_765799_282674_759393,clean,none,,,,30,,log,lossless,second,0,1,0,28,,,,evidence,none,1,1,1,0,4383,175,13973,ba8b77f02b64574ea7e93ea62fa1fc123ccb9b7577129cf415e005a243f5b0a5,7eaf606490714d087bf268fcf2eadffd16fa146fe382f0823bcfd443a2d46b60,glm-4.7-flash:q8_0,a035bf4bc812e1408631c2d2b14581b99dfe39f71d895aceb269b4a886080196,0.33.2,off,16384,14.52
4hop1__199362_765799_282674_759393|clean,4hop1__199362_765799_282674_759393,clean,none,,,,30,,diff,lossless,second,0,1,0,28,,,,evidence,none,1,1,1,0,5580,194,17670,580493953bfd9de6d0b2d1d8a4f1e43ab9de066daab1e45d308f79bb0263f1ee,99fede8ccfb1aa4b40e4756273e245d0eeec62f9932140c0ba75dff6f022a20a,glm-4.7-flash:q8_0,a035bf4bc812e1408631c2d2b14581b99dfe39f71d895aceb269b4a886080196,0.33.2,off,16384,19.78
4hop1__199362_765799_282674_759393|clean,4hop1__199362_765799_282674_759393,clean,none,,,,30,,prov,lossless,second,0,1,0,28,,,,evidence,none,1,1,1,0,5603,150,17605,168bfa490b87987c32e9abf27aba2b17c5b1e85904f1f25d9f267c0979b5b569,f779bff3e6ca416b16c507e21608ad62157abfb9a047eea79b34dbaa755d3174,glm-4.7-flash:q8_0,a035bf4bc812e1408631c2d2b14581b99dfe39f71d895aceb269b4a886080196,0.33.2,off,16384,19.34
3hop1__103180_214799_259594|clean,3hop1__103180_214799_259594,clean,none,,,,26,,log,lossless,second,0,1,0,18,,,,evidence,none,1,1,1,0,3717,135,11938,ba8b77f02b64574ea7e93ea62fa1fc123ccb9b7577129cf415e005a243f5b0a5,18439e6de66a52e3241f8836bdd4924c050efcb6b4d2d3b3190606981120b31e,glm-4.7-flash:q8_0,a035bf4bc812e1408631c2d2b14581b99dfe39f71d895aceb269b4a886080196,0.33.2,off,16384,12.26
3hop1__103180_214799_259594|clean,3hop1__103180_214799_259594,clean,none,,,,26,,diff,lossless,second,0,1,0,18,,,,evidence,none,1,1,1,0,4851,153,15711,580493953bfd9de6d0b2d1d8a4f1e43ab9de066daab1e45d308f79bb0263f1ee,6d9ca780190c48195f41b4735ebb401c218932466d56ecab3421dde1185bb5a9,glm-4.7-flash:q8_0,a035bf4bc812e1408631c2d2b14581b99dfe39f71d895aceb269b4a886080196,0.33.2,off,16384,15.69
3hop1__103180_214799_259594|clean,3hop1__103180_214799_259594,clean,none,,,,26,,prov,lossless,second,0,1,0,24,,,,evidence,none,1,0,1,0,4819,225,15226,168bfa490b87987c32e9abf27aba2b17c5b1e85904f1f25d9f267c0979b5b569,0007da6b49c23e94b2bbabb49836d6be85540484491f89098d870831680b9b10,glm-4.7-flash:q8_0,a035bf4bc812e1408631c2d2b14581b99dfe39f71d895aceb269b4a886080196,0.33.2,off,16384,18.47
3hop1__818422_160545_34751|clean,3hop1__818422_160545_34751,clean,none,,,,14,,log,lossless,second,0,1,0,6,,,,evidence,none,1,1,1,0,2153,230,5913,ba8b77f02b64574ea7e93ea62fa1fc123ccb9b7577129cf415e005a243f5b0a5,ebb27d7d32511cb70527e6029923a7061c1bc480ec13fff524e624cc36990adb,glm-4.7-flash:q8_0,a035bf4bc812e1408631c2d2b14581b99dfe39f71d895aceb269b4a886080196,0.33.2,off,16384,9.85
3hop1__818422_160545_34751|clean,3hop1__818422_160545_34751,clean,none,,,,14,,diff,lossless,second,0,1,0,,,,,none,none,0,0,1,0,2740,131,7914,580493953bfd9de6d0b2d1d8a4f1e43ab9de066daab1e45d308f79bb0263f1ee,7960232df81454513f05aae49483f1d8c059a1bb7134042be59bf078a490bbcc,glm-4.7-flash:q8_0,a035bf4bc812e1408631c2d2b14581b99dfe39f71d895aceb269b4a886080196,0.33.2,off,16384,8.29
3hop1__818422_160545_34751|clean,3hop1__818422_160545_34751,clean,none,,,,14,,prov,lossless,second,0,1,0,12,,,,evidence,none,1,1,1,0,2818,138,7925,168bfa490b87987c32e9abf27aba2b17c5b1e85904f1f25d9f267c0979b5b569,a7d7aa542f9713f1082fb9bd0d7c0714c99689bc30e95c51d77f422f9311fdb0,glm-4.7-flash:q8_0,a035bf4bc812e1408631c2d2b14581b99dfe39f71d895aceb269b4a886080196,0.33.2,off,16384,9.04
3hop1__742780_567566_84283|clean,3hop1__742780_567566_84283,clean,none,,,,20,,log,lossless,second,0,1,0,12,,,,evidence,none,1,0,1,0,3343,245,10530,ba8b77f02b64574ea7e93ea62fa1fc123ccb9b7577129cf415e005a243f5b0a5,9874d5c4b10bb276dbedb9e11d32d192249083a1f784d90c599db4de85fd7807,glm-4.7-flash:q8_0,a035bf4bc812e1408631c2d2b14581b99dfe39f71d895aceb269b4a886080196,0.33.2,off,16384,13.56
3hop1__742780_567566_84283|clean,3hop1__742780_567566_84283,clean,none,,,,20,,diff,lossless,second,0,1,0,18,,,,evidence,none,1,1,1,0,4445,202,14326,580493953bfd9de6d0b2d1d8a4f1e43ab9de066daab1e45d308f79bb0263f1ee,bc131c52cb6b8fe942f70b672c8de8bf838c017f274704e3d625124d57b7d035,glm-4.7-flash:q8_0,a035bf4bc812e1408631c2d2b14581b99dfe39f71d895aceb269b4a886080196,0.33.2,off,16384,15.5
3hop1__742780_567566_84283|clean,3hop1__742780_567566_84283,clean,none,,,,20,,prov,lossless,second,0,1,0,,,,,none,none,0,0,1,0,4268,164,13369,168bfa490b87987c32e9abf27aba2b17c5b1e85904f1f25d9f267c0979b5b569,13039fa489f437d2496d95da295e8e7a85b681a560682ec17f836c5b075a34f9,glm-4.7-flash:q8_0,a035bf4bc812e1408631c2d2b14581b99dfe39f71d895aceb269b4a886080196,0.33.2,off,16384,14.5
3hop1__796649_720914_41132|clean,3hop1__796649_720914_41132,clean,none,,,,20,,log,lossless,second,0,1,0,12,,,,evidence,none,1,1,1,0,3094,147,8846,ba8b77f02b64574ea7e93ea62fa1fc123ccb9b7577129cf415e005a243f5b0a5,b94131fb07d10062cc746279c21deef10a7c6940496a5c0e29cb5c4cfa971331,glm-4.7-flash:q8_0,a035bf4bc812e1408631c2d2b14581b99dfe39f71d895aceb269b4a886080196,0.33.2,off,16384,10.4
3hop1__796649_720914_41132|clean,3hop1__796649_720914_41132,clean,none,,,,20,,diff,lossless,second,0,1,0,12,,,,evidence,none,1,1,1,0,4080,139,11900,580493953bfd9de6d0b2d1d8a4f1e43ab9de066daab1e45d308f79bb0263f1ee,0f52390663847697965b42a076e776b0481963d74043405c0ec202a0c61767fe,glm-4.7-flash:q8_0,a035bf4bc812e1408631c2d2b14581b99dfe39f71d895aceb269b4a886080196,0.33.2,off,16384,12.45
3hop1__796649_720914_41132|clean,3hop1__796649_720914_41132,clean,none,,,,20,,prov,lossless,second,0,1,0,18,,,,evidence,none,1,1,1,0,4009,185,11575,168bfa490b87987c32e9abf27aba2b17c5b1e85904f1f25d9f267c0979b5b569,ade3ee9ead8a9e65e8b88bc5c85c71823ea80dbc9706ea7ec92ababbcec85df7,glm-4.7-flash:q8_0,a035bf4bc812e1408631c2d2b14581b99dfe39f71d895aceb269b4a886080196,0.33.2,off,16384,14.3
3hop1__273571_834494_34053|clean,3hop1__273571_834494_34053,clean,none,,,,14,,log,lossless,second,0,1,0,,,,,none,none,0,0,1,0,2400,199,6365,ba8b77f02b64574ea7e93ea62fa1fc123ccb9b7577129cf415e005a243f5b0a5,8afc7a8d3c7c75896b95b450555147fd492848a250e9e497614ed89a801d7a1f,glm-4.7-flash:q8_0,a035bf4bc812e1408631c2d2b14581b99dfe39f71d895aceb269b4a886080196,0.33.2,off,16384,9.63
3hop1__273571_834494_34053|clean,3hop1__273571_834494_34053,clean,none,,,,14,,diff,lossless,second,0,1,0,,,,,none,none,0,0,1,0,3162,131,8612,580493953bfd9de6d0b2d1d8a4f1e43ab9de066daab1e45d308f79bb0263f1ee,2e8a59d0aaf832f9b2925972a17239750a16c83e584577e528e5fe6fea786220,glm-4.7-flash:q8_0,a035bf4bc812e1408631c2d2b14581b99dfe39f71d895aceb269b4a886080196,0.33.2,off,16384,9.71
3hop1__273571_834494_34053|clean,3hop1__273571_834494_34053,clean,none,,,,14,,prov,lossless,second,0,1,0,12,,,,evidence,none,1,1,1,0,3051,176,8339,168bfa490b87987c32e9abf27aba2b17c5b1e85904f1f25d9f267c0979b5b569,8fcf469c965effd43319570cdcd9328f9657ffed7e8eb36ffd892ee270695c17,glm-4.7-flash:q8_0,a035bf4bc812e1408631c2d2b14581b99dfe39f71d895aceb269b4a886080196,0.33.2,off,16384,10.81
3hop1__222497_309482_80702|clean,3hop1__222497_309482_80702,clean,none,,,,20,,log,lossless,second,0,1,0,12,,,,evidence,none,1,0,1,0,3295,196,9243,ba8b77f02b64574ea7e93ea62fa1fc123ccb9b7577129cf415e005a243f5b0a5,6da3cb06460f6fcd0a87ee4dac28a927d641e82dbd88522a883db99bb59d36e5,glm-4.7-flash:q8_0,a035bf4bc812e1408631c2d2b14581b99dfe39f71d895aceb269b4a886080196,0.33.2,off,16384,12.09
3hop1__222497_309482_80702|clean,3hop1__222497_309482_80702,clean,none,,,,20,,diff,lossless,second,0,1,0,8,,,,tool,none,1,1,1,0,4470,136,12973,580493953bfd9de6d0b2d1d8a4f1e43ab9de066daab1e45d308f79bb0263f1ee,8c8d4dccb8f2bfcd58755522262c263bd187e49a0861e9709a93e56bffeeacfd,glm-4.7-flash:q8_0,a035bf4bc812e1408631c2d2b14581b99dfe39f71d895aceb269b4a886080196,0.33.2,off,16384,14.36
3hop1__222497_309482_80702|clean,3hop1__222497_309482_80702,clean,none,,,,20,,prov,lossless,second,0,1,0,,,,,none,none,0,0,1,0,4198,211,11975,168bfa490b87987c32e9abf27aba2b17c5b1e85904f1f25d9f267c0979b5b569,f9c34f63d831b5d5958b5f1be80db7aa7dbefa87506567220759665b6503d8a2,glm-4.7-flash:q8_0,a035bf4bc812e1408631c2d2b14581b99dfe39f71d895aceb269b4a886080196,0.33.2,off,16384,14.95
3hop1__337705_132457_47686|clean,3hop1__337705_132457_47686,clean,none,,,,20,,log,lossless,second,0,1,0,12,,,,evidence,none,1,0,1,0,2978,191,8987,ba8b77f02b64574ea7e93ea62fa1fc123ccb9b7577129cf415e005a243f5b0a5,c547b5c366330269e3d846fd23a5fc98ee5c20019d5b0b742cce043d1f5d7a26,glm-4.7-flash:q8_0,a035bf4bc812e1408631c2d2b14581b99dfe39f71d895aceb269b4a886080196,0.33.2,off,16384,11.4
3hop1__337705_132457_47686|clean,3hop1__337705_132457_47686,clean,none,,,,20,,diff,lossless,second,0,1,0,6,,,,evidence,none,1,0,1,0,3859,309,11888,580493953bfd9de6d0b2d1d8a4f1e43ab9de066daab1e45d308f79bb0263f1ee,160cccd79fe470a93f6a126239633e3d95d79f6ee6930de57feeb1e0c12b81c5,glm-4.7-flash:q8_0,a035bf4bc812e1408631c2d2b14581b99dfe39f71d895aceb269b4a886080196,0.33.2,off,16384,17.23
3hop1__337705_132457_47686|clean,3hop1__337705_132457_47686,clean,none,,,,20,,prov,lossless,second,0,1,0,20,,,,state,none,1,1,1,0,3904,218,11820,168bfa490b87987c32e9abf27aba2b17c5b1e85904f1f25d9f267c0979b5b569,f0402ca0775e255678652fb39d0ffb8346a24c562b519d8df3978b468e4c0c0c,glm-4.7-flash:q8_0,a035bf4bc812e1408631c2d2b14581b99dfe39f71d895aceb269b4a886080196,0.33.2,off,16384,15.08
3hop1__389069_132457_51423|clean,3hop1__389069_132457_51423,clean,none,,,,26,,log,lossless,second,0,1,0,18,,,,evidence,none,1,1,1,0,3667,213,11161,ba8b77f02b64574ea7e93ea62fa1fc123ccb9b7577129cf415e005a243f5b0a5,ed77355cf4f35244af8f500604a88fe041257825e2c77c7c0fc6d516ab41b087,glm-4.7-flash:q8_0,a035bf4bc812e1408631c2d2b14581b99dfe39f71d895aceb269b4a886080196,0.33.2,off,16384,13.53
3hop1__389069_132457_51423|clean,3hop1__389069_132457_51423,clean,none,,,,26,,diff,lossless,second,0,1,0,,,,,none,none,0,0,1,0,4843,498,14939,580493953bfd9de6d0b2d1d8a4f1e43ab9de066daab1e45d308f79bb0263f1ee,af17e11d474b9c780d8a94e298350b42227f5c2572db855b733b881d90b6f205,glm-4.7-flash:q8_0,a035bf4bc812e1408631c2d2b14581b99dfe39f71d895aceb269b4a886080196,0.33.2,off,16384,26.56
3hop1__389069_132457_51423|clean,3hop1__389069_132457_51423,clean,none,,,,26,,prov,lossless,second,0,1,0,18,,,,evidence,none,1,0,1,0,4799,265,14604,168bfa490b87987c32e9abf27aba2b17c5b1e85904f1f25d9f267c0979b5b569,7e51879c4238aa302bc1ee8baa867ca4320b933ae8c4bef3e5c4da8e918dc925,glm-4.7-flash:q8_0,a035bf4bc812e1408631c2d2b14581b99dfe39f71d895aceb269b4a886080196,0.33.2,off,16384,19.52
3hop1__654651_55349_651302|clean,3hop1__654651_55349_651302,clean,none,,,,20,,log,lossless,second,0,1,0,18,,,,evidence,none,1,0,1,0,2982,227,8774,ba8b77f02b64574ea7e93ea62fa1fc123ccb9b7577129cf415e005a243f5b0a5,1650a3b044e31a20216d0c5a1a4c5dbf3c6e591a50c2b85240d68859db2a25b6,glm-4.7-flash:q8_0,a035bf4bc812e1408631c2d2b14581b99dfe39f71d895aceb269b4a886080196,0.33.2,off,16384,12.57
3hop1__654651_55349_651302|clean,3hop1__654651_55349_651302,clean,none,,,,20,,diff,lossless,second,0,1,0,18,,,,evidence,none,1,1,1,0,3870,148,11577,580493953bfd9de6d0b2d1d8a4f1e43ab9de066daab1e45d308f79bb0263f1ee,1bf5532452714bcb4f1de000651085b27f947ed8c1080e3924918cdd16868874,glm-4.7-flash:q8_0,a035bf4bc812e1408631c2d2b14581b99dfe39f71d895aceb269b4a886080196,0.33.2,off,16384,12.9
3hop1__654651_55349_651302|clean,3hop1__654651_55349_651302,clean,none,,,,20,,prov,lossless,second,0,1,0,,,,,none,none,0,0,1,0,3891,131,11437,168bfa490b87987c32e9abf27aba2b17c5b1e85904f1f25d9f267c0979b5b569,3e4f34985a92f8c104cb89908766b5cced34c8fdc67259d25076b25e971b1b74,glm-4.7-flash:q8_0,a035bf4bc812e1408631c2d2b14581b99dfe39f71d895aceb269b4a886080196,0.33.2,off,16384,12.5
4hop1__608132_508773_85832_745702|clean,4hop1__608132_508773_85832_745702,clean,none,,,,26,,log,lossless,second,0,1,0,12,,,,evidence,none,1,0,1,0,3824,209,11737,ba8b77f02b64574ea7e93ea62fa1fc123ccb9b7577129cf415e005a243f5b0a5,0ba3068fecdc3af917464200ef45c1b0e5d6512996a325f3eb18586d09c578c1,glm-4.7-flash:q8_0,a035bf4bc812e1408631c2d2b14581b99dfe39f71d895aceb269b4a886080196,0.33.2,off,16384,13.82
4hop1__608132_508773_85832_745702|clean,4hop1__608132_508773_85832_745702,clean,none,,,,26,,diff,lossless,second,0,1,0,12,,,,evidence,none,1,1,1,0,4989,124,15438,580493953bfd9de6d0b2d1d8a4f1e43ab9de066daab1e45d308f79bb0263f1ee,a109be38ddf03016e9aae2745cada9da3465a156d32d04a06cab82821e2fc99f,glm-4.7-flash:q8_0,a035bf4bc812e1408631c2d2b14581b99dfe39f71d895aceb269b4a886080196,0.33.2,off,16384,16.04
4hop1__608132_508773_85832_745702|clean,4hop1__608132_508773_85832_745702,clean,none,,,,26,,prov,lossless,second,0,1,0,26,,,,tool,none,1,1,1,0,5032,251,15398,168bfa490b87987c32e9abf27aba2b17c5b1e85904f1f25d9f267c0979b5b569,777ca54be45977a461f3c0fa7c5af0b05ff3a6d554ecbae07d99a6ff8aae3b57,glm-4.7-flash:q8_0,a035bf4bc812e1408631c2d2b14581b99dfe39f71d895aceb269b4a886080196,0.33.2,off,16384,19.28
3hop1__273571_834494_34088|clean,3hop1__273571_834494_34088,clean,none,,,,20,,log,lossless,second,0,1,0,12,,,,evidence,none,1,0,1,0,2997,176,9191,ba8b77f02b64574ea7e93ea62fa1fc123ccb9b7577129cf415e005a243f5b0a5,8e6bc8a16cd1b80e76bc0a4e573dfa04b84332249cc04bd02d4071a9ac463bd3,glm-4.7-flash:q8_0,a035bf4bc812e1408631c2d2b14581b99dfe39f71d895aceb269b4a886080196,0.33.2,off,16384,11.14
3hop1__273571_834494_34088|clean,3hop1__273571_834494_34088,clean,none,,,,20,,diff,lossless,second,0,1,0,10,,,,tool,none,1,0,1,0,3828,367,11879,580493953bfd9de6d0b2d1d8a4f1e43ab9de066daab1e45d308f79bb0263f1ee,0606f0f6ab2257972d904f8ad18564b96cd9ec4fcef384807a06eb8425a1f9b0,glm-4.7-flash:q8_0,a035bf4bc812e1408631c2d2b14581b99dfe39f71d895aceb269b4a886080196,0.33.2,off,16384,18.94
3hop1__273571_834494_34088|clean,3hop1__273571_834494_34088,clean,none,,,,20,,prov,lossless,second,0,1,0,12,,,,evidence,none,1,1,1,0,3905,173,11960,168bfa490b87987c32e9abf27aba2b17c5b1e85904f1f25d9f267c0979b5b569,9523a5a3c2db157e296dba80c7a35f26683be8797bd5f826b83f3377c3124fa3,glm-4.7-flash:q8_0,a035bf4bc812e1408631c2d2b14581b99dfe39f71d895aceb269b4a886080196,0.33.2,off,16384,13.94
3hop1__813285_774554_124169|clean,3hop1__813285_774554_124169,clean,none,,,,26,,log,lossless,second,0,1,0,18,,,,evidence,none,1,0,1,0,4014,200,12039,ba8b77f02b64574ea7e93ea62fa1fc123ccb9b7577129cf415e005a243f5b0a5,031fe6d36d2e622fca53889d5b95b1b8f371e8842fe356b42a6afe3043d78220,glm-4.7-flash:q8_0,a035bf4bc812e1408631c2d2b14581b99dfe39f71d895aceb269b4a886080196,0.33.2,off,16384,14.12
3hop1__813285_774554_124169|clean,3hop1__813285_774554_124169,clean,none,,,,26,,diff,lossless,second,0,1,0,,,,,,none,1,0,0,0,5333,1024,16360,580493953bfd9de6d0b2d1d8a4f1e43ab9de066daab1e45d308f79bb0263f1ee,db13ef22d2ed0bb2e7d0278732179fd5b377622180fb82b61d296b0c2bfb4bd3,glm-4.7-flash:q8_0,a035bf4bc812e1408631c2d2b14581b99dfe39f71d895aceb269b4a886080196,0.33.2,off,16384,44.97
3hop1__813285_774554_124169|clean,3hop1__813285_774554_124169,clean,none,,,,26,,prov,lossless,second,0,1,0,18,,,,evidence,none,1,1,1,0,5160,200,15433,168bfa490b87987c32e9abf27aba2b17c5b1e85904f1f25d9f267c0979b5b569,79dbe253da722297c0345290fb92e361ab572796a38ce1ac566380dbc910ce34,glm-4.7-flash:q8_0,a035bf4bc812e1408631c2d2b14581b99dfe39f71d895aceb269b4a886080196,0.33.2,off,16384,18.28
3hop1__131820_59747_60748|clean,3hop1__131820_59747_60748,clean,none,,,,14,,log,lossless,second,0,1,0,8,,,,tool,none,1,0,1,0,2350,98,6591,ba8b77f02b64574ea7e93ea62fa1fc123ccb9b7577129cf415e005a243f5b0a5,c2325e5f18daecd2b19973c85cb000fe9fb70d3e0aa088f6fe84c9f4f7635a0d,glm-4.7-flash:q8_0,a035bf4bc812e1408631c2d2b14581b99dfe39f71d895aceb269b4a886080196,0.33.2,off,16384,6.36
3hop1__131820_59747_60748|clean,3hop1__131820_59747_60748,clean,none,,,,14,,diff,lossless,second,0,1,0,,,,,none,none,0,0,1,0,3053,132,9043,580493953bfd9de6d0b2d1d8a4f1e43ab9de066daab1e45d308f79bb0263f1ee,c2b3f0c889d1f89f0e9828494722d5d057313cbe9fd3679abc9e3a01b4c46b99,glm-4.7-flash:q8_0,a035bf4bc812e1408631c2d2b14581b99dfe39f71d895aceb269b4a886080196,0.33.2,off,16384,9.12
3hop1__131820_59747_60748|clean,3hop1__131820_59747_60748,clean,none,,,,14,,prov,lossless,second,0,1,0,12,,,,evidence,none,1,1,1,0,3028,174,8595,168bfa490b87987c32e9abf27aba2b17c5b1e85904f1f25d9f267c0979b5b569,9f609cda9e1c1eb6cf9e6cebe2b83741e67c916ffbc8642b4eacecf00b9dddcf,glm-4.7-flash:q8_0,a035bf4bc812e1408631c2d2b14581b99dfe39f71d895aceb269b4a886080196,0.33.2,off,16384,10.16
3hop1__401538_132457_47686|clean,3hop1__401538_132457_47686,clean,none,,,,20,,log,lossless,second,0,1,0,18,,,,evidence,none,1,0,1,0,2922,217,8784,ba8b77f02b64574ea7e93ea62fa1fc123ccb9b7577129cf415e005a243f5b0a5,67828dcf47ee827951d8a5bda37bdd17fc68701f922091d9c4cb8acb629ea4e1,glm-4.7-flash:q8_0,a035bf4bc812e1408631c2d2b14581b99dfe39f71d895aceb269b4a886080196,0.33.2,off,16384,11.81
3hop1__401538_132457_47686|clean,3hop1__401538_132457_47686,clean,none,,,,20,,diff,lossless,second,0,1,0,18,,,,evidence,none,1,1,1,0,3825,173,11766,580493953bfd9de6d0b2d1d8a4f1e43ab9de066daab1e45d308f79bb0263f1ee,41508fd5adc2055922b959d13adb4637352d8e41a7055c40753fdc82a6d3c187,glm-4.7-flash:q8_0,a035bf4bc812e1408631c2d2b14581b99dfe39f71d895aceb269b4a886080196,0.33.2,off,16384,13.37
3hop1__401538_132457_47686|clean,3hop1__401538_132457_47686,clean,none,,,,20,,prov,lossless,second,0,1,0,,,,,none,none,0,0,1,0,3811,105,11510,168bfa490b87987c32e9abf27aba2b17c5b1e85904f1f25d9f267c0979b5b569,f5432cede934b4aa0bc23468d9d4a656bc44ab25cdb030591e1234c81e886adb,glm-4.7-flash:q8_0,a035bf4bc812e1408631c2d2b14581b99dfe39f71d895aceb269b4a886080196,0.33.2,off,16384,11.6
4hop1__152562_5274_458768_33677|clean,4hop1__152562_5274_458768_33677,clean,none,,,,26,,log,lossless,second,0,1,0,12,,,,evidence,none,1,1,1,0,3852,199,12515,ba8b77f02b64574ea7e93ea62fa1fc123ccb9b7577129cf415e005a243f5b0a5,a7ea3abc74a1993adfecea7d551fd011fb119d4af261bbab056a5f3c32eb5a6b,glm-4.7-flash:q8_0,a035bf4bc812e1408631c2d2b14581b99dfe39f71d895aceb269b4a886080196,0.33.2,off,16384,13.69
4hop1__152562_5274_458768_33677|clean,4hop1__152562_5274_458768_33677,clean,none,,,,26,,diff,lossless,second,0,1,0,24,,,,evidence,none,1,1,1,0,5077,197,16610,580493953bfd9de6d0b2d1d8a4f1e43ab9de066daab1e45d308f79bb0263f1ee,8d3e472fa1d9ee136881d7c88c58132db21d5b7838883f4519d7888bd21e33f0,glm-4.7-flash:q8_0,a035bf4bc812e1408631c2d2b14581b99dfe39f71d895aceb269b4a886080196,0.33.2,off,16384,18.5
4hop1__152562_5274_458768_33677|clean,4hop1__152562_5274_458768_33677,clean,none,,,,26,,prov,lossless,second,0,1,0,,,,,,none,1,0,0,0,5065,1024,16298,168bfa490b87987c32e9abf27aba2b17c5b1e85904f1f25d9f267c0979b5b569,c28af480843e9ccb25cbae0696cf3c50cb65b309b212f29615ecd8940a21bd7a,glm-4.7-flash:q8_0,a035bf4bc812e1408631c2d2b14581b99dfe39f71d895aceb269b4a886080196,0.33.2,off,16384,41.79
3hop1__695430_831637_91775|clean,3hop1__695430_831637_91775,clean,none,,,,26,,log,lossless,second,0,1,0,12,,,,evidence,none,1,1,1,0,3719,204,10484,ba8b77f02b64574ea7e93ea62fa1fc123ccb9b7577129cf415e005a243f5b0a5,72fad365c77a145b9a8573f5ee5fb4aa8161dc4e5a29872eb0f9c4944a992b7d,glm-4.7-flash:q8_0,a035bf4bc812e1408631c2d2b14581b99dfe39f71d895aceb269b4a886080196,0.33.2,off,16384,13.16
3hop1__695430_831637_91775|clean,3hop1__695430_831637_91775,clean,none,,,,26,,diff,lossless,second,0,1,0,18,,,,evidence,none,1,1,1,0,4781,160,13690,580493953bfd9de6d0b2d1d8a4f1e43ab9de066daab1e45d308f79bb0263f1ee,1ef69111b05f991a2a8594a4c1626a4b355ff99093efa33c86606891a550246c,glm-4.7-flash:q8_0,a035bf4bc812e1408631c2d2b14581b99dfe39f71d895aceb269b4a886080196,0.33.2,off,16384,16.2
3hop1__695430_831637_91775|clean,3hop1__695430_831637_91775,clean,none,,,,26,,prov,lossless,second,0,1,0,22,,,,tool,none,1,0,1,0,4928,201,14070,168bfa490b87987c32e9abf27aba2b17c5b1e85904f1f25d9f267c0979b5b569,13c6265a4b0827381d2426c1a3d9c3fd1e87174db25f4bff5a52343bad4f471a,glm-4.7-flash:q8_0,a035bf4bc812e1408631c2d2b14581b99dfe39f71d895aceb269b4a886080196,0.33.2,off,16384,18.02
3hop1__226638_538202_84283|clean,3hop1__226638_538202_84283,clean,none,,,,26,,log,lossless,second,0,1,0,12,,,,evidence,none,1,1,1,0,3816,244,11791,ba8b77f02b64574ea7e93ea62fa1fc123ccb9b7577129cf415e005a243f5b0a5,867da64f40cfa3bb9e8ceac0dbd5cf877898cd771bcc394682ebc90064fbb7fc,glm-4.7-flash:q8_0,a035bf4bc812e1408631c2d2b14581b99dfe39f71d895aceb269b4a886080196,0.33.2,off,16384,14.5
3hop1__226638_538202_84283|clean,3hop1__226638_538202_84283,clean,none,,,,26,,diff,lossless,second,0,1,0,24,,,,evidence,none,1,1,1,0,4997,149,15590,580493953bfd9de6d0b2d1d8a4f1e43ab9de066daab1e45d308f79bb0263f1ee,8e1c4a2baf0f532f89cc618c0671af29c7c61ef1714e13b70bda29ed14ed0173,glm-4.7-flash:q8_0,a035bf4bc812e1408631c2d2b14581b99dfe39f71d895aceb269b4a886080196,0.33.2,off,16384,16.86
3hop1__226638_538202_84283|clean,3hop1__226638_538202_84283,clean,none,,,,26,,prov,lossless,second,0,1,0,,,,,none,none,0,0,1,0,4981,104,15321,168bfa490b87987c32e9abf27aba2b17c5b1e85904f1f25d9f267c0979b5b569,c1147805facd55cad265532e08f67a14c0179723097e27b3d122b037c6a2461d,glm-4.7-flash:q8_0,a035bf4bc812e1408631c2d2b14581b99dfe39f71d895aceb269b4a886080196,0.33.2,off,16384,15.4
3hop2__326964_7721_7713|clean,3hop2__326964_7721_7713,clean,none,,,,20,,log,lossless,second,0,1,0,,,,,none,none,0,0,1,0,3358,804,10334,ba8b77f02b64574ea7e93ea62fa1fc123ccb9b7577129cf415e005a243f5b0a5,6851ae6a1b28e8c4c0537e44c588fc6b61b8da0855f44c2fdedc0b8c273abeb5,glm-4.7-flash:q8_0,a035bf4bc812e1408631c2d2b14581b99dfe39f71d895aceb269b4a886080196,0.33.2,off,16384,28.3
3hop2__326964_7721_7713|clean,3hop2__326964_7721_7713,clean,none,,,,20,,diff,lossless,second,0,1,0,,,,,none,none,0,0,1,0,4504,140,14186,580493953bfd9de6d0b2d1d8a4f1e43ab9de066daab1e45d308f79bb0263f1ee,207badce7a0f6611f6a20b23eabb5df6b3b34d541f5b36343707911bf2fd0dbe,glm-4.7-flash:q8_0,a035bf4bc812e1408631c2d2b14581b99dfe39f71d895aceb269b4a886080196,0.33.2,off,16384,14.61
3hop2__326964_7721_7713|clean,3hop2__326964_7721_7713,clean,none,,,,20,,prov,lossless,second,0,1,0,,,,,,none,1,0,0,0,4292,1024,13184,168bfa490b87987c32e9abf27aba2b17c5b1e85904f1f25d9f267c0979b5b569,44e99e85b991f91cfd8e1eeb6db1cccd49a9d8c1686cfe4b314980caf27e1e56,glm-4.7-flash:q8_0,a035bf4bc812e1408631c2d2b14581b99dfe39f71d895aceb269b4a886080196,0.33.2,off,16384,37.83
3hop1__354480_834494_34099|clean,3hop1__354480_834494_34099,clean,none,,,,14,,log,lossless,second,0,1,0,8,,,,tool,none,1,0,1,0,2283,508,6597,ba8b77f02b64574ea7e93ea62fa1fc123ccb9b7577129cf415e005a243f5b0a5,23e557479aa1c884980e1c11e50dbcb17ce436619f12da0f6ff6b2b737b612f5,glm-4.7-flash:q8_0,a035bf4bc812e1408631c2d2b14581b99dfe39f71d895aceb269b4a886080196,0.33.2,off,16384,16.33
3hop1__354480_834494_34099|clean,3hop1__354480_834494_34099,clean,none,,,,14,,diff,lossless,second,0,1,0,,,,,none,none,0,0,1,0,2922,210,8727,580493953bfd9de6d0b2d1d8a4f1e43ab9de066daab1e45d308f79bb0263f1ee,83ae10178a2d8bfc40e2149b5f5afd0bf17a5df7afb41ac34474242d81e09e7f,glm-4.7-flash:q8_0,a035bf4bc812e1408631c2d2b14581b99dfe39f71d895aceb269b4a886080196,0.33.2,off,16384,11.09
3hop1__354480_834494_34099|clean,3hop1__354480_834494_34099,clean,none,,,,14,,prov,lossless,second,0,1,0,12,,,,evidence,none,1,1,1,0,2942,162,8645,168bfa490b87987c32e9abf27aba2b17c5b1e85904f1f25d9f267c0979b5b569,7039aad9a7350f3d30ebce44f3dac71022525ba85cb444691d1c847419bdf558,glm-4.7-flash:q8_0,a035bf4bc812e1408631c2d2b14581b99dfe39f71d895aceb269b4a886080196,0.33.2,off,16384,10.05
3hop1__454441_55349_651302|corrupted_output|14,3hop1__454441_55349_651302,corrupted_output,tool,search,14,2,38,0.368,log,lossless,second,0,0,0,18,14,0,0,evidence,tool,,1,1,0,5560,192,18658,ba8b77f02b64574ea7e93ea62fa1fc123ccb9b7577129cf415e005a243f5b0a5,7e34407f9b6ca89afc62bf03d48687d88cdd3705f772aec36a149ca43701a2c5,glm-4.7-flash:q8_0,a035bf4bc812e1408631c2d2b14581b99dfe39f71d895aceb269b4a886080196,0.33.2,off,16384,19.22
3hop1__454441_55349_651302|corrupted_output|14,3hop1__454441_55349_651302,corrupted_output,tool,search,14,2,38,0.368,diff,lossless,second,0,0,0,26,14,0,0,evidence,tool,,1,1,0,7204,225,24047,580493953bfd9de6d0b2d1d8a4f1e43ab9de066daab1e45d308f79bb0263f1ee,f531473228daa2f7099ef71d1e2555b24c0f4a19c1531bed1518d5a9890b9436,glm-4.7-flash:q8_0,a035bf4bc812e1408631c2d2b14581b99dfe39f71d895aceb269b4a886080196,0.33.2,off,16384,27.6
3hop1__454441_55349_651302|corrupted_output|14,3hop1__454441_55349_651302,corrupted_output,tool,search,14,2,38,0.368,prov,lossless,second,0,0,0,24,14,0,0,state,tool,,1,1,0,7122,206,23437,168bfa490b87987c32e9abf27aba2b17c5b1e85904f1f25d9f267c0979b5b569,86e379eb59d978b6508bcccc403b5fc39442095d29869ea75db54655067e36ca,glm-4.7-flash:q8_0,a035bf4bc812e1408631c2d2b14581b99dfe39f71d895aceb269b4a886080196,0.33.2,off,16384,26.71
3hop1__454441_55349_651302|dropped_note|6,3hop1__454441_55349_651302,dropped_note,state,write_note,6,0,20,0.3,log,lossless,second,0,0,0,6,6,1,1,state,state,,0,1,0,3024,125,9022,ba8b77f02b64574ea7e93ea62fa1fc123ccb9b7577129cf415e005a243f5b0a5,c8bcd4d37148ff3c279bbcd41a46b815d01aee42524126e658777db9c5cd6cb1,glm-4.7-flash:q8_0,a035bf4bc812e1408631c2d2b14581b99dfe39f71d895aceb269b4a886080196,0.33.2,off,16384,8.77
3hop1__454441_55349_651302|dropped_note|6,3hop1__454441_55349_651302,dropped_note,state,write_note,6,0,20,0.3,diff,lossless,second,0,0,0,18,6,0,0,evidence,state,,1,1,0,3944,160,12053,580493953bfd9de6d0b2d1d8a4f1e43ab9de066daab1e45d308f79bb0263f1ee,6f851d54f15e0600939c1d2c3512d6b239108312553bcb039b3dc20d794435fe,glm-4.7-flash:q8_0,a035bf4bc812e1408631c2d2b14581b99dfe39f71d895aceb269b4a886080196,0.33.2,off,16384,12.99
3hop1__454441_55349_651302|dropped_note|6,3hop1__454441_55349_651302,dropped_note,state,write_note,6,0,20,0.3,prov,lossless,second,0,0,0,14,6,0,0,tool,state,,0,1,0,3864,187,11543,168bfa490b87987c32e9abf27aba2b17c5b1e85904f1f25d9f267c0979b5b569,79de8a5f779ab66b2467eee2b907dc8e36dabe058fd6621538a992489c309208,glm-4.7-flash:q8_0,a035bf4bc812e1408631c2d2b14581b99dfe39f71d895aceb269b4a886080196,0.33.2,off,16384,13.08
3hop1__454441_55349_651302|no_source|6,3hop1__454441_55349_651302,no_source,evidence,write_note,6,0,20,0.3,log,lossless,second,0,0,0,6,6,1,1,evidence,evidence,,1,1,0,3036,188,9107,ba8b77f02b64574ea7e93ea62fa1fc123ccb9b7577129cf415e005a243f5b0a5,061e26e7457a97ef575d3862b96a6047c333ed7f8add963efe859fc27b603dae,glm-4.7-flash:q8_0,a035bf4bc812e1408631c2d2b14581b99dfe39f71d895aceb269b4a886080196,0.33.2,off,16384,9.37
3hop1__454441_55349_651302|no_source|6,3hop1__454441_55349_651302,no_source,evidence,write_note,6,0,20,0.3,diff,lossless,second,0,0,0,18,6,0,0,evidence,evidence,,1,1,0,3977,284,12210,580493953bfd9de6d0b2d1d8a4f1e43ab9de066daab1e45d308f79bb0263f1ee,44ff66f08fc68104e93f44e828c8687c4c3dc03eb323b9596ef1d7306039a4e3,glm-4.7-flash:q8_0,a035bf4bc812e1408631c2d2b14581b99dfe39f71d895aceb269b4a886080196,0.33.2,off,16384,13.97
3hop1__454441_55349_651302|no_source|6,3hop1__454441_55349_651302,no_source,evidence,write_note,6,0,20,0.3,prov,lossless,second,0,0,0,18,6,0,0,evidence,evidence,,1,1,0,3900,285,11686,168bfa490b87987c32e9abf27aba2b17c5b1e85904f1f25d9f267c0979b5b569,bc70e99fa387e403d7779e14e91f4d104bb9c31b5370b999b3a4f6ccd9e815c8,glm-4.7-flash:q8_0,a035bf4bc812e1408631c2d2b14581b99dfe39f71d895aceb269b4a886080196,0.33.2,off,16384,13.83
3hop1__454441_55349_651302|overwritten_note|18,3hop1__454441_55349_651302,overwritten_note,state,write_note,18,2,20,0.9,log,lossless,second,0,0,0,18,18,1,1,state,state,,1,1,0,3026,107,9057,ba8b77f02b64574ea7e93ea62fa1fc123ccb9b7577129cf415e005a243f5b0a5,2e988faae20ac3da4a391bb86e1da33572478fb1a51f05a818702cfffc0756df,glm-4.7-flash:q8_0,a035bf4bc812e1408631c2d2b14581b99dfe39f71d895aceb269b4a886080196,0.33.2,off,16384,5.05
3hop1__454441_55349_651302|overwritten_note|18,3hop1__454441_55349_651302,overwritten_note,state,write_note,18,2,20,0.9,diff,lossless,second,0,0,0,18,18,1,1,evidence,state,,1,1,0,3977,153,12170,580493953bfd9de6d0b2d1d8a4f1e43ab9de066daab1e45d308f79bb0263f1ee,fdad9202e4e16f085c9891fc7660795de8b65354c33e5577318b50666d03548f,glm-4.7-flash:q8_0,a035bf4bc812e1408631c2d2b14581b99dfe39f71d895aceb269b4a886080196,0.33.2,off,16384,7.89
3hop1__454441_55349_651302|overwritten_note|18,3hop1__454441_55349_651302,overwritten_note,state,write_note,18,2,20,0.9,prov,lossless,second,0,0,0,18,18,1,1,evidence,state,,1,1,0,3910,166,11701,168bfa490b87987c32e9abf27aba2b17c5b1e85904f1f25d9f267c0979b5b569,5ca5bf34097bde9061742308c829dc1092e6889e1f991484b69bc6c90922cff7,glm-4.7-flash:q8_0,a035bf4bc812e1408631c2d2b14581b99dfe39f71d895aceb269b4a886080196,0.33.2,off,16384,7.99
3hop1__454441_55349_651302|wrong_argument|10,3hop1__454441_55349_651302,wrong_argument,tool,read,10,1,20,0.5,log,lossless,second,0,0,0,12,10,0,1,evidence,tool,,1,1,0,3052,229,9211,ba8b77f02b64574ea7e93ea62fa1fc123ccb9b7577129cf415e005a243f5b0a5,e90ab207b478a27fdba1ef0fc34ccc302b8c8096c16c1995c21628b6bb1b9941,glm-4.7-flash:q8_0,a035bf4bc812e1408631c2d2b14581b99dfe39f71d895aceb269b4a886080196,0.33.2,off,16384,8.95
3hop1__454441_55349_651302|wrong_argument|10,3hop1__454441_55349_651302,wrong_argument,tool,read,10,1,20,0.5,diff,lossless,second,0,0,0,,10,0,0,,tool,,0,0,0,3983,1024,12296,580493953bfd9de6d0b2d1d8a4f1e43ab9de066daab1e45d308f79bb0263f1ee,c210c5119e1757a9761f04a17e897013396799a0405b06cf69c92cc2d19b8fbc,glm-4.7-flash:q8_0,a035bf4bc812e1408631c2d2b14581b99dfe39f71d895aceb269b4a886080196,0.33.2,off,16384,32.92
3hop1__454441_55349_651302|wrong_argument|10,3hop1__454441_55349_651302,wrong_argument,tool,read,10,1,20,0.5,prov,lossless,second,0,0,0,18,10,0,0,evidence,tool,,1,1,0,3957,160,11939,168bfa490b87987c32e9abf27aba2b17c5b1e85904f1f25d9f267c0979b5b569,1583efaea299582eb492b91a28e32353d03a23b4bd55f972582e2581310b2c06,glm-4.7-flash:q8_0,a035bf4bc812e1408631c2d2b14581b99dfe39f71d895aceb269b4a886080196,0.33.2,off,16384,8.99
3hop1__454441_55349_651302|wrong_source|18,3hop1__454441_55349_651302,wrong_source,evidence,write_note,18,2,20,0.9,log,lossless,second,0,0,0,18,18,1,1,evidence,evidence,,1,1,0,3033,179,9057,ba8b77f02b64574ea7e93ea62fa1fc123ccb9b7577129cf415e005a243f5b0a5,01d94632d7f1044a97a71042d3f0842dbe45ebac64c4eeb5c7479082be9ab000,glm-4.7-flash:q8_0,a035bf4bc812e1408631c2d2b14581b99dfe39f71d895aceb269b4a886080196,0.33.2,off,16384,7.63
3hop1__454441_55349_651302|wrong_source|18,3hop1__454441_55349_651302,wrong_source,evidence,write_note,18,2,20,0.9,diff,lossless,second,0,0,0,18,18,1,1,evidence,evidence,,1,1,0,3982,170,12170,580493953bfd9de6d0b2d1d8a4f1e43ab9de066daab1e45d308f79bb0263f1ee,c3133f657e997c4b572c33b94d6a5dc365355d1dff01e4f073c58b683ffcaa27,glm-4.7-flash:q8_0,a035bf4bc812e1408631c2d2b14581b99dfe39f71d895aceb269b4a886080196,0.33.2,off,16384,9.41
3hop1__454441_55349_651302|wrong_source|18,3hop1__454441_55349_651302,wrong_source,evidence,write_note,18,2,20,0.9,prov,lossless,second,0,0,0,18,18,1,1,evidence,evidence,,1,1,0,3932,151,11742,168bfa490b87987c32e9abf27aba2b17c5b1e85904f1f25d9f267c0979b5b569,cf05c6abd7a445972815119224d2c0eb73e252af7d65b2ce5c64d62c2ac1bda3,glm-4.7-flash:q8_0,a035bf4bc812e1408631c2d2b14581b99dfe39f71d895aceb269b4a886080196,0.33.2,off,16384,8.72
3hop1__836699_15840_36014|corrupted_output|4,3hop1__836699_15840_36014,corrupted_output,tool,read,4,0,14,0.286,log,lossless,second,0,0,0,6,4,0,1,evidence,tool,,1,1,0,2315,147,6906,ba8b77f02b64574ea7e93ea62fa1fc123ccb9b7577129cf415e005a243f5b0a5,7d9c87c02b961bdfd9a9613960d93dd7ae0169a90a13646845110d63c5b74c16,glm-4.7-flash:q8_0,a035bf4bc812e1408631c2d2b14581b99dfe39f71d895aceb269b4a886080196,0.33.2,off,16384,7.27
3hop1__836699_15840_36014|corrupted_output|4,3hop1__836699_15840_36014,corrupted_output,tool,read,4,0,14,0.286,diff,lossless,second,0,0,0,6,4,0,1,evidence,tool,,1,1,0,3060,138,9622,580493953bfd9de6d0b2d1d8a4f1e43ab9de066daab1e45d308f79bb0263f1ee,a7749b089445a990fc4e9e60264cf4e2b528190519c108a2bd70551d59801a1c,glm-4.7-flash:q8_0,a035bf4bc812e1408631c2d2b14581b99dfe39f71d895aceb269b4a886080196,0.33.2,off,16384,9.11
3hop1__836699_15840_36014|corrupted_output|4,3hop1__836699_15840_36014,corrupted_output,tool,read,4,0,14,0.286,prov,lossless,second,0,0,0,6,4,0,1,evidence,tool,,1,1,0,2962,172,8928,168bfa490b87987c32e9abf27aba2b17c5b1e85904f1f25d9f267c0979b5b569,3e2b8efc65eedf367250f5cc96153cf2bbb8f4d627b41b26e7b3ae12ba79532d,glm-4.7-flash:q8_0,a035bf4bc812e1408631c2d2b14581b99dfe39f71d895aceb269b4a886080196,0.33.2,off,16384,9.73
3hop1__836699_15840_36014|dropped_note|12,3hop1__836699_15840_36014,dropped_note,state,write_note,12,2,14,0.857,log,lossless,second,0,0,0,12,12,1,1,evidence,state,,1,1,0,2206,211,6541,ba8b77f02b64574ea7e93ea62fa1fc123ccb9b7577129cf415e005a243f5b0a5,9da7a20a0effa2d5983058d646c63b6a74e7ce1b6224b10beb15f2b7f328b3e9,glm-4.7-flash:q8_0,a035bf4bc812e1408631c2d2b14581b99dfe39f71d895aceb269b4a886080196,0.33.2,off,16384,7.7
3hop1__836699_15840_36014|dropped_note|12,3hop1__836699_15840_36014,dropped_note,state,write_note,12,2,14,0.857,diff,lossless,second,0,0,0,,12,0,0,none,state,,0,1,0,2843,146,8842,580493953bfd9de6d0b2d1d8a4f1e43ab9de066daab1e45d308f79bb0263f1ee,fc849c60ae565e7e3da1f8c45cb3602cc40ceb1e1e3ac0edf0d7a5e639925f27,glm-4.7-flash:q8_0,a035bf4bc812e1408631c2d2b14581b99dfe39f71d895aceb269b4a886080196,0.33.2,off,16384,7.47
3hop1__836699_15840_36014|dropped_note|12,3hop1__836699_15840_36014,dropped_note,state,write_note,12,2,14,0.857,prov,lossless,second,0,0,0,,12,0,0,none,state,,0,1,0,2758,121,8260,168bfa490b87987c32e9abf27aba2b17c5b1e85904f1f25d9f267c0979b5b569,01a0327a196c24642448e7d7d7b984178ae92a01c0f62dd8005fb08afd8e62cd,glm-4.7-flash:q8_0,a035bf4bc812e1408631c2d2b14581b99dfe39f71d895aceb269b4a886080196,0.33.2,off,16384,6.43
3hop1__836699_15840_36014|no_source|12,3hop1__836699_15840_36014,no_source,evidence,write_note,12,2,14,0.857,log,lossless,second,0,0,0,12,12,1,1,evidence,evidence,,1,1,0,2210,179,6574,ba8b77f02b64574ea7e93ea62fa1fc123ccb9b7577129cf415e005a243f5b0a5,f8a195756820bd17fcfc9b25fc5902945e2265aed7033f9a1d990bd34e732f98,glm-4.7-flash:q8_0,a035bf4bc812e1408631c2d2b14581b99dfe39f71d895aceb269b4a886080196,0.33.2,off,16384,4.86
3hop1__836699_15840_36014|no_source|12,3hop1__836699_15840_36014,no_source,evidence,write_note,12,2,14,0.857,diff,lossless,second,0,0,0,12,12,1,1,evidence,evidence,,1,1,0,2879,157,9005,580493953bfd9de6d0b2d1d8a4f1e43ab9de066daab1e45d308f79bb0263f1ee,7fda34cfa0a5743379920df765bbd3318e105e156de38b097ec54b02afe7a857,glm-4.7-flash:q8_0,a035bf4bc812e1408631c2d2b14581b99dfe39f71d895aceb269b4a886080196,0.33.2,off,16384,4.76
3hop1__836699_15840_36014|no_source|12,3hop1__836699_15840_36014,no_source,evidence,write_note,12,2,14,0.857,prov,lossless,second,0,0,0,12,12,1,1,evidence,evidence,,1,1,0,2831,190,8530,168bfa490b87987c32e9abf27aba2b17c5b1e85904f1f25d9f267c0979b5b569,20c1ed663a83cb8776c852c4db8947b86abb49a75cc39555f0fe415a64712c5f,glm-4.7-flash:q8_0,a035bf4bc812e1408631c2d2b14581b99dfe39f71d895aceb269b4a886080196,0.33.2,off,16384,5.69
3hop1__836699_15840_36014|overwritten_note|12,3hop1__836699_15840_36014,overwritten_note,state,write_note,12,1,14,0.857,log,lossless,second,0,0,0,12,12,1,1,state,state,,1,1,0,2219,260,6593,ba8b77f02b64574ea7e93ea62fa1fc123ccb9b7577129cf415e005a243f5b0a5,0a61a58b7bc6ddfec7033a15e038bee79386607513257412e47a0100fd73e028,glm-4.7-flash:q8_0,a035bf4bc812e1408631c2d2b14581b99dfe39f71d895aceb269b4a886080196,0.33.2,off,16384,6.9
3hop1__836699_15840_36014|overwritten_note|12,3hop1__836699_15840_36014,overwritten_note,state,write_note,12,1,14,0.857,diff,lossless,second,0,0,0,12,12,1,1,state,state,,1,1,0,2898,149,9034,580493953bfd9de6d0b2d1d8a4f1e43ab9de066daab1e45d308f79bb0263f1ee,d252d432fd99391dd0d850ccb213424509988b263595fe6cea100c247471c74e,glm-4.7-flash:q8_0,a035bf4bc812e1408631c2d2b14581b99dfe39f71d895aceb269b4a886080196,0.33.2,off,16384,4.66
3hop1__836699_15840_36014|overwritten_note|12,3hop1__836699_15840_36014,overwritten_note,state,write_note,12,1,14,0.857,prov,lossless,second,0,0,0,12,12,1,1,state,state,,1,1,0,2849,139,8577,168bfa490b87987c32e9abf27aba2b17c5b1e85904f1f25d9f267c0979b5b569,45263485ce2b79642ba4fa889f274c732801abd3f9161e6de0ae5e91f832fbd4,glm-4.7-flash:q8_0,a035bf4bc812e1408631c2d2b14581b99dfe39f71d895aceb269b4a886080196,0.33.2,off,16384,4.44
3hop1__836699_15840_36014|wrong_argument|8,3hop1__836699_15840_36014,wrong_argument,tool,search,8,1,18,0.444,log,lossless,second,0,0,0,18,8,0,0,tool,tool,,1,1,0,2785,414,8814,ba8b77f02b64574ea7e93ea62fa1fc123ccb9b7577129cf415e005a243f5b0a5,d43ae6b3c25895acc8b672e9c2157aa654e938e8f0eb9a3caadec3500d1ac80e,glm-4.7-flash:q8_0,a035bf4bc812e1408631c2d2b14581b99dfe39f71d895aceb269b4a886080196,0.33.2,off,16384,14.05
3hop1__836699_15840_36014|wrong_argument|8,3hop1__836699_15840_36014,wrong_argument,tool,search,8,1,18,0.444,diff,lossless,second,0,0,0,,8,0,0,none,tool,,0,1,0,3551,145,11493,580493953bfd9de6d0b2d1d8a4f1e43ab9de066daab1e45d308f79bb0263f1ee,4015e6956dcd886ded97089c05652349d95cc4ef864ec8b13d014878143110c5,glm-4.7-flash:q8_0,a035bf4bc812e1408631c2d2b14581b99dfe39f71d895aceb269b4a886080196,0.33.2,off,16384,8.65
3hop1__836699_15840_36014|wrong_argument|8,3hop1__836699_15840_36014,wrong_argument,tool,search,8,1,18,0.444,prov,lossless,second,0,0,0,8,8,1,1,tool,tool,,0,1,0,3538,185,11190,168bfa490b87987c32e9abf27aba2b17c5b1e85904f1f25d9f267c0979b5b569,27f00e3006ec540aa6ac7ea5380f925b17211c88e02c2920f4c6a9d8fa5b6b88,glm-4.7-flash:q8_0,a035bf4bc812e1408631c2d2b14581b99dfe39f71d895aceb269b4a886080196,0.33.2,off,16384,9.58
3hop1__836699_15840_36014|wrong_source|12,3hop1__836699_15840_36014,wrong_source,evidence,write_note,12,1,14,0.857,log,lossless,second,0,0,0,12,12,1,1,evidence,evidence,,1,1,0,2225,160,6594,ba8b77f02b64574ea7e93ea62fa1fc123ccb9b7577129cf415e005a243f5b0a5,f331d4d40c15d88869075a9b16c0e7b84ddb1cd2c02c3906021480efa6550266,glm-4.7-flash:q8_0,a035bf4bc812e1408631c2d2b14581b99dfe39f71d895aceb269b4a886080196,0.33.2,off,16384,5.8
3hop1__836699_15840_36014|wrong_source|12,3hop1__836699_15840_36014,wrong_source,evidence,write_note,12,1,14,0.857,diff,lossless,second,0,0,0,12,12,1,1,evidence,evidence,,1,1,0,2901,144,9035,580493953bfd9de6d0b2d1d8a4f1e43ab9de066daab1e45d308f79bb0263f1ee,00100ab872cb0e4b06ea783b4db277cbee3b151becf40491929e2389e68a43fe,glm-4.7-flash:q8_0,a035bf4bc812e1408631c2d2b14581b99dfe39f71d895aceb269b4a886080196,0.33.2,off,16384,6.74
3hop1__836699_15840_36014|wrong_source|12,3hop1__836699_15840_36014,wrong_source,evidence,write_note,12,1,14,0.857,prov,lossless,second,0,0,0,12,12,1,1,evidence,evidence,,1,1,0,2873,154,8626,168bfa490b87987c32e9abf27aba2b17c5b1e85904f1f25d9f267c0979b5b569,9c206a535c3e3e52f4f3ca4bcbae5e35e152e720020cabd292f32562bd270e4e,glm-4.7-flash:q8_0,a035bf4bc812e1408631c2d2b14581b99dfe39f71d895aceb269b4a886080196,0.33.2,off,16384,6.84
3hop1__19768_19788_10117|corrupted_output|8,3hop1__19768_19788_10117,corrupted_output,tool,search,8,2,20,0.4,log,lossless,second,0,0,0,12,8,0,0,evidence,tool,,1,1,0,3018,189,9419,ba8b77f02b64574ea7e93ea62fa1fc123ccb9b7577129cf415e005a243f5b0a5,ff8a221dff1ce41a9e47222b3c17668867d6f1a1c8011fc1b9a9f27675fba9cc,glm-4.7-flash:q8_0,a035bf4bc812e1408631c2d2b14581b99dfe39f71d895aceb269b4a886080196,0.33.2,off,16384,10.39
3hop1__19768_19788_10117|corrupted_output|8,3hop1__19768_19788_10117,corrupted_output,tool,search,8,2,20,0.4,diff,lossless,second,0,0,0,,8,0,0,none,tool,,0,1,0,3924,124,12491,580493953bfd9de6d0b2d1d8a4f1e43ab9de066daab1e45d308f79bb0263f1ee,83acf4c723a77847ab531ef035c0ee1fbcdd219288d00f11371c1ec8f23cf252,glm-4.7-flash:q8_0,a035bf4bc812e1408631c2d2b14581b99dfe39f71d895aceb269b4a886080196,0.33.2,off,16384,11.92
3hop1__19768_19788_10117|corrupted_output|8,3hop1__19768_19788_10117,corrupted_output,tool,search,8,2,20,0.4,prov,lossless,second,0,0,0,14,8,0,0,tool,tool,,0,1,0,3951,162,12312,168bfa490b87987c32e9abf27aba2b17c5b1e85904f1f25d9f267c0979b5b569,6cf80d06766ef9578523823a0d6bf8480502b303fac78d40b77c4615710c7d17,glm-4.7-flash:q8_0,a035bf4bc812e1408631c2d2b14581b99dfe39f71d895aceb269b4a886080196,0.33.2,off,16384,12.63
3hop1__19768_19788_10117|dropped_note|12,3hop1__19768_19788_10117,dropped_note,state,write_note,12,2,14,0.857,log,lossless,second,0,0,0,,12,0,0,,state,,0,0,0,2159,1024,6051,ba8b77f02b64574ea7e93ea62fa1fc123ccb9b7577129cf415e005a243f5b0a5,e1dc7c3579cd888ec79dc5ac57f53b2874f3894c703315bf6315ad29f75de003,glm-4.7-flash:q8_0,a035bf4bc812e1408631c2d2b14581b99dfe39f71d895aceb269b4a886080196,0.33.2,off,16384,28.05
3hop1__19768_19788_10117|dropped_note|12,3hop1__19768_19788_10117,dropped_note,state,write_note,12,2,14,0.857,diff,lossless,second,0,0,0,12,12,1,1,evidence,state,,1,1,0,2703,168,7884,580493953bfd9de6d0b2d1d8a4f1e43ab9de066daab1e45d308f79bb0263f1ee,ac9fe5f8fe78b257e47784a78376d169d396256bee2cc5c140e6d87f39608f2a,glm-4.7-flash:q8_0,a035bf4bc812e1408631c2d2b14581b99dfe39f71d895aceb269b4a886080196,0.33.2,off,16384,6.55
3hop1__19768_19788_10117|dropped_note|12,3hop1__19768_19788_10117,dropped_note,state,write_note,12,2,14,0.857,prov,lossless,second,0,0,0,12,12,1,1,evidence,state,,0,1,0,2726,158,7815,168bfa490b87987c32e9abf27aba2b17c5b1e85904f1f25d9f267c0979b5b569,8ec4c57510b64f8aa2823c2bb12eb6b7d842aa41df47d6cda3d22c63cf9164f9,glm-4.7-flash:q8_0,a035bf4bc812e1408631c2d2b14581b99dfe39f71d895aceb269b4a886080196,0.33.2,off,16384,6.25
3hop1__19768_19788_10117|no_source|12,3hop1__19768_19788_10117,no_source,evidence,write_note,12,2,14,0.857,log,lossless,second,0,0,0,12,12,1,1,state,evidence,,1,1,0,2167,110,6092,ba8b77f02b64574ea7e93ea62fa1fc123ccb9b7577129cf415e005a243f5b0a5,a2cbb591098640368ede5dcafef29f862098ef7511bd65ca2fd23b7b764cc85f,glm-4.7-flash:q8_0,a035bf4bc812e1408631c2d2b14581b99dfe39f71d895aceb269b4a886080196,0.33.2,off,16384,3.29
3hop1__19768_19788_10117|no_source|12,3hop1__19768_19788_10117,no_source,evidence,write_note,12,2,14,0.857,diff,lossless,second,0,0,0,12,12,1,1,evidence,evidence,,1,1,0,2739,152,8014,580493953bfd9de6d0b2d1d8a4f1e43ab9de066daab1e45d308f79bb0263f1ee,ffb3be8a1d8b7b501ec10924788c84b9c00e2e54d7c72148776d770a04e991eb,glm-4.7-flash:q8_0,a035bf4bc812e1408631c2d2b14581b99dfe39f71d895aceb269b4a886080196,0.33.2,off,16384,4.68
3hop1__19768_19788_10117|no_source|12,3hop1__19768_19788_10117,no_source,evidence,write_note,12,2,14,0.857,prov,lossless,second,0,0,0,12,12,1,1,evidence,evidence,,1,1,0,2811,184,8076,168bfa490b87987c32e9abf27aba2b17c5b1e85904f1f25d9f267c0979b5b569,38fbdd3a88954aa17724ab2b22819c6948a2e148a3302eb966d88e7a5df7586c,glm-4.7-flash:q8_0,a035bf4bc812e1408631c2d2b14581b99dfe39f71d895aceb269b4a886080196,0.33.2,off,16384,5.61
3hop1__19768_19788_10117|overwritten_note|12,3hop1__19768_19788_10117,overwritten_note,state,write_note,12,1,14,0.857,log,lossless,second,0,0,0,12,12,1,1,state,state,,1,1,0,2175,134,6109,ba8b77f02b64574ea7e93ea62fa1fc123ccb9b7577129cf415e005a243f5b0a5,d64c8ac75caaae33a3b97adf426738b0adae71b81f9391f6bef0bf1bda96380b,glm-4.7-flash:q8_0,a035bf4bc812e1408631c2d2b14581b99dfe39f71d895aceb269b4a886080196,0.33.2,off,16384,3.85
3hop1__19768_19788_10117|overwritten_note|12,3hop1__19768_19788_10117,overwritten_note,state,write_note,12,1,14,0.857,diff,lossless,second,0,0,0,12,12,1,1,state,state,,1,1,0,2757,247,8041,580493953bfd9de6d0b2d1d8a4f1e43ab9de066daab1e45d308f79bb0263f1ee,c47a30d6e8698c74a86f0f0b81a22a72e4fcc401227894de1e86a573a9d8ceef,glm-4.7-flash:q8_0,a035bf4bc812e1408631c2d2b14581b99dfe39f71d895aceb269b4a886080196,0.33.2,off,16384,7.14
3hop1__19768_19788_10117|overwritten_note|12,3hop1__19768_19788_10117,overwritten_note,state,write_note,12,1,14,0.857,prov,lossless,second,0,0,0,12,12,1,1,tool,state,,0,1,0,2825,567,8115,168bfa490b87987c32e9abf27aba2b17c5b1e85904f1f25d9f267c0979b5b569,25761d22d7f4556a363234f2446cf68ec908ab2e834eca2a95b0938dae148b0b,glm-4.7-flash:q8_0,a035bf4bc812e1408631c2d2b14581b99dfe39f71d895aceb269b4a886080196,0.33.2,off,16384,15.64
3hop1__19768_19788_10117|wrong_argument|4,3hop1__19768_19788_10117,wrong_argument,tool,read,4,0,20,0.2,log,lossless,second,0,0,0,6,4,0,1,evidence,tool,,0,1,0,2999,235,9380,ba8b77f02b64574ea7e93ea62fa1fc123ccb9b7577129cf415e005a243f5b0a5,982f3cd7ed2e655cee95b75f1596d2ee22f2c5aa2698b2ea7acfc6e64e7a9b64,glm-4.7-flash:q8_0,a035bf4bc812e1408631c2d2b14581b99dfe39f71d895aceb269b4a886080196,0.33.2,off,16384,10.5
3hop1__19768_19788_10117|wrong_argument|4,3hop1__19768_19788_10117,wrong_argument,tool,read,4,0,20,0.2,diff,lossless,second,0,0,0,,4,0,0,none,tool,,0,1,0,3971,102,12930,580493953bfd9de6d0b2d1d8a4f1e43ab9de066daab1e45d308f79bb0263f1ee,3d60eb5f458723f362596afa3f755ca097a9ec2a399e7de0e4451eaeac618382,glm-4.7-flash:q8_0,a035bf4bc812e1408631c2d2b14581b99dfe39f71d895aceb269b4a886080196,0.33.2,off,16384,9.93
3hop1__19768_19788_10117|wrong_argument|4,3hop1__19768_19788_10117,wrong_argument,tool,read,4,0,20,0.2,prov,lossless,second,0,0,0,,4,0,0,none,tool,,0,1,0,3883,94,12114,168bfa490b87987c32e9abf27aba2b17c5b1e85904f1f25d9f267c0979b5b569,3bc0d97e04b3bd93319f8faf100ad2cfb17966ddb9076ba7bfbc1b4866882419,glm-4.7-flash:q8_0,a035bf4bc812e1408631c2d2b14581b99dfe39f71d895aceb269b4a886080196,0.33.2,off,16384,9.27
3hop1__19768_19788_10117|wrong_source|12,3hop1__19768_19788_10117,wrong_source,evidence,write_note,12,1,14,0.857,log,lossless,second,0,0,0,12,12,1,1,evidence,evidence,,0,1,0,2195,167,6139,ba8b77f02b64574ea7e93ea62fa1fc123ccb9b7577129cf415e005a243f5b0a5,d56503347cd712b30f6b70f8cf4089ac605069e51d5bdc995ec8e1200633aa7a,glm-4.7-flash:q8_0,a035bf4bc812e1408631c2d2b14581b99dfe39f71d895aceb269b4a886080196,0.33.2,off,16384,6.63
3hop1__19768_19788_10117|wrong_source|12,3hop1__19768_19788_10117,wrong_source,evidence,write_note,12,1,14,0.857,diff,lossless,second,0,0,0,12,12,1,1,evidence,evidence,,1,1,0,2776,144,8071,580493953bfd9de6d0b2d1d8a4f1e43ab9de066daab1e45d308f79bb0263f1ee,bb2c99711497a1dbf8fc4126cc3961cc661e73037fbb6e62f225b3979d984c0f,glm-4.7-flash:q8_0,a035bf4bc812e1408631c2d2b14581b99dfe39f71d895aceb269b4a886080196,0.33.2,off,16384,7.47
3hop1__19768_19788_10117|wrong_source|12,3hop1__19768_19788_10117,wrong_source,evidence,write_note,12,1,14,0.857,prov,lossless,second,0,0,0,12,12,1,1,evidence,evidence,,1,1,0,2872,152,8207,168bfa490b87987c32e9abf27aba2b17c5b1e85904f1f25d9f267c0979b5b569,86f479738071f0fed00d50327aef7f92637918d6862d366c3f521b6b18b750d0,glm-4.7-flash:q8_0,a035bf4bc812e1408631c2d2b14581b99dfe39f71d895aceb269b4a886080196,0.33.2,off,16384,7.67
3hop2__855821_467331_162182|corrupted_output|16,3hop2__855821_467331_162182,corrupted_output,tool,read,16,2,38,0.421,log,lossless,second,0,0,0,18,16,0,1,evidence,tool,,1,1,0,5013,190,16737,ba8b77f02b64574ea7e93ea62fa1fc123ccb9b7577129cf415e005a243f5b0a5,a214cefc0f30036bfcc2e03d814655be3db6fb3bf89e6be24788cd19731741fa,glm-4.7-flash:q8_0,a035bf4bc812e1408631c2d2b14581b99dfe39f71d895aceb269b4a886080196,0.33.2,off,16384,17.1
3hop2__855821_467331_162182|corrupted_output|16,3hop2__855821_467331_162182,corrupted_output,tool,read,16,2,38,0.421,diff,lossless,second,0,0,0,38,16,0,0,none,tool,,0,1,0,6394,101,21098,580493953bfd9de6d0b2d1d8a4f1e43ab9de066daab1e45d308f79bb0263f1ee,d296e8ef409cf2e1273408b0f0dcae3af8ccf19c8d0acac8e1996d675354e8f0,glm-4.7-flash:q8_0,a035bf4bc812e1408631c2d2b14581b99dfe39f71d895aceb269b4a886080196,0.33.2,off,16384,20.03
3hop2__855821_467331_162182|corrupted_output|16,3hop2__855821_467331_162182,corrupted_output,tool,read,16,2,38,0.421,prov,lossless,second,0,0,0,38,16,0,0,tool,tool,,0,1,0,6465,146,21221,168bfa490b87987c32e9abf27aba2b17c5b1e85904f1f25d9f267c0979b5b569,24a86a723ece963364eb198e930f979acec28db9c4f89bfbb8937147e20ed1bc,glm-4.7-flash:q8_0,a035bf4bc812e1408631c2d2b14581b99dfe39f71d895aceb269b4a886080196,0.33.2,off,16384,21.75
3hop2__855821_467331_162182|dropped_note|6,3hop2__855821_467331_162182,dropped_note,state,write_note,6,0,20,0.3,log,lossless,second,0,0,0,,6,0,0,none,state,,0,1,0,3130,147,9694,ba8b77f02b64574ea7e93ea62fa1fc123ccb9b7577129cf415e005a243f5b0a5,b7f0af219e2b243d42807e4ba38ff68a45da78f94aa9e0cd01f0ed747dffb616,glm-4.7-flash:q8_0,a035bf4bc812e1408631c2d2b14581b99dfe39f71d895aceb269b4a886080196,0.33.2,off,16384,8.17
3hop2__855821_467331_162182|dropped_note|6,3hop2__855821_467331_162182,dropped_note,state,write_note,6,0,20,0.3,diff,lossless,second,0,0,0,18,6,0,0,state,state,,1,1,0,3998,209,12611,580493953bfd9de6d0b2d1d8a4f1e43ab9de066daab1e45d308f79bb0263f1ee,c51417abfe694b108a407ddce480fc30a97928875034778c71921154eb203627,glm-4.7-flash:q8_0,a035bf4bc812e1408631c2d2b14581b99dfe39f71d895aceb269b4a886080196,0.33.2,off,16384,14.48
3hop2__855821_467331_162182|dropped_note|6,3hop2__855821_467331_162182,dropped_note,state,write_note,6,0,20,0.3,prov,lossless,second,0,0,0,18,6,0,0,evidence,state,,0,1,0,3976,246,12301,168bfa490b87987c32e9abf27aba2b17c5b1e85904f1f25d9f267c0979b5b569,52fb25fe911cba99ea8a01ff70bdb24806ef857123dc27fa1da5d8f4688d572c,glm-4.7-flash:q8_0,a035bf4bc812e1408631c2d2b14581b99dfe39f71d895aceb269b4a886080196,0.33.2,off,16384,15.49
3hop2__855821_467331_162182|no_source|6,3hop2__855821_467331_162182,no_source,evidence,write_note,6,0,20,0.3,log,lossless,second,0,0,0,12,6,0,0,evidence,evidence,,1,1,0,3129,253,9765,ba8b77f02b64574ea7e93ea62fa1fc123ccb9b7577129cf415e005a243f5b0a5,cc51ca6cebab43fbcac13e1e3dff284d34ea36df02430adebdacd51e574706bb,glm-4.7-flash:q8_0,a035bf4bc812e1408631c2d2b14581b99dfe39f71d895aceb269b4a886080196,0.33.2,off,16384,11.02
3hop2__855821_467331_162182|no_source|6,3hop2__855821_467331_162182,no_source,evidence,write_note,6,0,20,0.3,diff,lossless,second,0,0,0,6,6,1,1,evidence,evidence,,1,1,0,4023,273,12786,580493953bfd9de6d0b2d1d8a4f1e43ab9de066daab1e45d308f79bb0263f1ee,bb31200a56ea30c91ed3654caec1d8ef9b242ffe7ac978d2983e5ced67b4aeeb,glm-4.7-flash:q8_0,a035bf4bc812e1408631c2d2b14581b99dfe39f71d895aceb269b4a886080196,0.33.2,off,16384,13.9
3hop2__855821_467331_162182|no_source|6,3hop2__855821_467331_162182,no_source,evidence,write_note,6,0,20,0.3,prov,lossless,second,0,0,0,6,6,1,1,evidence,evidence,,0,1,0,4015,317,12504,168bfa490b87987c32e9abf27aba2b17c5b1e85904f1f25d9f267c0979b5b569,31b7a4e25b7839e53d0cb67de6d47d45f886b890b74f9061c7e05e484c4b367a,glm-4.7-flash:q8_0,a035bf4bc812e1408631c2d2b14581b99dfe39f71d895aceb269b4a886080196,0.33.2,off,16384,15.07
3hop2__855821_467331_162182|overwritten_note|18,3hop2__855821_467331_162182,overwritten_note,state,write_note,18,2,20,0.9,log,lossless,second,0,0,0,18,18,1,1,state,state,,1,1,0,3136,133,9740,ba8b77f02b64574ea7e93ea62fa1fc123ccb9b7577129cf415e005a243f5b0a5,025b2f5e8cfe7e800c03c22643ee96ac185f1c8e5681c63ed439dfaca737b2a8,glm-4.7-flash:q8_0,a035bf4bc812e1408631c2d2b14581b99dfe39f71d895aceb269b4a886080196,0.33.2,off,16384,7.74
3hop2__855821_467331_162182|overwritten_note|18,3hop2__855821_467331_162182,overwritten_note,state,write_note,18,2,20,0.9,diff,lossless,second,0,0,0,18,18,1,1,state,state,,1,1,0,4045,176,12792,580493953bfd9de6d0b2d1d8a4f1e43ab9de066daab1e45d308f79bb0263f1ee,485de916dc8a3a94c2890a85ddf56d0274d2d343110e9defaabde1f358cf3d07,glm-4.7-flash:q8_0,a035bf4bc812e1408631c2d2b14581b99dfe39f71d895aceb269b4a886080196,0.33.2,off,16384,6.95
3hop2__855821_467331_162182|overwritten_note|18,3hop2__855821_467331_162182,overwritten_note,state,write_note,18,2,20,0.9,prov,lossless,second,0,0,0,18,18,1,1,evidence,state,,1,1,0,4045,234,12552,168bfa490b87987c32e9abf27aba2b17c5b1e85904f1f25d9f267c0979b5b569,35cecee98fa2c6d3ab80dfadef637edcca7ea3c7fe94c8e3af4cf07bb59ad5ef,glm-4.7-flash:q8_0,a035bf4bc812e1408631c2d2b14581b99dfe39f71d895aceb269b4a886080196,0.33.2,off,16384,8.32
3hop2__855821_467331_162182|wrong_argument|14,3hop2__855821_467331_162182,wrong_argument,tool,search,14,2,38,0.368,log,lossless,second,0,0,0,22,14,0,0,evidence,tool,,1,1,0,4406,206,14702,ba8b77f02b64574ea7e93ea62fa1fc123ccb9b7577129cf415e005a243f5b0a5,db32752a5034bf75f07c54789549a227311a2bf08d6684ebcbe1ae08c7d6508f,glm-4.7-flash:q8_0,a035bf4bc812e1408631c2d2b14581b99dfe39f71d895aceb269b4a886080196,0.33.2,off,16384,11.97
3hop2__855821_467331_162182|wrong_argument|14,3hop2__855821_467331_162182,wrong_argument,tool,search,14,2,38,0.368,diff,lossless,second,0,0,0,18,14,0,0,tool,tool,,0,1,0,5703,269,18803,580493953bfd9de6d0b2d1d8a4f1e43ab9de066daab1e45d308f79bb0263f1ee,5d3602c926e8d5eb97fa4bba46d95e1567b53ad3f6e750a5a96767e512e2902c,glm-4.7-flash:q8_0,a035bf4bc812e1408631c2d2b14581b99dfe39f71d895aceb269b4a886080196,0.33.2,off,16384,17.33
3hop2__855821_467331_162182|wrong_argument|14,3hop2__855821_467331_162182,wrong_argument,tool,search,14,2,38,0.368,prov,lossless,second,0,0,0,,14,0,0,none,tool,,0,1,0,5744,198,18817,168bfa490b87987c32e9abf27aba2b17c5b1e85904f1f25d9f267c0979b5b569,cd97e3e702fcaa7adab040f43e2b4c032c18982c1d6fd6095bb0fa90207209de,glm-4.7-flash:q8_0,a035bf4bc812e1408631c2d2b14581b99dfe39f71d895aceb269b4a886080196,0.33.2,off,16384,15.23
3hop2__855821_467331_162182|wrong_source|18,3hop2__855821_467331_162182,wrong_source,evidence,write_note,18,2,38,0.474,log,lossless,second,0,0,0,18,18,1,1,evidence,evidence,,0,1,0,5022,204,17132,ba8b77f02b64574ea7e93ea62fa1fc123ccb9b7577129cf415e005a243f5b0a5,9d28955033c302e114e2fc51c9d823fb3f76cd918bdd9d6fb7f0b5c1f524a4d9,glm-4.7-flash:q8_0,a035bf4bc812e1408631c2d2b14581b99dfe39f71d895aceb269b4a886080196,0.33.2,off,16384,14.08
3hop2__855821_467331_162182|wrong_source|18,3hop2__855821_467331_162182,wrong_source,evidence,write_note,18,2,38,0.474,diff,lossless,second,0,0,0,18,18,1,1,evidence,evidence,,1,1,0,6321,148,21233,580493953bfd9de6d0b2d1d8a4f1e43ab9de066daab1e45d308f79bb0263f1ee,a83a1ad8e8e8510c38328d21c3bb7a447e1ac4eeedc769bdc0313594678e6d16,glm-4.7-flash:q8_0,a035bf4bc812e1408631c2d2b14581b99dfe39f71d895aceb269b4a886080196,0.33.2,off,16384,16.61
3hop2__855821_467331_162182|wrong_source|18,3hop2__855821_467331_162182,wrong_source,evidence,write_note,18,2,38,0.474,prov,lossless,second,0,0,0,18,18,1,1,evidence,evidence,,0,1,0,6383,227,21371,168bfa490b87987c32e9abf27aba2b17c5b1e85904f1f25d9f267c0979b5b569,dd2f2eff4ff6c4cb5e84d7a05a43804b1d691c9167005390ada1857324dc1f75,glm-4.7-flash:q8_0,a035bf4bc812e1408631c2d2b14581b99dfe39f71d895aceb269b4a886080196,0.33.2,off,16384,19.24
3hop1__152880_131926_90707|corrupted_output|2,3hop1__152880_131926_90707,corrupted_output,tool,search,2,0,20,0.1,log,lossless,second,0,0,0,12,2,0,0,evidence,tool,,0,1,0,3005,224,9114,ba8b77f02b64574ea7e93ea62fa1fc123ccb9b7577129cf415e005a243f5b0a5,1cc4b7699f905d5e8e5ddd077ea3863452608fb486c2b2cdec5716481e36e5dd,glm-4.7-flash:q8_0,a035bf4bc812e1408631c2d2b14581b99dfe39f71d895aceb269b4a886080196,0.33.2,off,16384,11.54
3hop1__152880_131926_90707|corrupted_output|2,3hop1__152880_131926_90707,corrupted_output,tool,search,2,0,20,0.1,diff,lossless,second,0,0,0,12,2,0,0,evidence,tool,,1,1,0,3899,147,12143,580493953bfd9de6d0b2d1d8a4f1e43ab9de066daab1e45d308f79bb0263f1ee,fe106177d75a682a2c93a0666bc5c39c0800139e99fc4330705a92f64ce799e2,glm-4.7-flash:q8_0,a035bf4bc812e1408631c2d2b14581b99dfe39f71d895aceb269b4a886080196,0.33.2,off,16384,12.29
3hop1__152880_131926_90707|corrupted_output|2,3hop1__152880_131926_90707,corrupted_output,tool,search,2,0,20,0.1,prov,lossless,second,0,0,0,18,2,0,0,evidence,tool,,1,1,0,3934,165,11958,168bfa490b87987c32e9abf27aba2b17c5b1e85904f1f25d9f267c0979b5b569,2c920ce1bb479543cc32f61859240205d9c3245c01611a9de1132f0e567d1110,glm-4.7-flash:q8_0,a035bf4bc812e1408631c2d2b14581b99dfe39f71d895aceb269b4a886080196,0.33.2,off,16384,12.94
3hop1__152880_131926_90707|dropped_note|12,3hop1__152880_131926_90707,dropped_note,state,write_note,12,1,20,0.6,log,lossless,second,0,0,0,18,12,0,0,evidence,state,,0,1,0,2999,311,9177,ba8b77f02b64574ea7e93ea62fa1fc123ccb9b7577129cf415e005a243f5b0a5,7ab478d11eada851cce31d7bcd85623182d60a150b2711bdd2c36fadfaeb2fee,glm-4.7-flash:q8_0,a035bf4bc812e1408631c2d2b14581b99dfe39f71d895aceb269b4a886080196,0.33.2,off,16384,14.79
3hop1__152880_131926_90707|dropped_note|12,3hop1__152880_131926_90707,dropped_note,state,write_note,12,1,20,0.6,diff,lossless,second,0,0,0,18,12,0,0,evidence,state,,1,1,0,3856,235,12118,580493953bfd9de6d0b2d1d8a4f1e43ab9de066daab1e45d308f79bb0263f1ee,88f43966181db94c76744e24b5df39717af2753e507c112ee18e36f7f6e517e2,glm-4.7-flash:q8_0,a035bf4bc812e1408631c2d2b14581b99dfe39f71d895aceb269b4a886080196,0.33.2,off,16384,15.17
3hop1__152880_131926_90707|dropped_note|12,3hop1__152880_131926_90707,dropped_note,state,write_note,12,1,20,0.6,prov,lossless,second,0,0,0,,12,0,0,none,state,,0,1,0,3837,793,11757,168bfa490b87987c32e9abf27aba2b17c5b1e85904f1f25d9f267c0979b5b569,62bb2de1fff9305a940c81d1fea43584c71ab7b9bf7f3bf2824a36c7f31987eb,glm-4.7-flash:q8_0,a035bf4bc812e1408631c2d2b14581b99dfe39f71d895aceb269b4a886080196,0.33.2,off,16384,31.54
3hop1__152880_131926_90707|no_source|12,3hop1__152880_131926_90707,no_source,evidence,write_note,12,1,20,0.6,log,lossless,second,0,0,0,12,12,1,1,evidence,evidence,,1,1,0,2972,206,9037,ba8b77f02b64574ea7e93ea62fa1fc123ccb9b7577129cf415e005a243f5b0a5,988cec96ea22a6f8d29af6f4e1a352d5d4d31b8fd686b3bd9724aa6cddbddb8d,glm-4.7-flash:q8_0,a035bf4bc812e1408631c2d2b14581b99dfe39f71d895aceb269b4a886080196,0.33.2,off,16384,7.91
3hop1__152880_131926_90707|no_source|12,3hop1__152880_131926_90707,no_source,evidence,write_note,12,1,20,0.6,diff,lossless,second,0,0,0,12,12,1,1,evidence,evidence,,1,1,0,3852,137,12067,580493953bfd9de6d0b2d1d8a4f1e43ab9de066daab1e45d308f79bb0263f1ee,515fcce6902186419f2830173e5db5ef5ead156979657798b4c6b91cd2cdbdc9,glm-4.7-flash:q8_0,a035bf4bc812e1408631c2d2b14581b99dfe39f71d895aceb269b4a886080196,0.33.2,off,16384,7.58
3hop1__152880_131926_90707|no_source|12,3hop1__152880_131926_90707,no_source,evidence,write_note,12,1,20,0.6,prov,lossless,second,0,0,0,12,12,1,1,evidence,evidence,,0,1,0,3853,258,11774,168bfa490b87987c32e9abf27aba2b17c5b1e85904f1f25d9f267c0979b5b569,a2ad4ed69389ba49b35c1317fe0089f8b57c3c7930c3abb0801234021d4b4f12,glm-4.7-flash:q8_0,a035bf4bc812e1408631c2d2b14581b99dfe39f71d895aceb269b4a886080196,0.33.2,off,16384,11.11
3hop1__152880_131926_90707|overwritten_note|18,3hop1__152880_131926_90707,overwritten_note,state,write_note,18,2,20,0.9,log,lossless,second,0,0,0,18,18,1,1,evidence,state,,0,1,0,3002,213,9223,ba8b77f02b64574ea7e93ea62fa1fc123ccb9b7577129cf415e005a243f5b0a5,88694f005c7b15c204c6e4b2453a242aeeb0d3e19bb15c99ae80657bf2e8a831,glm-4.7-flash:q8_0,a035bf4bc812e1408631c2d2b14581b99dfe39f71d895aceb269b4a886080196,0.33.2,off,16384,8.08
3hop1__152880_131926_90707|overwritten_note|18,3hop1__152880_131926_90707,overwritten_note,state,write_note,18,2,20,0.9,diff,lossless,second,0,0,0,18,18,1,1,state,state,,1,1,0,3893,184,12263,580493953bfd9de6d0b2d1d8a4f1e43ab9de066daab1e45d308f79bb0263f1ee,ed36b87e2e5add7330a760a7796ed84b2a6d5d28524a7fa46a1d6c02ed8fc469,glm-4.7-flash:q8_0,a035bf4bc812e1408631c2d2b14581b99dfe39f71d895aceb269b4a886080196,0.33.2,off,16384,9.05
3hop1__152880_131926_90707|overwritten_note|18,3hop1__152880_131926_90707,overwritten_note,state,write_note,18,2,20,0.9,prov,lossless,second,0,0,0,18,18,1,1,evidence,state,,1,1,0,3885,178,11963,168bfa490b87987c32e9abf27aba2b17c5b1e85904f1f25d9f267c0979b5b569,90f838fce2858830058b21bba5f64f39fcad8f275442c568553d36c146132a12,glm-4.7-flash:q8_0,a035bf4bc812e1408631c2d2b14581b99dfe39f71d895aceb269b4a886080196,0.33.2,off,16384,9.0
3hop1__152880_131926_90707|wrong_argument|16,3hop1__152880_131926_90707,wrong_argument,tool,read,16,2,30,0.533,log,lossless,second,0,0,0,18,16,0,1,evidence,tool,,1,1,0,4228,156,14245,ba8b77f02b64574ea7e93ea62fa1fc123ccb9b7577129cf415e005a243f5b0a5,0fcdaefbdd67366577ae78b7f347c8cd24f815280d5d816f6cf4ad2b2d3774cc,glm-4.7-flash:q8_0,a035bf4bc812e1408631c2d2b14581b99dfe39f71d895aceb269b4a886080196,0.33.2,off,16384,9.14
3hop1__152880_131926_90707|wrong_argument|16,3hop1__152880_131926_90707,wrong_argument,tool,read,16,2,30,0.533,diff,lossless,second,0,0,0,18,16,0,1,evidence,tool,,1,1,0,5663,156,19173,580493953bfd9de6d0b2d1d8a4f1e43ab9de066daab1e45d308f79bb0263f1ee,faa53d7daa9f0072a969290bdd2bdce813881cdbcf9fb2b66a73c593c9c38b6f,glm-4.7-flash:q8_0,a035bf4bc812e1408631c2d2b14581b99dfe39f71d895aceb269b4a886080196,0.33.2,off,16384,12.91
3hop1__152880_131926_90707|wrong_argument|16,3hop1__152880_131926_90707,wrong_argument,tool,read,16,2,30,0.533,prov,lossless,second,0,0,0,18,16,0,1,evidence,tool,,1,1,0,5499,154,18198,168bfa490b87987c32e9abf27aba2b17c5b1e85904f1f25d9f267c0979b5b569,1dd42610d90cf4e29b4976729fc56f39d134f28aa288f0148db573ee2bec2bd5,glm-4.7-flash:q8_0,a035bf4bc812e1408631c2d2b14581b99dfe39f71d895aceb269b4a886080196,0.33.2,off,16384,13.45
3hop1__152880_131926_90707|wrong_source|12,3hop1__152880_131926_90707,wrong_source,evidence,write_note,12,0,20,0.6,log,lossless,second,0,0,0,12,12,1,1,evidence,evidence,,1,1,0,3014,172,9230,ba8b77f02b64574ea7e93ea62fa1fc123ccb9b7577129cf415e005a243f5b0a5,6547074f19dcaa29e580f0a0d0b6205f56265f906190201ef92d7af9af28f80d,glm-4.7-flash:q8_0,a035bf4bc812e1408631c2d2b14581b99dfe39f71d895aceb269b4a886080196,0.33.2,off,16384,7.16
3hop1__152880_131926_90707|wrong_source|12,3hop1__152880_131926_90707,wrong_source,evidence,write_note,12,0,20,0.6,diff,lossless,second,0,0,0,12,12,1,1,evidence,evidence,,1,1,0,3904,158,12270,580493953bfd9de6d0b2d1d8a4f1e43ab9de066daab1e45d308f79bb0263f1ee,037d84be8c815b5dc111db470cfa13646ae8b8b95412ac5f0e1f983dc547e6c6,glm-4.7-flash:q8_0,a035bf4bc812e1408631c2d2b14581b99dfe39f71d895aceb269b4a886080196,0.33.2,off,16384,8.38
3hop1__152880_131926_90707|wrong_source|12,3hop1__152880_131926_90707,wrong_source,evidence,write_note,12,0,20,0.6,prov,lossless,second,0,0,0,12,12,1,1,evidence,evidence,,1,1,0,3925,169,12052,168bfa490b87987c32e9abf27aba2b17c5b1e85904f1f25d9f267c0979b5b569,e21beece405f400d0563fbd06261efd7b5306d6c261492b2bb673f6d0c29fb36,glm-4.7-flash:q8_0,a035bf4bc812e1408631c2d2b14581b99dfe39f71d895aceb269b4a886080196,0.33.2,off,16384,8.83
4hop1__199362_765799_282674_759393|corrupted_output|20,4hop1__199362_765799_282674_759393,corrupted_output,tool,read,20,1,38,0.526,log,lossless,second,0,0,0,22,20,0,1,evidence,tool,,1,1,0,5450,231,17977,ba8b77f02b64574ea7e93ea62fa1fc123ccb9b7577129cf415e005a243f5b0a5,9e7641c7a2753f7b2317146b658984169839ba6f53ccd71ab76ef00de5925dbc,glm-4.7-flash:q8_0,a035bf4bc812e1408631c2d2b14581b99dfe39f71d895aceb269b4a886080196,0.33.2,off,16384,20.21
4hop1__199362_765799_282674_759393|corrupted_output|20,4hop1__199362_765799_282674_759393,corrupted_output,tool,read,20,1,38,0.526,diff,lossless,second,0,0,0,28,20,0,0,evidence,tool,,1,1,0,6786,200,22012,580493953bfd9de6d0b2d1d8a4f1e43ab9de066daab1e45d308f79bb0263f1ee,b5f4b5337faac313356edbd8956f86562f1ba9482c33ca9f74ced00305527bb5,glm-4.7-flash:q8_0,a035bf4bc812e1408631c2d2b14581b99dfe39f71d895aceb269b4a886080196,0.33.2,off,16384,25.19
4hop1__199362_765799_282674_759393|corrupted_output|20,4hop1__199362_765799_282674_759393,corrupted_output,tool,read,20,1,38,0.526,prov,lossless,second,0,0,0,22,20,0,1,evidence,tool,,0,1,0,6843,201,22213,168bfa490b87987c32e9abf27aba2b17c5b1e85904f1f25d9f267c0979b5b569,09a23cb68a6f8c72031332cca0f213213eb51ebe58f69c328fb8960a76a84a16,glm-4.7-flash:q8_0,a035bf4bc812e1408631c2d2b14581b99dfe39f71d895aceb269b4a886080196,0.33.2,off,16384,25.47
4hop1__199362_765799_282674_759393|dropped_note|28,4hop1__199362_765799_282674_759393,dropped_note,state,write_note,28,2,30,0.933,log,lossless,second,0,0,0,28,28,1,1,evidence,state,,1,1,0,4363,169,13933,ba8b77f02b64574ea7e93ea62fa1fc123ccb9b7577129cf415e005a243f5b0a5,6c3ea306bf3e7f5de10e75d8663d811511261a4b53726d6885ef2e0da467c63c,glm-4.7-flash:q8_0,a035bf4bc812e1408631c2d2b14581b99dfe39f71d895aceb269b4a886080196,0.33.2,off,16384,8.5
4hop1__199362_765799_282674_759393|dropped_note|28,4hop1__199362_765799_282674_759393,dropped_note,state,write_note,28,2,30,0.933,diff,lossless,second,0,0,0,28,28,1,1,evidence,state,,1,1,0,5526,193,17524,580493953bfd9de6d0b2d1d8a4f1e43ab9de066daab1e45d308f79bb0263f1ee,87db685d71ab568e7fd7366ba021ff470aa1191c8737a6c5f22fac112ac4cec7,glm-4.7-flash:q8_0,a035bf4bc812e1408631c2d2b14581b99dfe39f71d895aceb269b4a886080196,0.33.2,off,16384,11.87
4hop1__199362_765799_282674_759393|dropped_note|28,4hop1__199362_765799_282674_759393,dropped_note,state,write_note,28,2,30,0.933,prov,lossless,second,0,0,0,28,28,1,1,evidence,state,,0,1,0,5500,172,17338,168bfa490b87987c32e9abf27aba2b17c5b1e85904f1f25d9f267c0979b5b569,cb2aaaadcf5be399e6547cce7f8cb574b14c53f5620fe2f169b89acf974b6847,glm-4.7-flash:q8_0,a035bf4bc812e1408631c2d2b14581b99dfe39f71d895aceb269b4a886080196,0.33.2,off,16384,11.63
4hop1__199362_765799_282674_759393|no_source|28,4hop1__199362_765799_282674_759393,no_source,evidence,write_note,28,2,30,0.933,log,lossless,second,0,0,0,28,28,1,1,evidence,evidence,,1,1,0,4380,110,13994,ba8b77f02b64574ea7e93ea62fa1fc123ccb9b7577129cf415e005a243f5b0a5,0c8739038bd0de7c6a7aa6bbdc565ae4e972de46576313573027ff5412b88c7f,glm-4.7-flash:q8_0,a035bf4bc812e1408631c2d2b14581b99dfe39f71d895aceb269b4a886080196,0.33.2,off,16384,3.97
4hop1__199362_765799_282674_759393|no_source|28,4hop1__199362_765799_282674_759393,no_source,evidence,write_note,28,2,30,0.933,diff,lossless,second,0,0,0,28,28,1,1,evidence,evidence,,1,1,0,5569,126,17681,580493953bfd9de6d0b2d1d8a4f1e43ab9de066daab1e45d308f79bb0263f1ee,8ccc271c57b30fefad7f26b5e04e40716bb65fe39174eca28ed1123357a0dfa6,glm-4.7-flash:q8_0,a035bf4bc812e1408631c2d2b14581b99dfe39f71d895aceb269b4a886080196,0.33.2,off,16384,4.97
4hop1__199362_765799_282674_759393|no_source|28,4hop1__199362_765799_282674_759393,no_source,evidence,write_note,28,2,30,0.933,prov,lossless,second,0,0,0,28,28,1,1,evidence,evidence,,0,1,0,5574,476,17563,168bfa490b87987c32e9abf27aba2b17c5b1e85904f1f25d9f267c0979b5b569,b87c02b743b5ae60d01e0596ae48336a897a8a86622c9bca8f0982b2bdec5ea4,glm-4.7-flash:q8_0,a035bf4bc812e1408631c2d2b14581b99dfe39f71d895aceb269b4a886080196,0.33.2,off,16384,15.76
4hop1__199362_765799_282674_759393|overwritten_note|16,4hop1__199362_765799_282674_759393,overwritten_note,state,write_note,16,0,30,0.533,log,lossless,second,0,0,0,16,16,1,1,state,state,,1,1,0,4383,97,13977,ba8b77f02b64574ea7e93ea62fa1fc123ccb9b7577129cf415e005a243f5b0a5,ad2c78c74f4a6017e46d811df95e3ee625c2e6d811b35fde9afd21c7b4017f6b,glm-4.7-flash:q8_0,a035bf4bc812e1408631c2d2b14581b99dfe39f71d895aceb269b4a886080196,0.33.2,off,16384,8.82
4hop1__199362_765799_282674_759393|overwritten_note|16,4hop1__199362_765799_282674_759393,overwritten_note,state,write_note,16,0,30,0.533,diff,lossless,second,0,0,0,16,16,1,1,state,state,,1,1,0,5580,167,17674,580493953bfd9de6d0b2d1d8a4f1e43ab9de066daab1e45d308f79bb0263f1ee,a0430a2bd7c0737aaa94e6518610f27913af9b266dcf675f844d4f0a9f608a5b,glm-4.7-flash:q8_0,a035bf4bc812e1408631c2d2b14581b99dfe39f71d895aceb269b4a886080196,0.33.2,off,16384,12.9
4hop1__199362_765799_282674_759393|overwritten_note|16,4hop1__199362_765799_282674_759393,overwritten_note,state,write_note,16,0,30,0.533,prov,lossless,second,0,0,0,16,16,1,1,evidence,state,,1,1,0,5603,214,17609,168bfa490b87987c32e9abf27aba2b17c5b1e85904f1f25d9f267c0979b5b569,7214e5d18518b7f154778923ddbbfa3b66352ac9ca80c616aa59208ad793d733,glm-4.7-flash:q8_0,a035bf4bc812e1408631c2d2b14581b99dfe39f71d895aceb269b4a886080196,0.33.2,off,16384,14.46
4hop1__199362_765799_282674_759393|wrong_argument|8,4hop1__199362_765799_282674_759393,wrong_argument,tool,search,8,0,36,0.222,log,lossless,second,0,0,0,22,8,0,0,evidence,tool,,0,1,0,4944,239,16041,ba8b77f02b64574ea7e93ea62fa1fc123ccb9b7577129cf415e005a243f5b0a5,1bed98c8f90892fe4e30badba1adffd548793f0f299a2c913b3387f3740278ad,glm-4.7-flash:q8_0,a035bf4bc812e1408631c2d2b14581b99dfe39f71d895aceb269b4a886080196,0.33.2,off,16384,16.95
4hop1__199362_765799_282674_759393|wrong_argument|8,4hop1__199362_765799_282674_759393,wrong_argument,tool,search,8,0,36,0.222,diff,lossless,second,0,0,0,6,8,0,1,evidence,tool,,1,1,0,6278,206,20116,580493953bfd9de6d0b2d1d8a4f1e43ab9de066daab1e45d308f79bb0263f1ee,f144491e877acc330a5f1d4b07dfad04de2020296f19896f8277ba23516e22ba,glm-4.7-flash:q8_0,a035bf4bc812e1408631c2d2b14581b99dfe39f71d895aceb269b4a886080196,0.33.2,off,16384,20.85
4hop1__199362_765799_282674_759393|wrong_argument|8,4hop1__199362_765799_282674_759393,wrong_argument,tool,search,8,0,36,0.222,prov,lossless,second,0,0,0,22,8,0,0,evidence,tool,,0,1,0,6323,315,20189,168bfa490b87987c32e9abf27aba2b17c5b1e85904f1f25d9f267c0979b5b569,2366339d1107fc12cb41c7e03c2d19b50a5a01a0d04adf6a20350078be1728e8,glm-4.7-flash:q8_0,a035bf4bc812e1408631c2d2b14581b99dfe39f71d895aceb269b4a886080196,0.33.2,off,16384,24.48
4hop1__199362_765799_282674_759393|wrong_source|22,4hop1__199362_765799_282674_759393,wrong_source,evidence,write_note,22,1,30,0.733,log,lossless,second,0,0,0,22,22,1,1,evidence,evidence,,1,1,0,4374,191,13915,ba8b77f02b64574ea7e93ea62fa1fc123ccb9b7577129cf415e005a243f5b0a5,eff061163635daacc259ab60508744a5a3138fca7d7fd055aa561342016391dd,glm-4.7-flash:q8_0,a035bf4bc812e1408631c2d2b14581b99dfe39f71d895aceb269b4a886080196,0.33.2,off,16384,13.41
4hop1__199362_765799_282674_759393|wrong_source|22,4hop1__199362_765799_282674_759393,wrong_source,evidence,write_note,22,1,30,0.733,diff,lossless,second,0,0,0,22,22,1,1,evidence,evidence,,1,1,0,5573,191,17619,580493953bfd9de6d0b2d1d8a4f1e43ab9de066daab1e45d308f79bb0263f1ee,7c3fd796c685124aa86b0479e1088880152f0dcaf1e3003d74fa9f7df996a216,glm-4.7-flash:q8_0,a035bf4bc812e1408631c2d2b14581b99dfe39f71d895aceb269b4a886080196,0.33.2,off,16384,17.34
4hop1__199362_765799_282674_759393|wrong_source|22,4hop1__199362_765799_282674_759393,wrong_source,evidence,write_note,22,1,30,0.733,prov,lossless,second,0,0,0,22,22,1,1,evidence,evidence,,0,1,0,5594,250,17554,168bfa490b87987c32e9abf27aba2b17c5b1e85904f1f25d9f267c0979b5b569,e4447584c18537b6ce3d7897663067b59534c220000313e10492ad22a85b9f06,glm-4.7-flash:q8_0,a035bf4bc812e1408631c2d2b14581b99dfe39f71d895aceb269b4a886080196,0.33.2,off,16384,19.08
3hop1__103180_214799_259594|corrupted_output|20,3hop1__103180_214799_259594,corrupted_output,tool,search,20,2,38,0.526,log,lossless,second,0,0,0,18,20,0,1,evidence,tool,,0,1,0,5122,201,17086,ba8b77f02b64574ea7e93ea62fa1fc123ccb9b7577129cf415e005a243f5b0a5,c5146860b7b58ad27fa8d7465cd896b0e7b63bc755eda6902f6cd323add4629a,glm-4.7-flash:q8_0,a035bf4bc812e1408631c2d2b14581b99dfe39f71d895aceb269b4a886080196,0.33.2,off,16384,18.07
3hop1__103180_214799_259594|corrupted_output|20,3hop1__103180_214799_259594,corrupted_output,tool,search,20,2,38,0.526,diff,lossless,second,0,0,0,,20,0,0,none,tool,,0,1,0,6746,909,22346,580493953bfd9de6d0b2d1d8a4f1e43ab9de066daab1e45d308f79bb0263f1ee,d98ffdf1a8a21f1f9eb5e435a57b1d0859f9e8943295b250a45a3f8fb52fc306,glm-4.7-flash:q8_0,a035bf4bc812e1408631c2d2b14581b99dfe39f71d895aceb269b4a886080196,0.33.2,off,16384,47.92
3hop1__103180_214799_259594|corrupted_output|20,3hop1__103180_214799_259594,corrupted_output,tool,search,20,2,38,0.526,prov,lossless,second,0,0,0,,20,0,0,none,tool,,0,1,0,6688,407,21759,168bfa490b87987c32e9abf27aba2b17c5b1e85904f1f25d9f267c0979b5b569,19933d73cd1550109d398cb8de384d974807341a2724df5c8f33758e4dcefa4a,glm-4.7-flash:q8_0,a035bf4bc812e1408631c2d2b14581b99dfe39f71d895aceb269b4a886080196,0.33.2,off,16384,31.41
3hop1__103180_214799_259594|dropped_note|6,3hop1__103180_214799_259594,dropped_note,state,write_note,6,0,26,0.231,log,lossless,second,0,0,0,,6,0,0,none,state,,0,1,0,3706,208,11908,ba8b77f02b64574ea7e93ea62fa1fc123ccb9b7577129cf415e005a243f5b0a5,6b85fb79bdcc21bb9e6ce3b57be3425d5de6b2a42c1e00694f8f11a6a0bfb0a7,glm-4.7-flash:q8_0,a035bf4bc812e1408631c2d2b14581b99dfe39f71d895aceb269b4a886080196,0.33.2,off,16384,13.44
3hop1__103180_214799_259594|dropped_note|6,3hop1__103180_214799_259594,dropped_note,state,write_note,6,0,26,0.231,diff,lossless,second,0,0,0,12,6,0,0,evidence,state,,1,1,0,4808,198,15596,580493953bfd9de6d0b2d1d8a4f1e43ab9de066daab1e45d308f79bb0263f1ee,f2f80466bd45193db6d99017d09e59384418aaed7b10e2c0ef9fc4c826baff2f,glm-4.7-flash:q8_0,a035bf4bc812e1408631c2d2b14581b99dfe39f71d895aceb269b4a886080196,0.33.2,off,16384,17.6
3hop1__103180_214799_259594|dropped_note|6,3hop1__103180_214799_259594,dropped_note,state,write_note,6,0,26,0.231,prov,lossless,second,0,0,0,18,6,0,0,evidence,state,,1,1,0,4746,312,15044,168bfa490b87987c32e9abf27aba2b17c5b1e85904f1f25d9f267c0979b5b569,d0b0b6f968ae6b352e7be80f7fd02537253be4e8958498d254e6d528773200d5,glm-4.7-flash:q8_0,a035bf4bc812e1408631c2d2b14581b99dfe39f71d895aceb269b4a886080196,0.33.2,off,16384,20.89
3hop1__103180_214799_259594|no_source|6,3hop1__103180_214799_259594,no_source,evidence,write_note,6,0,26,0.231,log,lossless,second,0,0,0,6,6,1,1,evidence,evidence,,1,1,0,3699,226,11856,ba8b77f02b64574ea7e93ea62fa1fc123ccb9b7577129cf415e005a243f5b0a5,5fa1ebb449d439636d1537056e73912014e006050f70d8c9178b7cfd32db0273,glm-4.7-flash:q8_0,a035bf4bc812e1408631c2d2b14581b99dfe39f71d895aceb269b4a886080196,0.33.2,off,16384,13.86
3hop1__103180_214799_259594|no_source|6,3hop1__103180_214799_259594,no_source,evidence,write_note,6,0,26,0.231,diff,lossless,second,0,0,0,6,6,1,1,evidence,evidence,,1,1,0,4827,132,15621,580493953bfd9de6d0b2d1d8a4f1e43ab9de066daab1e45d308f79bb0263f1ee,5368ce651753dec390cc53851ac8ff75bea34543d7eb6bd6a1e57ba059c1ccb0,glm-4.7-flash:q8_0,a035bf4bc812e1408631c2d2b14581b99dfe39f71d895aceb269b4a886080196,0.33.2,off,16384,13.27
3hop1__103180_214799_259594|no_source|6,3hop1__103180_214799_259594,no_source,evidence,write_note,6,0,26,0.231,prov,lossless,second,0,0,0,24,6,0,0,evidence,evidence,,1,1,0,4776,227,15086,168bfa490b87987c32e9abf27aba2b17c5b1e85904f1f25d9f267c0979b5b569,7a542f031af4d2fa78d4117ec8831b3f9610f178fa2ab759d55bce9bef5d1603,glm-4.7-flash:q8_0,a035bf4bc812e1408631c2d2b14581b99dfe39f71d895aceb269b4a886080196,0.33.2,off,16384,15.68
3hop1__103180_214799_259594|overwritten_note|18,3hop1__103180_214799_259594,overwritten_note,state,write_note,18,1,26,0.692,log,lossless,second,0,0,0,18,18,1,1,evidence,state,,0,1,0,3717,238,11942,ba8b77f02b64574ea7e93ea62fa1fc123ccb9b7577129cf415e005a243f5b0a5,f6d5bc495556c5fed2062dfd8279943ab1ae8e9c541f60986fd532906e97f1e9,glm-4.7-flash:q8_0,a035bf4bc812e1408631c2d2b14581b99dfe39f71d895aceb269b4a886080196,0.33.2,off,16384,9.16
3hop1__103180_214799_259594|overwritten_note|18,3hop1__103180_214799_259594,overwritten_note,state,write_note,18,1,26,0.692,diff,lossless,second,0,0,0,18,18,1,1,evidence,state,,0,1,0,4851,203,15715,580493953bfd9de6d0b2d1d8a4f1e43ab9de066daab1e45d308f79bb0263f1ee,af764e444e61b1ddd0a8dd8a70053f81d2d5c40a21e80d7444bbea260cb0c6be,glm-4.7-flash:q8_0,a035bf4bc812e1408631c2d2b14581b99dfe39f71d895aceb269b4a886080196,0.33.2,off,16384,10.02
3hop1__103180_214799_259594|overwritten_note|18,3hop1__103180_214799_259594,overwritten_note,state,write_note,18,1,26,0.692,prov,lossless,second,0,0,0,18,18,1,1,evidence,state,,0,1,0,4819,250,15230,168bfa490b87987c32e9abf27aba2b17c5b1e85904f1f25d9f267c0979b5b569,820f0bb48fbfb95f7facbbecae55e18faf814fe6a80b1729c6b78c76ebe74051,glm-4.7-flash:q8_0,a035bf4bc812e1408631c2d2b14581b99dfe39f71d895aceb269b4a886080196,0.33.2,off,16384,11.42
3hop1__103180_214799_259594|wrong_argument|16,3hop1__103180_214799_259594,wrong_argument,tool,read,16,1,26,0.615,log,lossless,second,0,0,0,18,16,0,1,evidence,tool,,1,1,0,3891,161,12734,ba8b77f02b64574ea7e93ea62fa1fc123ccb9b7577129cf415e005a243f5b0a5,192ff2ff1c67822765d7ebae6d22b9a4da8965b684479ee55825c65649b8c6c8,glm-4.7-flash:q8_0,a035bf4bc812e1408631c2d2b14581b99dfe39f71d895aceb269b4a886080196,0.33.2,off,16384,8.27
3hop1__103180_214799_259594|wrong_argument|16,3hop1__103180_214799_259594,wrong_argument,tool,read,16,1,26,0.615,diff,lossless,second,0,0,0,18,16,0,1,evidence,tool,,1,1,0,5170,135,17126,580493953bfd9de6d0b2d1d8a4f1e43ab9de066daab1e45d308f79bb0263f1ee,a635511ffd34763cef83b0b349c144742de6534788df60350f1bd04bbae4c8c9,glm-4.7-flash:q8_0,a035bf4bc812e1408631c2d2b14581b99dfe39f71d895aceb269b4a886080196,0.33.2,off,16384,10.2
3hop1__103180_214799_259594|wrong_argument|16,3hop1__103180_214799_259594,wrong_argument,tool,read,16,1,26,0.615,prov,lossless,second,0,0,0,24,16,0,0,evidence,tool,,0,1,0,5012,197,16132,168bfa490b87987c32e9abf27aba2b17c5b1e85904f1f25d9f267c0979b5b569,44e5163a0785ec7df5614cb275fe18df8516c3f4296bf2ef379649447ab4fb3c,glm-4.7-flash:q8_0,a035bf4bc812e1408631c2d2b14581b99dfe39f71d895aceb269b4a886080196,0.33.2,off,16384,11.36
3hop1__103180_214799_259594|wrong_source|24,3hop1__103180_214799_259594,wrong_source,evidence,write_note,24,2,26,0.923,log,lossless,second,0,0,0,24,24,1,1,evidence,evidence,,1,1,0,3715,175,11938,ba8b77f02b64574ea7e93ea62fa1fc123ccb9b7577129cf415e005a243f5b0a5,5c49b7b15cb0d1eaf8537f369249fcc84af5d413a9ec2c6e55f60e58272f6274,glm-4.7-flash:q8_0,a035bf4bc812e1408631c2d2b14581b99dfe39f71d895aceb269b4a886080196,0.33.2,off,16384,8.19
3hop1__103180_214799_259594|wrong_source|24,3hop1__103180_214799_259594,wrong_source,evidence,write_note,24,2,26,0.923,diff,lossless,second,0,0,0,24,24,1,1,evidence,evidence,,1,1,0,4847,158,15711,580493953bfd9de6d0b2d1d8a4f1e43ab9de066daab1e45d308f79bb0263f1ee,184e74ebad7c55ca55ac74e50782c92a4816f5f695e2d1e7e5b73ffc7ed15dbb,glm-4.7-flash:q8_0,a035bf4bc812e1408631c2d2b14581b99dfe39f71d895aceb269b4a886080196,0.33.2,off,16384,9.73
3hop1__103180_214799_259594|wrong_source|24,3hop1__103180_214799_259594,wrong_source,evidence,write_note,24,2,26,0.923,prov,lossless,second,0,0,0,24,24,1,1,evidence,evidence,,1,1,0,4814,145,15226,168bfa490b87987c32e9abf27aba2b17c5b1e85904f1f25d9f267c0979b5b569,8fc0fbf75468b20d5f2e11d98b55958202d1d94350a2b8bfe31309142c79b34c,glm-4.7-flash:q8_0,a035bf4bc812e1408631c2d2b14581b99dfe39f71d895aceb269b4a886080196,0.33.2,off,16384,9.15
3hop1__818422_160545_34751|corrupted_output|4,3hop1__818422_160545_34751,corrupted_output,tool,read,4,0,22,0.182,log,lossless,second,0,0,0,6,4,0,1,evidence,tool,,1,1,0,3072,250,9040,ba8b77f02b64574ea7e93ea62fa1fc123ccb9b7577129cf415e005a243f5b0a5,4d8d39c8b9b2792f463b3a20dda017150d6f928c432640fcef890e7bc95facaa,glm-4.7-flash:q8_0,a035bf4bc812e1408631c2d2b14581b99dfe39f71d895aceb269b4a886080196,0.33.2,off,16384,12.11
3hop1__818422_160545_34751|corrupted_output|4,3hop1__818422_160545_34751,corrupted_output,tool,read,4,0,22,0.182,diff,lossless,second,0,0,0,14,4,0,0,tool,tool,,1,1,0,4052,124,12230,580493953bfd9de6d0b2d1d8a4f1e43ab9de066daab1e45d308f79bb0263f1ee,dbb59c246cea93f53a6726a4eae14735c425646faeced86b9a136c936353a49e,glm-4.7-flash:q8_0,a035bf4bc812e1408631c2d2b14581b99dfe39f71d895aceb269b4a886080196,0.33.2,off,16384,11.84
3hop1__818422_160545_34751|corrupted_output|4,3hop1__818422_160545_34751,corrupted_output,tool,read,4,0,22,0.182,prov,lossless,second,0,0,0,,4,0,0,none,tool,,0,1,0,4042,217,12008,168bfa490b87987c32e9abf27aba2b17c5b1e85904f1f25d9f267c0979b5b569,8e82021e220d093d4c591ad7e200fc78bcdc5820378516ba666cce68ac2a5e1c,glm-4.7-flash:q8_0,a035bf4bc812e1408631c2d2b14581b99dfe39f71d895aceb269b4a886080196,0.33.2,off,16384,14.38
3hop1__818422_160545_34751|dropped_note|12,3hop1__818422_160545_34751,dropped_note,state,write_note,12,2,14,0.857,log,lossless,second,0,0,0,12,12,1,1,evidence,state,,1,1,0,2129,178,5851,ba8b77f02b64574ea7e93ea62fa1fc123ccb9b7577129cf415e005a243f5b0a5,f0fc9aa7798c857d214f9d2b07b41851b1cb390472ade2156333c4159270fea4,glm-4.7-flash:q8_0,a035bf4bc812e1408631c2d2b14581b99dfe39f71d895aceb269b4a886080196,0.33.2,off,16384,7.51
3hop1__818422_160545_34751|dropped_note|12,3hop1__818422_160545_34751,dropped_note,state,write_note,12,2,14,0.857,diff,lossless,second,0,0,0,12,12,1,1,evidence,state,,1,1,0,2679,201,7739,580493953bfd9de6d0b2d1d8a4f1e43ab9de066daab1e45d308f79bb0263f1ee,eba1dfbabe574a03659782f82e584b69c81a59eb4aaf0dadb8ef79c71990bffb,glm-4.7-flash:q8_0,a035bf4bc812e1408631c2d2b14581b99dfe39f71d895aceb269b4a886080196,0.33.2,off,16384,8.51
3hop1__818422_160545_34751|dropped_note|12,3hop1__818422_160545_34751,dropped_note,state,write_note,12,2,14,0.857,prov,lossless,second,0,0,0,12,12,1,1,evidence,state,,0,1,0,2687,171,7541,168bfa490b87987c32e9abf27aba2b17c5b1e85904f1f25d9f267c0979b5b569,34d4424706094f75107c2b91f4b32732a72bfa8edb4e326324ee0d521376f521,glm-4.7-flash:q8_0,a035bf4bc812e1408631c2d2b14581b99dfe39f71d895aceb269b4a886080196,0.33.2,off,16384,7.57
3hop1__818422_160545_34751|no_source|12,3hop1__818422_160545_34751,no_source,evidence,write_note,12,2,14,0.857,log,lossless,second,0,0,0,,12,0,0,,evidence,,0,0,0,2157,1024,5979,ba8b77f02b64574ea7e93ea62fa1fc123ccb9b7577129cf415e005a243f5b0a5,1a0863fc45034f5e2a4d64e8de643dc5402c8366ac1ed172cde41ed75390a3df,glm-4.7-flash:q8_0,a035bf4bc812e1408631c2d2b14581b99dfe39f71d895aceb269b4a886080196,0.33.2,off,16384,26.33
3hop1__818422_160545_34751|no_source|12,3hop1__818422_160545_34751,no_source,evidence,write_note,12,2,14,0.857,diff,lossless,second,0,0,0,12,12,1,1,evidence,evidence,,1,1,0,2736,164,7970,580493953bfd9de6d0b2d1d8a4f1e43ab9de066daab1e45d308f79bb0263f1ee,e630fe2b4b5a027770d52975aec8792c2ccaf59b14e5382a4f3395af9b1e718b,glm-4.7-flash:q8_0,a035bf4bc812e1408631c2d2b14581b99dfe39f71d895aceb269b4a886080196,0.33.2,off,16384,5.04
3hop1__818422_160545_34751|no_source|12,3hop1__818422_160545_34751,no_source,evidence,write_note,12,2,14,0.857,prov,lossless,second,0,0,0,12,12,1,1,tool,evidence,,0,1,0,2791,195,7906,168bfa490b87987c32e9abf27aba2b17c5b1e85904f1f25d9f267c0979b5b569,dbb2648d6e8d9dfba5730a0fac6d5b18add39da9172edc9a03dd92bb67121cdb,glm-4.7-flash:q8_0,a035bf4bc812e1408631c2d2b14581b99dfe39f71d895aceb269b4a886080196,0.33.2,off,16384,5.93
3hop1__818422_160545_34751|overwritten_note|12,3hop1__818422_160545_34751,overwritten_note,state,write_note,12,1,14,0.857,log,lossless,second,0,0,0,12,12,1,1,state,state,,1,1,0,2144,130,5905,ba8b77f02b64574ea7e93ea62fa1fc123ccb9b7577129cf415e005a243f5b0a5,75ecc83a9002daefa0f914dc030a09f7d5143cebbc659e9fef1b0df4fb65a384,glm-4.7-flash:q8_0,a035bf4bc812e1408631c2d2b14581b99dfe39f71d895aceb269b4a886080196,0.33.2,off,16384,3.7
3hop1__818422_160545_34751|overwritten_note|12,3hop1__818422_160545_34751,overwritten_note,state,write_note,12,1,14,0.857,diff,lossless,second,0,0,0,12,12,1,1,state,state,,1,1,0,2732,145,7906,580493953bfd9de6d0b2d1d8a4f1e43ab9de066daab1e45d308f79bb0263f1ee,4da9bb7d1ed463e05bb822e0d82099721cbbe7bec70f09f99172e72d76028a61,glm-4.7-flash:q8_0,a035bf4bc812e1408631c2d2b14581b99dfe39f71d895aceb269b4a886080196,0.33.2,off,16384,4.46
3hop1__818422_160545_34751|overwritten_note|12,3hop1__818422_160545_34751,overwritten_note,state,write_note,12,1,14,0.857,prov,lossless,second,0,0,0,,12,0,0,none,state,,0,1,0,2782,109,7839,168bfa490b87987c32e9abf27aba2b17c5b1e85904f1f25d9f267c0979b5b569,3f580424b16c5bc07ec3b7d74f75c61ae00a01a41c3b41a6a20c302538382025,glm-4.7-flash:q8_0,a035bf4bc812e1408631c2d2b14581b99dfe39f71d895aceb269b4a886080196,0.33.2,off,16384,3.65
3hop1__818422_160545_34751|wrong_argument|8,3hop1__818422_160545_34751,wrong_argument,tool,search,8,1,18,0.444,log,lossless,second,0,0,0,16,8,0,0,evidence,tool,,0,1,0,2682,307,7841,ba8b77f02b64574ea7e93ea62fa1fc123ccb9b7577129cf415e005a243f5b0a5,4715801528f17c75284443627f7994612f5c1dd26c6b76a667179f0d1baaf581,glm-4.7-flash:q8_0,a035bf4bc812e1408631c2d2b14581b99dfe39f71d895aceb269b4a886080196,0.33.2,off,16384,10.97
3hop1__818422_160545_34751|wrong_argument|8,3hop1__818422_160545_34751,wrong_argument,tool,search,8,1,18,0.444,diff,lossless,second,0,0,0,,8,0,0,none,tool,,0,1,0,3360,152,10086,580493953bfd9de6d0b2d1d8a4f1e43ab9de066daab1e45d308f79bb0263f1ee,cee243a5939b207e8615bed05ac9b0f292e8f5508e4217f6ed658a071efd225b,glm-4.7-flash:q8_0,a035bf4bc812e1408631c2d2b14581b99dfe39f71d895aceb269b4a886080196,0.33.2,off,16384,8.46
3hop1__818422_160545_34751|wrong_argument|8,3hop1__818422_160545_34751,wrong_argument,tool,search,8,1,18,0.444,prov,lossless,second,0,0,0,16,8,0,0,evidence,tool,,0,1,0,3452,225,10203,168bfa490b87987c32e9abf27aba2b17c5b1e85904f1f25d9f267c0979b5b569,01ecad35bb4acf0b6bceffec8f6aa5807d70d3549906e445d9eaa750d8ca2873,glm-4.7-flash:q8_0,a035bf4bc812e1408631c2d2b14581b99dfe39f71d895aceb269b4a886080196,0.33.2,off,16384,10.51
3hop1__818422_160545_34751|wrong_source|12,3hop1__818422_160545_34751,wrong_source,evidence,write_note,12,1,14,0.857,log,lossless,second,0,0,0,12,12,1,1,evidence,evidence,,1,1,0,2174,177,5999,ba8b77f02b64574ea7e93ea62fa1fc123ccb9b7577129cf415e005a243f5b0a5,6139da44aaf19fe318dbae5b19c720dc6f0ed94755534f80825b39518bf3ea12,glm-4.7-flash:q8_0,a035bf4bc812e1408631c2d2b14581b99dfe39f71d895aceb269b4a886080196,0.33.2,off,16384,6.25
3hop1__818422_160545_34751|wrong_source|12,3hop1__818422_160545_34751,wrong_source,evidence,write_note,12,1,14,0.857,diff,lossless,second,0,0,0,12,12,1,1,tool,evidence,,1,1,0,2761,150,8000,580493953bfd9de6d0b2d1d8a4f1e43ab9de066daab1e45d308f79bb0263f1ee,12a5c617f9b8242250af530e1ba6f2b874373fffc0a3323f09c413c9e5365de7,glm-4.7-flash:q8_0,a035bf4bc812e1408631c2d2b14581b99dfe39f71d895aceb269b4a886080196,0.33.2,off,16384,6.84
3hop1__818422_160545_34751|wrong_source|12,3hop1__818422_160545_34751,wrong_source,evidence,write_note,12,1,14,0.857,prov,lossless,second,0,0,0,12,12,1,1,evidence,evidence,,1,1,0,2839,150,8011,168bfa490b87987c32e9abf27aba2b17c5b1e85904f1f25d9f267c0979b5b569,648d3302f512c73b4cdfdc71d83cccb48e12614c61e2efe357e2dbd52524daa2,glm-4.7-flash:q8_0,a035bf4bc812e1408631c2d2b14581b99dfe39f71d895aceb269b4a886080196,0.33.2,off,16384,6.78
3hop1__742780_567566_84283|corrupted_output|8,3hop1__742780_567566_84283,corrupted_output,tool,search,8,1,26,0.308,log,lossless,second,0,0,0,12,8,0,0,evidence,tool,,0,1,0,4039,191,13237,ba8b77f02b64574ea7e93ea62fa1fc123ccb9b7577129cf415e005a243f5b0a5,d2fe6719ee8509c0664c58ad7922eb0cb9f05c607d7cebe5e730836ee9ba41f9,glm-4.7-flash:q8_0,a035bf4bc812e1408631c2d2b14581b99dfe39f71d895aceb269b4a886080196,0.33.2,off,16384,13.63
3hop1__742780_567566_84283|corrupted_output|8,3hop1__742780_567566_84283,corrupted_output,tool,search,8,1,26,0.308,diff,lossless,second,0,0,0,12,8,0,0,evidence,tool,,1,1,0,5439,118,18108,580493953bfd9de6d0b2d1d8a4f1e43ab9de066daab1e45d308f79bb0263f1ee,f62f67cb497bc0d28bf18e28d3d1931cb8ac480d66a564de3cc765523e2b0697,glm-4.7-flash:q8_0,a035bf4bc812e1408631c2d2b14581b99dfe39f71d895aceb269b4a886080196,0.33.2,off,16384,16.65
3hop1__742780_567566_84283|corrupted_output|8,3hop1__742780_567566_84283,corrupted_output,tool,search,8,1,26,0.308,prov,lossless,second,0,0,0,12,8,0,0,evidence,tool,,1,1,0,5192,138,16837,168bfa490b87987c32e9abf27aba2b17c5b1e85904f1f25d9f267c0979b5b569,61dd3c9cc8076beece9bb2845e97f76f188e704ce587471ce19b0bc39b59c2f6,glm-4.7-flash:q8_0,a035bf4bc812e1408631c2d2b14581b99dfe39f71d895aceb269b4a886080196,0.33.2,off,16384,16.33
3hop1__742780_567566_84283|dropped_note|18,3hop1__742780_567566_84283,dropped_note,state,write_note,18,2,20,0.9,log,lossless,second,0,0,0,18,18,1,1,evidence,state,,0,1,0,3320,206,10474,ba8b77f02b64574ea7e93ea62fa1fc123ccb9b7577129cf415e005a243f5b0a5,d7df85632186e8ca96cc889746a4f26bdc9a28e9043fa3210bb91777dffb6008,glm-4.7-flash:q8_0,a035bf4bc812e1408631c2d2b14581b99dfe39f71d895aceb269b4a886080196,0.33.2,off,16384,10.69
3hop1__742780_567566_84283|dropped_note|18,3hop1__742780_567566_84283,dropped_note,state,write_note,18,2,20,0.9,diff,lossless,second,0,0,0,18,18,1,1,evidence,state,,0,1,0,4386,228,14148,580493953bfd9de6d0b2d1d8a4f1e43ab9de066daab1e45d308f79bb0263f1ee,853825f6544232873e7024afa365a4a036b0d94500fe312950ff574d571e75b6,glm-4.7-flash:q8_0,a035bf4bc812e1408631c2d2b14581b99dfe39f71d895aceb269b4a886080196,0.33.2,off,16384,12.74
3hop1__742780_567566_84283|dropped_note|18,3hop1__742780_567566_84283,dropped_note,state,write_note,18,2,20,0.9,prov,lossless,second,0,0,0,18,18,1,1,evidence,state,,0,1,0,4144,169,13006,168bfa490b87987c32e9abf27aba2b17c5b1e85904f1f25d9f267c0979b5b569,9cbb2c4bffee8d7994754f94efd34eac11823a383734347224d6842659596d51,glm-4.7-flash:q8_0,a035bf4bc812e1408631c2d2b14581b99dfe39f71d895aceb269b4a886080196,0.33.2,off,16384,10.52
3hop1__742780_567566_84283|no_source|18,3hop1__742780_567566_84283,no_source,evidence,write_note,18,2,20,0.9,log,lossless,second,0,0,0,18,18,1,1,evidence,evidence,,1,1,0,3303,157,10419,ba8b77f02b64574ea7e93ea62fa1fc123ccb9b7577129cf415e005a243f5b0a5,a66d5b9cd27c8ee1e4dc4b7d2aea08d611d25315165427972014808c853c81a3,glm-4.7-flash:q8_0,a035bf4bc812e1408631c2d2b14581b99dfe39f71d895aceb269b4a886080196,0.33.2,off,16384,4.83
3hop1__742780_567566_84283|no_source|18,3hop1__742780_567566_84283,no_source,evidence,write_note,18,2,20,0.9,diff,lossless,second,0,0,0,18,18,1,1,evidence,evidence,,1,1,0,4398,99,14205,580493953bfd9de6d0b2d1d8a4f1e43ab9de066daab1e45d308f79bb0263f1ee,bf197e8175348574c598eb1f2f192751fd2343cb3bf988a10f9ce03651dc125d,glm-4.7-flash:q8_0,a035bf4bc812e1408631c2d2b14581b99dfe39f71d895aceb269b4a886080196,0.33.2,off,16384,3.73
3hop1__742780_567566_84283|no_source|18,3hop1__742780_567566_84283,no_source,evidence,write_note,18,2,20,0.9,prov,lossless,second,0,0,0,18,18,1,1,evidence,evidence,,0,1,0,4201,179,13177,168bfa490b87987c32e9abf27aba2b17c5b1e85904f1f25d9f267c0979b5b569,39067248b6097b31e5d696fb7ce2abb458126afcc6d7c4969eeeb4f0c9e4e6aa,glm-4.7-flash:q8_0,a035bf4bc812e1408631c2d2b14581b99dfe39f71d895aceb269b4a886080196,0.33.2,off,16384,6.0
3hop1__742780_567566_84283|overwritten_note|12,3hop1__742780_567566_84283,overwritten_note,state,write_note,12,0,20,0.6,log,lossless,second,0,0,0,12,12,1,1,evidence,state,,0,1,0,3343,199,10533,ba8b77f02b64574ea7e93ea62fa1fc123ccb9b7577129cf415e005a243f5b0a5,66e45e3171a6ef712c44a034609151753e038d232c0935cbefc336dfb4c56f06,glm-4.7-flash:q8_0,a035bf4bc812e1408631c2d2b14581b99dfe39f71d895aceb269b4a886080196,0.33.2,off,16384,7.87
3hop1__742780_567566_84283|overwritten_note|12,3hop1__742780_567566_84283,overwritten_note,state,write_note,12,0,20,0.6,diff,lossless,second,0,0,0,12,12,1,1,evidence,state,,1,1,0,4445,151,14329,580493953bfd9de6d0b2d1d8a4f1e43ab9de066daab1e45d308f79bb0263f1ee,edf9c18220b4dabceb10aa4ef3b332a96892cbacf3f2fadc2d706e6fc7a56d8d,glm-4.7-flash:q8_0,a035bf4bc812e1408631c2d2b14581b99dfe39f71d895aceb269b4a886080196,0.33.2,off,16384,8.4
3hop1__742780_567566_84283|overwritten_note|12,3hop1__742780_567566_84283,overwritten_note,state,write_note,12,0,20,0.6,prov,lossless,second,0,0,0,12,12,1,1,evidence,state,,1,1,0,4268,183,13369,168bfa490b87987c32e9abf27aba2b17c5b1e85904f1f25d9f267c0979b5b569,57f79bc65677f5d467273fc454fe5fe69d7163927416c18f36d3f4b003a7ff8e,glm-4.7-flash:q8_0,a035bf4bc812e1408631c2d2b14581b99dfe39f71d895aceb269b4a886080196,0.33.2,off,16384,9.22
3hop1__742780_567566_84283|wrong_argument|4,3hop1__742780_567566_84283,wrong_argument,tool,read,4,0,38,0.105,log,lossless,second,0,0,0,12,4,0,0,state,tool,,1,1,0,5676,134,19106,ba8b77f02b64574ea7e93ea62fa1fc123ccb9b7577129cf415e005a243f5b0a5,b0873c46d638cdb2c494e8851d62e4b3437336be2146f2ffee1f240c20f6c4e3,glm-4.7-flash:q8_0,a035bf4bc812e1408631c2d2b14581b99dfe39f71d895aceb269b4a886080196,0.33.2,off,16384,17.01
3hop1__742780_567566_84283|wrong_argument|4,3hop1__742780_567566_84283,wrong_argument,tool,read,4,0,38,0.105,diff,lossless,second,0,0,0,20,4,0,0,state,tool,,1,1,0,7601,194,25603,580493953bfd9de6d0b2d1d8a4f1e43ab9de066daab1e45d308f79bb0263f1ee,335bb168232457ba0173c04beaa61854aa63079d87997848d8313071997bf659,glm-4.7-flash:q8_0,a035bf4bc812e1408631c2d2b14581b99dfe39f71d895aceb269b4a886080196,0.33.2,off,16384,27.35
3hop1__742780_567566_84283|wrong_argument|4,3hop1__742780_567566_84283,wrong_argument,tool,read,4,0,38,0.105,prov,lossless,second,0,0,0,4,4,1,1,tool,tool,,1,1,0,7305,219,24090,168bfa490b87987c32e9abf27aba2b17c5b1e85904f1f25d9f267c0979b5b569,6969d5dd496202bd504faeb6b5890dd8b2993139d60c0a48594fda325fca6591,glm-4.7-flash:q8_0,a035bf4bc812e1408631c2d2b14581b99dfe39f71d895aceb269b4a886080196,0.33.2,off,16384,26.44
3hop1__742780_567566_84283|wrong_source|18,3hop1__742780_567566_84283,wrong_source,evidence,write_note,18,2,20,0.9,log,lossless,second,0,0,0,18,18,1,1,evidence,evidence,,0,1,0,3316,236,10407,ba8b77f02b64574ea7e93ea62fa1fc123ccb9b7577129cf415e005a243f5b0a5,3cf7e4dab88dfc01cd1967c2f5914d13197b2e53dd09d537fd6d0a71d1e079a3,glm-4.7-flash:q8_0,a035bf4bc812e1408631c2d2b14581b99dfe39f71d895aceb269b4a886080196,0.33.2,off,16384,12.54
3hop1__742780_567566_84283|wrong_source|18,3hop1__742780_567566_84283,wrong_source,evidence,write_note,18,2,20,0.9,diff,lossless,second,0,0,0,18,18,1,1,evidence,evidence,,1,1,0,4418,205,14203,580493953bfd9de6d0b2d1d8a4f1e43ab9de066daab1e45d308f79bb0263f1ee,73ccd342a1e8b99daa79722804bf5db054c6efdf24fa93cefd86a88517075cc5,glm-4.7-flash:q8_0,a035bf4bc812e1408631c2d2b14581b99dfe39f71d895aceb269b4a886080196,0.33.2,off,16384,16.0
3hop1__742780_567566_84283|wrong_source|18,3hop1__742780_567566_84283,wrong_source,evidence,write_note,18,2,20,0.9,prov,lossless,second,0,0,0,18,18,1,1,evidence,evidence,,1,1,0,4241,156,13246,168bfa490b87987c32e9abf27aba2b17c5b1e85904f1f25d9f267c0979b5b569,26cdbf58cb9c4a5a2fd4d27cbf107793c9a9f870b253185a6b0048a9d9ceaf00,glm-4.7-flash:q8_0,a035bf4bc812e1408631c2d2b14581b99dfe39f71d895aceb269b4a886080196,0.33.2,off,16384,13.28
3hop1__796649_720914_41132|corrupted_output|16,3hop1__796649_720914_41132,corrupted_output,tool,read,16,2,38,0.421,log,lossless,second,0,0,0,12,16,0,0,evidence,tool,,0,1,0,5567,176,18673,ba8b77f02b64574ea7e93ea62fa1fc123ccb9b7577129cf415e005a243f5b0a5,5465f05550b2c204f82d4b1b6de13bd78540f09cdeb8c2c35f9bf703bdaee9eb,glm-4.7-flash:q8_0,a035bf4bc812e1408631c2d2b14581b99dfe39f71d895aceb269b4a886080196,0.33.2,off,16384,19.9
3hop1__796649_720914_41132|corrupted_output|16,3hop1__796649_720914_41132,corrupted_output,tool,read,16,2,38,0.421,diff,lossless,second,0,0,0,12,16,0,0,evidence,tool,,1,1,0,6832,129,22506,580493953bfd9de6d0b2d1d8a4f1e43ab9de066daab1e45d308f79bb0263f1ee,40ca817a07548c1a27db7c3f1d8004a4842f288b0cf33fa469517ea7da06fdb1,glm-4.7-flash:q8_0,a035bf4bc812e1408631c2d2b14581b99dfe39f71d895aceb269b4a886080196,0.33.2,off,16384,22.98
3hop1__796649_720914_41132|corrupted_output|16,3hop1__796649_720914_41132,corrupted_output,tool,read,16,2,38,0.421,prov,lossless,second,0,0,0,12,16,0,0,tool,tool,,0,1,0,7025,174,23196,168bfa490b87987c32e9abf27aba2b17c5b1e85904f1f25d9f267c0979b5b569,8a76bf6c60b9c4d70066fd54e10794067ac76b1b95e15feb0e18dd9a356f1584,glm-4.7-flash:q8_0,a035bf4bc812e1408631c2d2b14581b99dfe39f71d895aceb269b4a886080196,0.33.2,off,16384,25.23
3hop1__796649_720914_41132|dropped_note|6,3hop1__796649_720914_41132,dropped_note,state,write_note,6,0,20,0.3,log,lossless,second,0,0,0,12,6,0,0,evidence,state,,1,1,0,3081,211,8804,ba8b77f02b64574ea7e93ea62fa1fc123ccb9b7577129cf415e005a243f5b0a5,57e507c7010d1412e2ec738da6986c6c0cc65efb279d57aa77ab3e5d6996c165,glm-4.7-flash:q8_0,a035bf4bc812e1408631c2d2b14581b99dfe39f71d895aceb269b4a886080196,0.33.2,off,16384,11.15
3hop1__796649_720914_41132|dropped_note|6,3hop1__796649_720914_41132,dropped_note,state,write_note,6,0,20,0.3,diff,lossless,second,0,0,0,12,6,0,0,evidence,state,,1,1,0,4033,175,11770,580493953bfd9de6d0b2d1d8a4f1e43ab9de066daab1e45d308f79bb0263f1ee,ac34d246f8d6e6f4092a613354f75c020112c39e3f81e2a6a7dd9fe5eefc9a61,glm-4.7-flash:q8_0,a035bf4bc812e1408631c2d2b14581b99dfe39f71d895aceb269b4a886080196,0.33.2,off,16384,13.97
3hop1__796649_720914_41132|dropped_note|6,3hop1__796649_720914_41132,dropped_note,state,write_note,6,0,20,0.3,prov,lossless,second,0,0,0,12,6,0,0,evidence,state,,1,1,0,3923,166,11342,168bfa490b87987c32e9abf27aba2b17c5b1e85904f1f25d9f267c0979b5b569,dc7a31c9992a615fed5f7230b6707929be5c7bb229bcb44dd4414b1245586f43,glm-4.7-flash:q8_0,a035bf4bc812e1408631c2d2b14581b99dfe39f71d895aceb269b4a886080196,0.33.2,off,16384,12.67
3hop1__796649_720914_41132|no_source|6,3hop1__796649_720914_41132,no_source,evidence,write_note,6,0,38,0.158,log,lossless,second,0,0,0,28,6,0,0,evidence,evidence,,1,1,0,4692,298,14553,ba8b77f02b64574ea7e93ea62fa1fc123ccb9b7577129cf415e005a243f5b0a5,c97c084329553913e84c18820cefe4238e3ede6b7d51e4f572d9d9c09c0b50b8,glm-4.7-flash:q8_0,a035bf4bc812e1408631c2d2b14581b99dfe39f71d895aceb269b4a886080196,0.33.2,off,16384,18.31
3hop1__796649_720914_41132|no_source|6,3hop1__796649_720914_41132,no_source,evidence,write_note,6,0,38,0.158,diff,lossless,second,0,0,0,12,6,0,0,evidence,evidence,,1,1,0,6164,184,19027,580493953bfd9de6d0b2d1d8a4f1e43ab9de066daab1e45d308f79bb0263f1ee,195d0ecbaf7fb54f3ef610e503006b4416b421637805b0cf2a1074644454030b,glm-4.7-flash:q8_0,a035bf4bc812e1408631c2d2b14581b99dfe39f71d895aceb269b4a886080196,0.33.2,off,16384,20.99
3hop1__796649_720914_41132|no_source|6,3hop1__796649_720914_41132,no_source,evidence,write_note,6,0,38,0.158,prov,lossless,second,0,0,0,12,6,0,0,evidence,evidence,,1,1,0,6110,232,18877,168bfa490b87987c32e9abf27aba2b17c5b1e85904f1f25d9f267c0979b5b569,d60836641053f70cee1d2a2d189ef03602389fb5a7a27de3b281862722d759f4,glm-4.7-flash:q8_0,a035bf4bc812e1408631c2d2b14581b99dfe39f71d895aceb269b4a886080196,0.33.2,off,16384,21.13
3hop1__796649_720914_41132|overwritten_note|18,3hop1__796649_720914_41132,overwritten_note,state,write_note,18,2,20,0.9,log,lossless,second,0,0,0,18,18,1,1,state,state,,1,1,0,3081,114,8832,ba8b77f02b64574ea7e93ea62fa1fc123ccb9b7577129cf415e005a243f5b0a5,7d29507f3a98fa4d41bd1d0610d38511d8890533ab6039ece785a67935b4d4b3,glm-4.7-flash:q8_0,a035bf4bc812e1408631c2d2b14581b99dfe39f71d895aceb269b4a886080196,0.33.2,off,16384,5.61
3hop1__796649_720914_41132|overwritten_note|18,3hop1__796649_720914_41132,overwritten_note,state,write_note,18,2,20,0.9,diff,lossless,second,0,0,0,18,18,1,1,evidence,state,,1,1,0,4068,149,11886,580493953bfd9de6d0b2d1d8a4f1e43ab9de066daab1e45d308f79bb0263f1ee,ff38ac2cbbb8698e94f46762d3f3884ba4604d66ac7a4bec5b8a58a6fc9ee3fc,glm-4.7-flash:q8_0,a035bf4bc812e1408631c2d2b14581b99dfe39f71d895aceb269b4a886080196,0.33.2,off,16384,7.01
3hop1__796649_720914_41132|overwritten_note|18,3hop1__796649_720914_41132,overwritten_note,state,write_note,18,2,20,0.9,prov,lossless,second,0,0,0,12,18,0,0,evidence,state,,1,1,0,3963,163,11463,168bfa490b87987c32e9abf27aba2b17c5b1e85904f1f25d9f267c0979b5b569,6de7a231680ea447f272c69a4e07fa68271e34fb547b8881ca43dc622996a34c,glm-4.7-flash:q8_0,a035bf4bc812e1408631c2d2b14581b99dfe39f71d895aceb269b4a886080196,0.33.2,off,16384,6.81
3hop1__796649_720914_41132|wrong_argument|14,3hop1__796649_720914_41132,wrong_argument,tool,search,14,2,24,0.583,log,lossless,second,0,0,0,12,14,0,1,evidence,tool,,1,1,0,3608,138,10670,ba8b77f02b64574ea7e93ea62fa1fc123ccb9b7577129cf415e005a243f5b0a5,198de950a41445e56451d57134746e5cd4f75d71270ac55b2774cba32e6865af,glm-4.7-flash:q8_0,a035bf4bc812e1408631c2d2b14581b99dfe39f71d895aceb269b4a886080196,0.33.2,off,16384,7.94
3hop1__796649_720914_41132|wrong_argument|14,3hop1__796649_720914_41132,wrong_argument,tool,search,14,2,24,0.583,diff,lossless,second,0,0,0,12,14,0,1,evidence,tool,,1,1,0,4685,135,13968,580493953bfd9de6d0b2d1d8a4f1e43ab9de066daab1e45d308f79bb0263f1ee,b2060ce9142ece398e6d555c93431f0cec43bc69d5fbc9552939769c278d0357,glm-4.7-flash:q8_0,a035bf4bc812e1408631c2d2b14581b99dfe39f71d895aceb269b4a886080196,0.33.2,off,16384,10.35
3hop1__796649_720914_41132|wrong_argument|14,3hop1__796649_720914_41132,wrong_argument,tool,search,14,2,24,0.583,prov,lossless,second,0,0,0,16,14,0,1,tool,tool,,0,1,0,4626,156,13725,168bfa490b87987c32e9abf27aba2b17c5b1e85904f1f25d9f267c0979b5b569,050b793af21590bbe8b7b1b4b468d79ad7f38994bea086cb03a467ae61e1c3d5,glm-4.7-flash:q8_0,a035bf4bc812e1408631c2d2b14581b99dfe39f71d895aceb269b4a886080196,0.33.2,off,16384,10.28
3hop1__796649_720914_41132|wrong_source|18,3hop1__796649_720914_41132,wrong_source,evidence,write_note,18,2,20,0.9,log,lossless,second,0,0,0,18,18,1,1,evidence,evidence,,1,1,0,3101,173,8895,ba8b77f02b64574ea7e93ea62fa1fc123ccb9b7577129cf415e005a243f5b0a5,bb645973fcbd8b96a9be45cbd6a44ad42bfbc6160e0044b84c62f34583e46a11,glm-4.7-flash:q8_0,a035bf4bc812e1408631c2d2b14581b99dfe39f71d895aceb269b4a886080196,0.33.2,off,16384,7.36
3hop1__796649_720914_41132|wrong_source|18,3hop1__796649_720914_41132,wrong_source,evidence,write_note,18,2,20,0.9,diff,lossless,second,0,0,0,18,18,1,1,evidence,evidence,,1,1,0,4084,141,11943,580493953bfd9de6d0b2d1d8a4f1e43ab9de066daab1e45d308f79bb0263f1ee,194e7b74c5d7db98c143caa342a31ed53b73782e0a60c7a83a88b0fb2bce3a6b,glm-4.7-flash:q8_0,a035bf4bc812e1408631c2d2b14581b99dfe39f71d895aceb269b4a886080196,0.33.2,off,16384,8.3
3hop1__796649_720914_41132|wrong_source|18,3hop1__796649_720914_41132,wrong_source,evidence,write_note,18,2,20,0.9,prov,lossless,second,0,0,0,18,18,1,1,evidence,evidence,,1,1,0,4013,167,11618,168bfa490b87987c32e9abf27aba2b17c5b1e85904f1f25d9f267c0979b5b569,6c23646ff363cf093dd96d00d39083308c6996f49ee2a792c11af2834d230fef,glm-4.7-flash:q8_0,a035bf4bc812e1408631c2d2b14581b99dfe39f71d895aceb269b4a886080196,0.33.2,off,16384,8.61
3hop1__273571_834494_34053|corrupted_output|2,3hop1__273571_834494_34053,corrupted_output,tool,search,2,0,38,0.053,log,lossless,second,0,0,0,12,2,0,0,evidence,tool,,0,1,0,5356,194,17717,ba8b77f02b64574ea7e93ea62fa1fc123ccb9b7577129cf415e005a243f5b0a5,0d0cc0df118f7de8a5d0d0ddb74b5c4b8267abf7fcb9f872e3e42c9bccd36bae,glm-4.7-flash:q8_0,a035bf4bc812e1408631c2d2b14581b99dfe39f71d895aceb269b4a886080196,0.33.2,off,16384,18.57
3hop1__273571_834494_34053|corrupted_output|2,3hop1__273571_834494_34053,corrupted_output,tool,search,2,0,38,0.053,diff,lossless,second,0,0,0,6,2,0,0,evidence,tool,,1,1,0,7049,150,23211,580493953bfd9de6d0b2d1d8a4f1e43ab9de066daab1e45d308f79bb0263f1ee,a3432abad68dc631dc2f4856f3a0510b2980572fac55c8a9dcf3966456fd5858,glm-4.7-flash:q8_0,a035bf4bc812e1408631c2d2b14581b99dfe39f71d895aceb269b4a886080196,0.33.2,off,16384,24.6
3hop1__273571_834494_34053|corrupted_output|2,3hop1__273571_834494_34053,corrupted_output,tool,search,2,0,38,0.053,prov,lossless,second,0,0,0,12,2,0,0,evidence,tool,,1,1,0,6777,175,22071,168bfa490b87987c32e9abf27aba2b17c5b1e85904f1f25d9f267c0979b5b569,1d9510cef081f00ef49d7def533b1202ad7bb3a980d07ad570775e912303ecdd,glm-4.7-flash:q8_0,a035bf4bc812e1408631c2d2b14581b99dfe39f71d895aceb269b4a886080196,0.33.2,off,16384,24.19
3hop1__273571_834494_34053|dropped_note|12,3hop1__273571_834494_34053,dropped_note,state,write_note,12,2,14,0.857,log,lossless,second,0,0,0,,12,0,0,,state,,0,0,0,2377,1024,6307,ba8b77f02b64574ea7e93ea62fa1fc123ccb9b7577129cf415e005a243f5b0a5,aa40a1aa13363ecc69c652a403d6a23ae81a3f8f71fe0576710152c49ad80cfa,glm-4.7-flash:q8_0,a035bf4bc812e1408631c2d2b14581b99dfe39f71d895aceb269b4a886080196,0.33.2,off,16384,30.05
3hop1__273571_834494_34053|dropped_note|12,3hop1__273571_834494_34053,dropped_note,state,write_note,12,2,14,0.857,diff,lossless,second,0,0,0,10,12,0,1,tool,state,,0,1,0,3104,235,8451,580493953bfd9de6d0b2d1d8a4f1e43ab9de066daab1e45d308f79bb0263f1ee,e0e07576aad441da163fcd47bec4eb5d9a5856afbe5823ecc019342b881010fb,glm-4.7-flash:q8_0,a035bf4bc812e1408631c2d2b14581b99dfe39f71d895aceb269b4a886080196,0.33.2,off,16384,12.41
3hop1__273571_834494_34053|dropped_note|12,3hop1__273571_834494_34053,dropped_note,state,write_note,12,2,14,0.857,prov,lossless,second,0,0,0,,12,0,0,,state,,0,0,0,2928,1024,7985,168bfa490b87987c32e9abf27aba2b17c5b1e85904f1f25d9f267c0979b5b569,1fb8141dfaad3377aa13fa7ac2088f22518a05e9731875221e5af0d97b5e8878,glm-4.7-flash:q8_0,a035bf4bc812e1408631c2d2b14581b99dfe39f71d895aceb269b4a886080196,0.33.2,off,16384,33.1
3hop1__273571_834494_34053|no_source|12,3hop1__273571_834494_34053,no_source,evidence,write_note,12,2,14,0.857,log,lossless,second,0,0,0,12,12,1,1,evidence,evidence,,1,1,0,2382,144,6328,ba8b77f02b64574ea7e93ea62fa1fc123ccb9b7577129cf415e005a243f5b0a5,a1542d27dcc7daca8e5ab1e44a2d35a9764114e4afc56ee701d3b0cb9a680e62,glm-4.7-flash:q8_0,a035bf4bc812e1408631c2d2b14581b99dfe39f71d895aceb269b4a886080196,0.33.2,off,16384,4.83
3hop1__273571_834494_34053|no_source|12,3hop1__273571_834494_34053,no_source,evidence,write_note,12,2,14,0.857,diff,lossless,second,0,0,0,12,12,1,1,evidence,evidence,,1,1,0,3137,113,8565,580493953bfd9de6d0b2d1d8a4f1e43ab9de066daab1e45d308f79bb0263f1ee,9bf200484942097be941214ac805ecd69cc32c269c4d8421ba2a3372b89ddd6f,glm-4.7-flash:q8_0,a035bf4bc812e1408631c2d2b14581b99dfe39f71d895aceb269b4a886080196,0.33.2,off,16384,3.78
3hop1__273571_834494_34053|no_source|12,3hop1__273571_834494_34053,no_source,evidence,write_note,12,2,14,0.857,prov,lossless,second,0,0,0,12,12,1,1,evidence,evidence,,1,1,0,3004,189,8221,168bfa490b87987c32e9abf27aba2b17c5b1e85904f1f25d9f267c0979b5b569,374532c56893c9737c884e946ac0fe279765d2a1bc431f4980c26497927c5eb0,glm-4.7-flash:q8_0,a035bf4bc812e1408631c2d2b14581b99dfe39f71d895aceb269b4a886080196,0.33.2,off,16384,5.77
3hop1__273571_834494_34053|overwritten_note|12,3hop1__273571_834494_34053,overwritten_note,state,write_note,12,1,14,0.857,log,lossless,second,0,0,0,12,12,1,1,evidence,state,,0,1,0,2390,181,6355,ba8b77f02b64574ea7e93ea62fa1fc123ccb9b7577129cf415e005a243f5b0a5,2ca605117269b4f281195c9988b6a31121c553a653f888f2c4c28128ae62106d,glm-4.7-flash:q8_0,a035bf4bc812e1408631c2d2b14581b99dfe39f71d895aceb269b4a886080196,0.33.2,off,16384,5.03
3hop1__273571_834494_34053|overwritten_note|12,3hop1__273571_834494_34053,overwritten_note,state,write_note,12,1,14,0.857,diff,lossless,second,0,0,0,12,12,1,1,state,state,,1,1,0,3153,193,8602,580493953bfd9de6d0b2d1d8a4f1e43ab9de066daab1e45d308f79bb0263f1ee,a9633ec0149f8cf5463648c4972d67934062411597d2bbeb3592373eb7bf2eab,glm-4.7-flash:q8_0,a035bf4bc812e1408631c2d2b14581b99dfe39f71d895aceb269b4a886080196,0.33.2,off,16384,5.86
3hop1__273571_834494_34053|overwritten_note|12,3hop1__273571_834494_34053,overwritten_note,state,write_note,12,1,14,0.857,prov,lossless,second,0,0,0,12,12,1,1,state,state,,1,1,0,3013,209,8249,168bfa490b87987c32e9abf27aba2b17c5b1e85904f1f25d9f267c0979b5b569,e41b77986a51f1ed2db4dd55e6798e0bc1fa6d6a02bcb2ce7f9d771a3be96ac4,glm-4.7-flash:q8_0,a035bf4bc812e1408631c2d2b14581b99dfe39f71d895aceb269b4a886080196,0.33.2,off,16384,6.34
3hop1__273571_834494_34053|wrong_argument|10,3hop1__273571_834494_34053,wrong_argument,tool,read,10,2,20,0.5,log,lossless,second,0,0,0,12,10,0,1,evidence,tool,,1,1,0,3239,177,9402,ba8b77f02b64574ea7e93ea62fa1fc123ccb9b7577129cf415e005a243f5b0a5,a314b54da5b50e502e1bd8d13e1fdb1068f5729f7511fcaab258f89fc2025e11,glm-4.7-flash:q8_0,a035bf4bc812e1408631c2d2b14581b99dfe39f71d895aceb269b4a886080196,0.33.2,off,16384,8.35
3hop1__273571_834494_34053|wrong_argument|10,3hop1__273571_834494_34053,wrong_argument,tool,read,10,2,20,0.5,diff,lossless,second,0,0,0,18,10,0,0,evidence,tool,,1,1,0,4323,150,12783,580493953bfd9de6d0b2d1d8a4f1e43ab9de066daab1e45d308f79bb0263f1ee,65fb85071f063b9a63af22f18b3690b91af10b5ded3b25abf91a7067f78fdcf9,glm-4.7-flash:q8_0,a035bf4bc812e1408631c2d2b14581b99dfe39f71d895aceb269b4a886080196,0.33.2,off,16384,10.45
3hop1__273571_834494_34053|wrong_argument|10,3hop1__273571_834494_34053,wrong_argument,tool,read,10,2,20,0.5,prov,lossless,second,0,0,0,18,10,0,0,evidence,tool,,1,1,0,4131,181,12122,168bfa490b87987c32e9abf27aba2b17c5b1e85904f1f25d9f267c0979b5b569,f8f61dcf1f4dc9bd0e8d11297e95f16a7c546fbf50ae9d0425a41162b74c50b4,glm-4.7-flash:q8_0,a035bf4bc812e1408631c2d2b14581b99dfe39f71d895aceb269b4a886080196,0.33.2,off,16384,10.27
3hop1__273571_834494_34053|wrong_source|12,3hop1__273571_834494_34053,wrong_source,evidence,write_note,12,1,14,0.857,log,lossless,second,0,0,0,12,12,1,1,evidence,evidence,,1,1,0,2404,154,6365,ba8b77f02b64574ea7e93ea62fa1fc123ccb9b7577129cf415e005a243f5b0a5,601a58f83dd796588c0299685480548737a2483bdb704d3b9e12abbc45036ad2,glm-4.7-flash:q8_0,a035bf4bc812e1408631c2d2b14581b99dfe39f71d895aceb269b4a886080196,0.33.2,off,16384,5.31
3hop1__273571_834494_34053|wrong_source|12,3hop1__273571_834494_34053,wrong_source,evidence,write_note,12,1,14,0.857,diff,lossless,second,0,0,0,12,12,1,1,evidence,evidence,,1,1,0,3168,132,8612,580493953bfd9de6d0b2d1d8a4f1e43ab9de066daab1e45d308f79bb0263f1ee,3120f7c522119f51e32ffcd813fe2536fd7fe3994089b1f2ceb04c47f80bc461,glm-4.7-flash:q8_0,a035bf4bc812e1408631c2d2b14581b99dfe39f71d895aceb269b4a886080196,0.33.2,off,16384,6.35
3hop1__273571_834494_34053|wrong_source|12,3hop1__273571_834494_34053,wrong_source,evidence,write_note,12,1,14,0.857,prov,lossless,second,0,0,0,12,12,1,1,evidence,evidence,,1,1,0,3056,168,8339,168bfa490b87987c32e9abf27aba2b17c5b1e85904f1f25d9f267c0979b5b569,4aea869594b38c964a8a728a0c52b784c0199bd42e873e06da3adc6fc0029dae,glm-4.7-flash:q8_0,a035bf4bc812e1408631c2d2b14581b99dfe39f71d895aceb269b4a886080196,0.33.2,off,16384,6.52
3hop1__222497_309482_80702|corrupted_output|10,3hop1__222497_309482_80702,corrupted_output,tool,read,10,1,20,0.5,log,lossless,second,0,0,0,12,10,0,1,evidence,tool,,0,1,0,3141,208,8957,ba8b77f02b64574ea7e93ea62fa1fc123ccb9b7577129cf415e005a243f5b0a5,93b92a450b1d43fc0530184c468e573a44b2f3f906b99c6a6453f5547500de43,glm-4.7-flash:q8_0,a035bf4bc812e1408631c2d2b14581b99dfe39f71d895aceb269b4a886080196,0.33.2,off,16384,11.22
3hop1__222497_309482_80702|corrupted_output|10,3hop1__222497_309482_80702,corrupted_output,tool,read,10,1,20,0.5,diff,lossless,second,0,0,0,12,10,0,1,evidence,tool,,0,1,0,4138,183,12248,580493953bfd9de6d0b2d1d8a4f1e43ab9de066daab1e45d308f79bb0263f1ee,db78ac018e0cee3220ee2eacce1501b8192993fe8c945bdce082118248fb9379,glm-4.7-flash:q8_0,a035bf4bc812e1408631c2d2b14581b99dfe39f71d895aceb269b4a886080196,0.33.2,off,16384,14.0
3hop1__222497_309482_80702|corrupted_output|10,3hop1__222497_309482_80702,corrupted_output,tool,read,10,1,20,0.5,prov,lossless,second,0,0,0,18,10,0,0,evidence,tool,,1,1,0,4044,175,11689,168bfa490b87987c32e9abf27aba2b17c5b1e85904f1f25d9f267c0979b5b569,454aa46cbb4840d109dae243b259ee77f5fb4e8d2efd1687738652533866474a,glm-4.7-flash:q8_0,a035bf4bc812e1408631c2d2b14581b99dfe39f71d895aceb269b4a886080196,0.33.2,off,16384,14.14
3hop1__222497_309482_80702|dropped_note|18,3hop1__222497_309482_80702,dropped_note,state,write_note,18,2,20,0.9,log,lossless,second,0,0,0,12,18,0,0,evidence,state,,0,1,0,3273,207,9191,ba8b77f02b64574ea7e93ea62fa1fc123ccb9b7577129cf415e005a243f5b0a5,efb353990be294eb02dbbb51c0dbeb2b37a006e72674f93eeb7d754b9b3b58d6,glm-4.7-flash:q8_0,a035bf4bc812e1408631c2d2b14581b99dfe39f71d895aceb269b4a886080196,0.33.2,off,16384,9.47
3hop1__222497_309482_80702|dropped_note|18,3hop1__222497_309482_80702,dropped_note,state,write_note,18,2,20,0.9,diff,lossless,second,0,0,0,12,18,0,0,evidence,state,,1,1,0,4412,144,12815,580493953bfd9de6d0b2d1d8a4f1e43ab9de066daab1e45d308f79bb0263f1ee,e9ff7ab9037ce467d539ac5495ffb273437221b28b4d6711cfe4cc0872d92055,glm-4.7-flash:q8_0,a035bf4bc812e1408631c2d2b14581b99dfe39f71d895aceb269b4a886080196,0.33.2,off,16384,9.56
3hop1__222497_309482_80702|dropped_note|18,3hop1__222497_309482_80702,dropped_note,state,write_note,18,2,20,0.9,prov,lossless,second,0,0,0,,18,0,0,none,state,,0,1,0,4086,96,11648,168bfa490b87987c32e9abf27aba2b17c5b1e85904f1f25d9f267c0979b5b569,cb0d1075463650e6a7e8e980b64fdf6f56e4c50ebe477084964ddbe6c19cca7b,glm-4.7-flash:q8_0,a035bf4bc812e1408631c2d2b14581b99dfe39f71d895aceb269b4a886080196,0.33.2,off,16384,7.19
3hop1__222497_309482_80702|no_source|18,3hop1__222497_309482_80702,no_source,evidence,write_note,18,2,20,0.9,log,lossless,second,0,0,0,18,18,1,1,evidence,evidence,,1,1,0,3271,139,9204,ba8b77f02b64574ea7e93ea62fa1fc123ccb9b7577129cf415e005a243f5b0a5,38181ffa6259da4bf1feb8780faf8ea05682de175542b01f77d0567e3b84b06f,glm-4.7-flash:q8_0,a035bf4bc812e1408631c2d2b14581b99dfe39f71d895aceb269b4a886080196,0.33.2,off,16384,4.24
3hop1__222497_309482_80702|no_source|18,3hop1__222497_309482_80702,no_source,evidence,write_note,18,2,20,0.9,diff,lossless,second,0,0,0,18,18,1,1,evidence,evidence,,0,1,0,4437,232,12924,580493953bfd9de6d0b2d1d8a4f1e43ab9de066daab1e45d308f79bb0263f1ee,0cda590990e3f7cc7409ac1bd8d51e3eaf1794101e4e84cea6952d4b566cbc25,glm-4.7-flash:q8_0,a035bf4bc812e1408631c2d2b14581b99dfe39f71d895aceb269b4a886080196,0.33.2,off,16384,7.3
3hop1__222497_309482_80702|no_source|18,3hop1__222497_309482_80702,no_source,evidence,write_note,18,2,20,0.9,prov,lossless,second,0,0,0,18,18,1,1,evidence,evidence,,0,1,0,4146,155,11861,168bfa490b87987c32e9abf27aba2b17c5b1e85904f1f25d9f267c0979b5b569,b844ead2d367a7bb2351d94095e188d3f00e8fcb69a0995634ad163e1ed5697c,glm-4.7-flash:q8_0,a035bf4bc812e1408631c2d2b14581b99dfe39f71d895aceb269b4a886080196,0.33.2,off,16384,5.3
3hop1__222497_309482_80702|overwritten_note|12,3hop1__222497_309482_80702,overwritten_note,state,write_note,12,0,20,0.6,log,lossless,second,0,0,0,12,12,1,1,evidence,state,,1,1,0,3295,181,9242,ba8b77f02b64574ea7e93ea62fa1fc123ccb9b7577129cf415e005a243f5b0a5,735a267fec7952c3b9e3a0fb4b44314619935b5269e203f62bff30569cd30756,glm-4.7-flash:q8_0,a035bf4bc812e1408631c2d2b14581b99dfe39f71d895aceb269b4a886080196,0.33.2,off,16384,7.2
3hop1__222497_309482_80702|overwritten_note|12,3hop1__222497_309482_80702,overwritten_note,state,write_note,12,0,20,0.6,diff,lossless,second,0,0,0,12,12,1,1,state,state,,1,1,0,4470,155,12972,580493953bfd9de6d0b2d1d8a4f1e43ab9de066daab1e45d308f79bb0263f1ee,d2f417025972e26b09c2a7f3ff4124a8193e992ee0f92fb23a9d3480131e35dc,glm-4.7-flash:q8_0,a035bf4bc812e1408631c2d2b14581b99dfe39f71d895aceb269b4a886080196,0.33.2,off,16384,8.29
3hop1__222497_309482_80702|overwritten_note|12,3hop1__222497_309482_80702,overwritten_note,state,write_note,12,0,20,0.6,prov,lossless,second,0,0,0,12,12,1,1,state,state,,1,1,0,4194,237,11959,168bfa490b87987c32e9abf27aba2b17c5b1e85904f1f25d9f267c0979b5b569,aafe74f899eab48241f60a6d2b3fc455bc6cf351e1403559fa5e14fea822425f,glm-4.7-flash:q8_0,a035bf4bc812e1408631c2d2b14581b99dfe39f71d895aceb269b4a886080196,0.33.2,off,16384,10.33
3hop1__222497_309482_80702|wrong_argument|8,3hop1__222497_309482_80702,wrong_argument,tool,search,8,0,24,0.333,log,lossless,second,0,0,0,16,8,0,0,evidence,tool,,1,1,0,3875,182,11212,ba8b77f02b64574ea7e93ea62fa1fc123ccb9b7577129cf415e005a243f5b0a5,17785bddf0dbe9bc23d19a9f6da50083d229d210575e1a27284ff0ca592f85b8,glm-4.7-flash:q8_0,a035bf4bc812e1408631c2d2b14581b99dfe39f71d895aceb269b4a886080196,0.33.2,off,16384,11.17
3hop1__222497_309482_80702|wrong_argument|8,3hop1__222497_309482_80702,wrong_argument,tool,search,8,0,24,0.333,diff,lossless,second,0,0,0,16,8,0,0,evidence,tool,,1,1,0,5141,157,15186,580493953bfd9de6d0b2d1d8a4f1e43ab9de066daab1e45d308f79bb0263f1ee,0b522c951dbbb03474d084710c3904ad4e9546ebc0549ca26288e89a0c84e8d3,glm-4.7-flash:q8_0,a035bf4bc812e1408631c2d2b14581b99dfe39f71d895aceb269b4a886080196,0.33.2,off,16384,14.15
3hop1__222497_309482_80702|wrong_argument|8,3hop1__222497_309482_80702,wrong_argument,tool,search,8,0,24,0.333,prov,lossless,second,0,0,0,22,8,0,0,evidence,tool,,0,1,0,4892,165,14308,168bfa490b87987c32e9abf27aba2b17c5b1e85904f1f25d9f267c0979b5b569,117342292e8ebaeb2617d33c35d8d5587d4f967a51ecaffc79d85f302b8a8371,glm-4.7-flash:q8_0,a035bf4bc812e1408631c2d2b14581b99dfe39f71d895aceb269b4a886080196,0.33.2,off,16384,13.33
3hop1__222497_309482_80702|wrong_source|18,3hop1__222497_309482_80702,wrong_source,evidence,write_note,18,2,20,0.9,log,lossless,second,0,0,0,18,18,1,1,evidence,evidence,,1,1,0,3290,201,9224,ba8b77f02b64574ea7e93ea62fa1fc123ccb9b7577129cf415e005a243f5b0a5,5a7af864809fae20f25fce456243de56fe41b78435480b97de13faeb2f4dbd14,glm-4.7-flash:q8_0,a035bf4bc812e1408631c2d2b14581b99dfe39f71d895aceb269b4a886080196,0.33.2,off,16384,9.75
3hop1__222497_309482_80702|wrong_source|18,3hop1__222497_309482_80702,wrong_source,evidence,write_note,18,2,20,0.9,diff,lossless,second,0,0,0,18,18,1,1,evidence,evidence,,1,1,0,4465,188,12954,580493953bfd9de6d0b2d1d8a4f1e43ab9de066daab1e45d308f79bb0263f1ee,bc723b9ddcbf21228681dca5ea55d28aeb770087cba86271c9c8059ec1088091,glm-4.7-flash:q8_0,a035bf4bc812e1408631c2d2b14581b99dfe39f71d895aceb269b4a886080196,0.33.2,off,16384,12.36
3hop1__222497_309482_80702|wrong_source|18,3hop1__222497_309482_80702,wrong_source,evidence,write_note,18,2,20,0.9,prov,lossless,second,0,0,0,18,18,1,1,evidence,evidence,,1,1,0,4192,164,11956,168bfa490b87987c32e9abf27aba2b17c5b1e85904f1f25d9f267c0979b5b569,cedbf7bad451db6684aa78a3eda80008efca34265dca00e876d028f5d968ec0c,glm-4.7-flash:q8_0,a035bf4bc812e1408631c2d2b14581b99dfe39f71d895aceb269b4a886080196,0.33.2,off,16384,10.85
3hop1__337705_132457_47686|corrupted_output|14,3hop1__337705_132457_47686,corrupted_output,tool,search,14,2,26,0.538,log,lossless,second,0,0,0,18,14,0,0,evidence,tool,,0,1,0,3742,168,11673,ba8b77f02b64574ea7e93ea62fa1fc123ccb9b7577129cf415e005a243f5b0a5,a9e6fcf611368981e7c924552b5b5da50a644e56eb07b70f88a665c6b49c7915,glm-4.7-flash:q8_0,a035bf4bc812e1408631c2d2b14581b99dfe39f71d895aceb269b4a886080196,0.33.2,off,16384,12.16
3hop1__337705_132457_47686|corrupted_output|14,3hop1__337705_132457_47686,corrupted_output,tool,search,14,2,26,0.538,diff,lossless,second,0,0,0,18,14,0,0,evidence,tool,,1,1,0,4870,140,15329,580493953bfd9de6d0b2d1d8a4f1e43ab9de066daab1e45d308f79bb0263f1ee,74161f7de2279efb8f218b237d8fffe8697c02d53098f7652514447e15f83cba,glm-4.7-flash:q8_0,a035bf4bc812e1408631c2d2b14581b99dfe39f71d895aceb269b4a886080196,0.33.2,off,16384,15.94
3hop1__337705_132457_47686|corrupted_output|14,3hop1__337705_132457_47686,corrupted_output,tool,search,14,2,26,0.538,prov,lossless,second,0,0,0,12,14,0,1,evidence,tool,,1,1,0,4904,194,15235,168bfa490b87987c32e9abf27aba2b17c5b1e85904f1f25d9f267c0979b5b569,70902b4b69a9abad3691ac040ff7879ebc0574a4b857cb4c575727c3c8cd3baa,glm-4.7-flash:q8_0,a035bf4bc812e1408631c2d2b14581b99dfe39f71d895aceb269b4a886080196,0.33.2,off,16384,17.72
3hop1__337705_132457_47686|dropped_note|6,3hop1__337705_132457_47686,dropped_note,state,write_note,6,0,20,0.3,log,lossless,second,0,0,0,6,6,1,1,state,state,,0,1,0,2964,310,8942,ba8b77f02b64574ea7e93ea62fa1fc123ccb9b7577129cf415e005a243f5b0a5,445cc584a65d8d17ac96c66cf613bf7c200e27ed3c8023959555716723b9fac4,glm-4.7-flash:q8_0,a035bf4bc812e1408631c2d2b14581b99dfe39f71d895aceb269b4a886080196,0.33.2,off,16384,12.79
3hop1__337705_132457_47686|dropped_note|6,3hop1__337705_132457_47686,dropped_note,state,write_note,6,0,20,0.3,diff,lossless,second,0,0,0,12,6,0,0,evidence,state,,1,1,0,3812,218,11753,580493953bfd9de6d0b2d1d8a4f1e43ab9de066daab1e45d308f79bb0263f1ee,e19a953f99024b5bf0483d38bc96c600f8edb347d2f54636cf229aa2af38dadf,glm-4.7-flash:q8_0,a035bf4bc812e1408631c2d2b14581b99dfe39f71d895aceb269b4a886080196,0.33.2,off,16384,12.01
3hop1__337705_132457_47686|dropped_note|6,3hop1__337705_132457_47686,dropped_note,state,write_note,6,0,20,0.3,prov,lossless,second,0,0,0,12,6,0,0,evidence,state,,0,1,0,3819,296,11573,168bfa490b87987c32e9abf27aba2b17c5b1e85904f1f25d9f267c0979b5b569,74ecafbc8ba2c0e347591e5230803e8f220b5175ec8d3aabc87abafe27bdc34a,glm-4.7-flash:q8_0,a035bf4bc812e1408631c2d2b14581b99dfe39f71d895aceb269b4a886080196,0.33.2,off,16384,14.09
3hop1__337705_132457_47686|no_source|6,3hop1__337705_132457_47686,no_source,evidence,write_note,6,0,20,0.3,log,lossless,second,0,0,0,12,6,0,0,evidence,evidence,,1,1,0,2927,245,8784,ba8b77f02b64574ea7e93ea62fa1fc123ccb9b7577129cf415e005a243f5b0a5,34d284ba0b7f7d49d907fda6846122a401df435581f25787a0a456d27afc79f4,glm-4.7-flash:q8_0,a035bf4bc812e1408631c2d2b14581b99dfe39f71d895aceb269b4a886080196,0.33.2,off,16384,10.2
3hop1__337705_132457_47686|no_source|6,3hop1__337705_132457_47686,no_source,evidence,write_note,6,0,20,0.3,diff,lossless,second,0,0,0,,6,0,0,none,evidence,,0,1,0,3798,169,11675,580493953bfd9de6d0b2d1d8a4f1e43ab9de066daab1e45d308f79bb0263f1ee,02ef2e33971849772110e20230e1498a894b971e9e80891217d5a4b10d70146a,glm-4.7-flash:q8_0,a035bf4bc812e1408631c2d2b14581b99dfe39f71d895aceb269b4a886080196,0.33.2,off,16384,10.66
3hop1__337705_132457_47686|no_source|6,3hop1__337705_132457_47686,no_source,evidence,write_note,6,0,20,0.3,prov,lossless,second,0,0,0,6,6,1,1,evidence,evidence,,0,1,0,3813,256,11521,168bfa490b87987c32e9abf27aba2b17c5b1e85904f1f25d9f267c0979b5b569,eeadcdaf70ff93fecc6d7d82702da9826677a2ecebd80a25f64bd00d78b54c1a,glm-4.7-flash:q8_0,a035bf4bc812e1408631c2d2b14581b99dfe39f71d895aceb269b4a886080196,0.33.2,off,16384,13.04
3hop1__337705_132457_47686|overwritten_note|18,3hop1__337705_132457_47686,overwritten_note,state,write_note,18,2,20,0.9,log,lossless,second,0,0,0,18,18,1,1,state,state,,1,1,0,2967,157,8974,ba8b77f02b64574ea7e93ea62fa1fc123ccb9b7577129cf415e005a243f5b0a5,99324e250afe5a20f284d0e4e2341df526924f1400cb45d51a1af6fdbb25fdb1,glm-4.7-flash:q8_0,a035bf4bc812e1408631c2d2b14581b99dfe39f71d895aceb269b4a886080196,0.33.2,off,16384,7.99
3hop1__337705_132457_47686|overwritten_note|18,3hop1__337705_132457_47686,overwritten_note,state,write_note,18,2,20,0.9,diff,lossless,second,0,0,0,18,18,1,1,state,state,,1,1,0,3849,187,11875,580493953bfd9de6d0b2d1d8a4f1e43ab9de066daab1e45d308f79bb0263f1ee,88a33fd6a4ea6c24c6e4d6eda65fa8e251f76b62a6760d6b75c053dd96ef0644,glm-4.7-flash:q8_0,a035bf4bc812e1408631c2d2b14581b99dfe39f71d895aceb269b4a886080196,0.33.2,off,16384,11.33
3hop1__337705_132457_47686|overwritten_note|18,3hop1__337705_132457_47686,overwritten_note,state,write_note,18,2,20,0.9,prov,lossless,second,0,0,0,18,18,1,1,evidence,state,,1,1,0,3865,153,11708,168bfa490b87987c32e9abf27aba2b17c5b1e85904f1f25d9f267c0979b5b569,9f8381239b45dfbc364d7c21a364d3c78f2b6ab0e18454323833bd0cb39f4912,glm-4.7-flash:q8_0,a035bf4bc812e1408631c2d2b14581b99dfe39f71d895aceb269b4a886080196,0.33.2,off,16384,10.37
3hop1__337705_132457_47686|wrong_argument|10,3hop1__337705_132457_47686,wrong_argument,tool,read,10,1,20,0.5,log,lossless,second,0,0,0,12,10,0,1,evidence,tool,,1,1,0,2968,155,8958,ba8b77f02b64574ea7e93ea62fa1fc123ccb9b7577129cf415e005a243f5b0a5,502f1f7fe8fdbcfa75976b387627e2cc7d8ae11822727fa6d54fcbfbf029e9ed,glm-4.7-flash:q8_0,a035bf4bc812e1408631c2d2b14581b99dfe39f71d895aceb269b4a886080196,0.33.2,off,16384,7.05
3hop1__337705_132457_47686|wrong_argument|10,3hop1__337705_132457_47686,wrong_argument,tool,read,10,1,20,0.5,diff,lossless,second,0,0,0,12,10,0,1,evidence,tool,,1,1,0,3847,130,11838,580493953bfd9de6d0b2d1d8a4f1e43ab9de066daab1e45d308f79bb0263f1ee,73e8b34266c6d5ba301b016239c5d46ddf8b90c458f2d20f73e04d9cdf07cb12,glm-4.7-flash:q8_0,a035bf4bc812e1408631c2d2b14581b99dfe39f71d895aceb269b4a886080196,0.33.2,off,16384,8.33
3hop1__337705_132457_47686|wrong_argument|10,3hop1__337705_132457_47686,wrong_argument,tool,read,10,1,20,0.5,prov,lossless,second,0,0,0,10,10,1,1,tool,tool,,0,1,0,3877,182,11750,168bfa490b87987c32e9abf27aba2b17c5b1e85904f1f25d9f267c0979b5b569,f28ee05dca93cf813ab1a2a1b8cc5302db01324ecd27ee5bd8fb21ae3c63c50e,glm-4.7-flash:q8_0,a035bf4bc812e1408631c2d2b14581b99dfe39f71d895aceb269b4a886080196,0.33.2,off,16384,9.58
3hop1__337705_132457_47686|wrong_source|18,3hop1__337705_132457_47686,wrong_source,evidence,write_note,18,2,20,0.9,log,lossless,second,0,0,0,18,18,1,1,evidence,evidence,,0,1,0,2980,176,8996,ba8b77f02b64574ea7e93ea62fa1fc123ccb9b7577129cf415e005a243f5b0a5,5f00d019d2c42e48132d67bc20be4c0ef225ddde9b15b692d7505809f57a7a5e,glm-4.7-flash:q8_0,a035bf4bc812e1408631c2d2b14581b99dfe39f71d895aceb269b4a886080196,0.33.2,off,16384,7.62
3hop1__337705_132457_47686|wrong_source|18,3hop1__337705_132457_47686,wrong_source,evidence,write_note,18,2,20,0.9,diff,lossless,second,0,0,0,18,18,1,1,evidence,evidence,,0,1,0,3861,134,11897,580493953bfd9de6d0b2d1d8a4f1e43ab9de066daab1e45d308f79bb0263f1ee,ab421fd0520956844073a4ee614a55c93239d114fbe2066d1e6961c2673fffa1,glm-4.7-flash:q8_0,a035bf4bc812e1408631c2d2b14581b99dfe39f71d895aceb269b4a886080196,0.33.2,off,16384,8.47
3hop1__337705_132457_47686|wrong_source|18,3hop1__337705_132457_47686,wrong_source,evidence,write_note,18,2,20,0.9,prov,lossless,second,0,0,0,18,18,1,1,evidence,evidence,,0,1,0,3907,217,11829,168bfa490b87987c32e9abf27aba2b17c5b1e85904f1f25d9f267c0979b5b569,c5782d39abdf73daa2a7544f107a3884bc3118ed84b9ba783a89c1c2a4587ed2,glm-4.7-flash:q8_0,a035bf4bc812e1408631c2d2b14581b99dfe39f71d895aceb269b4a886080196,0.33.2,off,16384,10.64
3hop1__389069_132457_51423|corrupted_output|4,3hop1__389069_132457_51423,corrupted_output,tool,read,4,0,30,0.133,log,lossless,second,0,0,0,22,4,0,0,evidence,tool,,1,1,0,4411,151,14083,ba8b77f02b64574ea7e93ea62fa1fc123ccb9b7577129cf415e005a243f5b0a5,90a00dbbce55272aeb12c75742d3531aa596cefe942c8c05c6a1e7655697b476,glm-4.7-flash:q8_0,a035bf4bc812e1408631c2d2b14581b99dfe39f71d895aceb269b4a886080196,0.33.2,off,16384,13.77
3hop1__389069_132457_51423|corrupted_output|4,3hop1__389069_132457_51423,corrupted_output,tool,read,4,0,30,0.133,diff,lossless,second,0,0,0,28,4,0,0,evidence,tool,,1,1,0,5798,334,18687,580493953bfd9de6d0b2d1d8a4f1e43ab9de066daab1e45d308f79bb0263f1ee,ed8a756b5919c3f69a25c0b7b62a5b3c6ab0ad4ec5564b06161b3abd269f31c5,glm-4.7-flash:q8_0,a035bf4bc812e1408631c2d2b14581b99dfe39f71d895aceb269b4a886080196,0.33.2,off,16384,24.58
3hop1__389069_132457_51423|corrupted_output|4,3hop1__389069_132457_51423,corrupted_output,tool,read,4,0,30,0.133,prov,lossless,second,0,0,0,12,4,0,0,tool,tool,,0,1,0,5698,194,17939,168bfa490b87987c32e9abf27aba2b17c5b1e85904f1f25d9f267c0979b5b569,0aeadee437d056c2bb6e0eb7de18d2403e46e997b466557d7cd0c3522d418698,glm-4.7-flash:q8_0,a035bf4bc812e1408631c2d2b14581b99dfe39f71d895aceb269b4a886080196,0.33.2,off,16384,20.08
3hop1__389069_132457_51423|dropped_note|18,3hop1__389069_132457_51423,dropped_note,state,write_note,18,1,26,0.692,log,lossless,second,0,0,0,18,18,1,1,evidence,state,,1,1,0,3654,146,11117,ba8b77f02b64574ea7e93ea62fa1fc123ccb9b7577129cf415e005a243f5b0a5,7249cad8108d6aaa4272da203653eaf2603b5da9dfa4dbd861d833cb93e9c5db,glm-4.7-flash:q8_0,a035bf4bc812e1408631c2d2b14581b99dfe39f71d895aceb269b4a886080196,0.33.2,off,16384,11.36
3hop1__389069_132457_51423|dropped_note|18,3hop1__389069_132457_51423,dropped_note,state,write_note,18,1,26,0.692,diff,lossless,second,0,0,0,18,18,1,1,tool,state,,1,1,0,4792,196,14759,580493953bfd9de6d0b2d1d8a4f1e43ab9de066daab1e45d308f79bb0263f1ee,16d82acdb297589c1011203cac09a6875c60368bd9a95d346ef693519adc4168,glm-4.7-flash:q8_0,a035bf4bc812e1408631c2d2b14581b99dfe39f71d895aceb269b4a886080196,0.33.2,off,16384,17.36
3hop1__389069_132457_51423|dropped_note|18,3hop1__389069_132457_51423,dropped_note,state,write_note,18,1,26,0.692,prov,lossless,second,0,0,0,18,18,1,1,evidence,state,,0,1,0,4711,265,14311,168bfa490b87987c32e9abf27aba2b17c5b1e85904f1f25d9f267c0979b5b569,604b1c0636e8d7828409fd869022c85ea3fe712347ee41880ff3a41412bbe86e,glm-4.7-flash:q8_0,a035bf4bc812e1408631c2d2b14581b99dfe39f71d895aceb269b4a886080196,0.33.2,off,16384,19.0
3hop1__389069_132457_51423|no_source|18,3hop1__389069_132457_51423,no_source,evidence,write_note,18,1,26,0.692,log,lossless,second,0,0,0,18,18,1,1,evidence,evidence,,1,1,0,3657,149,11129,ba8b77f02b64574ea7e93ea62fa1fc123ccb9b7577129cf415e005a243f5b0a5,fc1348ef177b79446a9901cf313d7f219053579afc36a02e9a8556db58119c7b,glm-4.7-flash:q8_0,a035bf4bc812e1408631c2d2b14581b99dfe39f71d895aceb269b4a886080196,0.33.2,off,16384,7.37
3hop1__389069_132457_51423|no_source|18,3hop1__389069_132457_51423,no_source,evidence,write_note,18,1,26,0.692,diff,lossless,second,0,0,0,18,18,1,1,evidence,evidence,,1,1,0,4824,169,14889,580493953bfd9de6d0b2d1d8a4f1e43ab9de066daab1e45d308f79bb0263f1ee,0e120d059445f438dd7b3b234373f0f9ace5b29f21f728224e6389751379b733,glm-4.7-flash:q8_0,a035bf4bc812e1408631c2d2b14581b99dfe39f71d895aceb269b4a886080196,0.33.2,off,16384,9.12
3hop1__389069_132457_51423|no_source|18,3hop1__389069_132457_51423,no_source,evidence,write_note,18,1,26,0.692,prov,lossless,second,0,0,0,18,18,1,1,evidence,evidence,,0,1,0,4761,185,14489,168bfa490b87987c32e9abf27aba2b17c5b1e85904f1f25d9f267c0979b5b569,91f26dc67a280f4feb514c546dc27982b234470e4b25e5b77bf659666f15fb24,glm-4.7-flash:q8_0,a035bf4bc812e1408631c2d2b14581b99dfe39f71d895aceb269b4a886080196,0.33.2,off,16384,9.48
3hop1__389069_132457_51423|overwritten_note|24,3hop1__389069_132457_51423,overwritten_note,state,write_note,24,2,26,0.923,log,lossless,second,0,0,0,24,24,1,1,evidence,state,,1,1,0,3659,144,11159,ba8b77f02b64574ea7e93ea62fa1fc123ccb9b7577129cf415e005a243f5b0a5,326e960b1bf029f370b3e8657516c294b99bb4bb58fff35b71a7e602941a3608,glm-4.7-flash:q8_0,a035bf4bc812e1408631c2d2b14581b99dfe39f71d895aceb269b4a886080196,0.33.2,off,16384,6.46
3hop1__389069_132457_51423|overwritten_note|24,3hop1__389069_132457_51423,overwritten_note,state,write_note,24,2,26,0.923,diff,lossless,second,0,0,0,24,24,1,1,state,state,,0,1,0,4836,154,14937,580493953bfd9de6d0b2d1d8a4f1e43ab9de066daab1e45d308f79bb0263f1ee,9f5e94297fbdd373f22dbe828e6a0df9c370a22d3338768727ca0fbb68b94c58,glm-4.7-flash:q8_0,a035bf4bc812e1408631c2d2b14581b99dfe39f71d895aceb269b4a886080196,0.33.2,off,16384,8.66
3hop1__389069_132457_51423|overwritten_note|24,3hop1__389069_132457_51423,overwritten_note,state,write_note,24,2,26,0.923,prov,lossless,second,0,0,0,24,24,1,1,evidence,state,,1,1,0,4776,164,14554,168bfa490b87987c32e9abf27aba2b17c5b1e85904f1f25d9f267c0979b5b569,1a6271d6801b7f908e34f2e787280bcc0acfe76806481b3e7be8fc6eac944193,glm-4.7-flash:q8_0,a035bf4bc812e1408631c2d2b14581b99dfe39f71d895aceb269b4a886080196,0.33.2,off,16384,8.87
3hop1__389069_132457_51423|wrong_argument|20,3hop1__389069_132457_51423,wrong_argument,tool,search,20,2,34,0.588,log,lossless,second,0,0,0,,20,0,0,none,tool,,0,1,0,4499,194,14213,ba8b77f02b64574ea7e93ea62fa1fc123ccb9b7577129cf415e005a243f5b0a5,c252d2f0b8e1902c49e1b129357efbf254065f9706df1209042a55da32e5f1eb,glm-4.7-flash:q8_0,a035bf4bc812e1408631c2d2b14581b99dfe39f71d895aceb269b4a886080196,0.33.2,off,16384,10.41
3hop1__389069_132457_51423|wrong_argument|20,3hop1__389069_132457_51423,wrong_argument,tool,search,20,2,34,0.588,diff,lossless,second,0,0,0,32,20,0,0,evidence,tool,,1,1,0,5979,151,18964,580493953bfd9de6d0b2d1d8a4f1e43ab9de066daab1e45d308f79bb0263f1ee,34780589a5b5eb6fbdc3e2a2ff54017124211fd2bf71d4602b4df3669a5c5b1b,glm-4.7-flash:q8_0,a035bf4bc812e1408631c2d2b14581b99dfe39f71d895aceb269b4a886080196,0.33.2,off,16384,12.74
3hop1__389069_132457_51423|wrong_argument|20,3hop1__389069_132457_51423,wrong_argument,tool,search,20,2,34,0.588,prov,lossless,second,0,0,0,24,20,0,0,tool,tool,,0,1,0,5934,152,18585,168bfa490b87987c32e9abf27aba2b17c5b1e85904f1f25d9f267c0979b5b569,9a0922657f94a91ed5f1bd66b112bb275dfed214751f68ffacf2e718195ece2f,glm-4.7-flash:q8_0,a035bf4bc812e1408631c2d2b14581b99dfe39f71d895aceb269b4a886080196,0.33.2,off,16384,12.59
3hop1__389069_132457_51423|wrong_source|12,3hop1__389069_132457_51423,wrong_source,evidence,write_note,12,0,26,0.462,log,lossless,second,0,0,0,12,12,1,1,evidence,evidence,,1,1,0,3665,197,11151,ba8b77f02b64574ea7e93ea62fa1fc123ccb9b7577129cf415e005a243f5b0a5,4e89b46d37b0dc6457e9da643ed41a96be1a78a23e12e9130494b2586be8edd2,glm-4.7-flash:q8_0,a035bf4bc812e1408631c2d2b14581b99dfe39f71d895aceb269b4a886080196,0.33.2,off,16384,9.88
3hop1__389069_132457_51423|wrong_source|12,3hop1__389069_132457_51423,wrong_source,evidence,write_note,12,0,26,0.462,diff,lossless,second,0,0,0,12,12,1,1,evidence,evidence,,1,1,0,4841,126,14929,580493953bfd9de6d0b2d1d8a4f1e43ab9de066daab1e45d308f79bb0263f1ee,0c42a8b9e7c67c94999711e658ce4c7ac8bcf125b7b0c68a0fbd43447bd5ff0a,glm-4.7-flash:q8_0,a035bf4bc812e1408631c2d2b14581b99dfe39f71d895aceb269b4a886080196,0.33.2,off,16384,10.67
3hop1__389069_132457_51423|wrong_source|12,3hop1__389069_132457_51423,wrong_source,evidence,write_note,12,0,26,0.462,prov,lossless,second,0,0,0,12,12,1,1,evidence,evidence,,0,1,0,4794,193,14576,168bfa490b87987c32e9abf27aba2b17c5b1e85904f1f25d9f267c0979b5b569,67b8096afcbadcf9d2d2600442da11a01687de8d9d6357016381d69313259a41,glm-4.7-flash:q8_0,a035bf4bc812e1408631c2d2b14581b99dfe39f71d895aceb269b4a886080196,0.33.2,off,16384,12.4
3hop1__654651_55349_651302|corrupted_output|8,3hop1__654651_55349_651302,corrupted_output,tool,search,8,1,38,0.211,log,lossless,second,0,0,0,2,8,0,0,tool,tool,,1,1,0,5735,199,19245,ba8b77f02b64574ea7e93ea62fa1fc123ccb9b7577129cf415e005a243f5b0a5,389ec5985b7f7ee87c82067e3a1f2fd6127051a17c98d58680e690655727048c,glm-4.7-flash:q8_0,a035bf4bc812e1408631c2d2b14581b99dfe39f71d895aceb269b4a886080196,0.33.2,off,16384,20.34
3hop1__654651_55349_651302|corrupted_output|8,3hop1__654651_55349_651302,corrupted_output,tool,search,8,1,38,0.211,diff,lossless,second,0,0,0,24,8,0,0,evidence,tool,,1,1,0,7150,157,23591,580493953bfd9de6d0b2d1d8a4f1e43ab9de066daab1e45d308f79bb0263f1ee,9b2c3b734ecc02ee49bc1d5b8ab222ee594541bd9391237fce8364afb66cb98a,glm-4.7-flash:q8_0,a035bf4bc812e1408631c2d2b14581b99dfe39f71d895aceb269b4a886080196,0.33.2,off,16384,25.25
3hop1__654651_55349_651302|corrupted_output|8,3hop1__654651_55349_651302,corrupted_output,tool,search,8,1,38,0.211,prov,lossless,second,0,0,0,28,8,0,0,tool,tool,,0,1,0,7210,184,23725,168bfa490b87987c32e9abf27aba2b17c5b1e85904f1f25d9f267c0979b5b569,78c3eafcd8c172c2e507f7f725c78628e078dc89f4e26ef19f35d68316d7bf91,glm-4.7-flash:q8_0,a035bf4bc812e1408631c2d2b14581b99dfe39f71d895aceb269b4a886080196,0.33.2,off,16384,26.43
3hop1__654651_55349_651302|dropped_note|18,3hop1__654651_55349_651302,dropped_note,state,write_note,18,2,20,0.9,log,lossless,second,0,0,0,18,18,1,1,evidence,state,,0,1,0,2959,249,8729,ba8b77f02b64574ea7e93ea62fa1fc123ccb9b7577129cf415e005a243f5b0a5,f7e39256bcb7be595db9c7656797c5be5ac9a9e63b66b3f83b43b00b113eabc2,glm-4.7-flash:q8_0,a035bf4bc812e1408631c2d2b14581b99dfe39f71d895aceb269b4a886080196,0.33.2,off,16384,13.01
3hop1__654651_55349_651302|dropped_note|18,3hop1__654651_55349_651302,dropped_note,state,write_note,18,2,20,0.9,diff,lossless,second,0,0,0,18,18,1,1,evidence,state,,1,1,0,3810,115,11417,580493953bfd9de6d0b2d1d8a4f1e43ab9de066daab1e45d308f79bb0263f1ee,7d0fbf5b3cfb67dfc5b334fea345dd887af3c6ddf11a1afd0d2cfcbe60b8e7a6,glm-4.7-flash:q8_0,a035bf4bc812e1408631c2d2b14581b99dfe39f71d895aceb269b4a886080196,0.33.2,off,16384,10.91
3hop1__654651_55349_651302|dropped_note|18,3hop1__654651_55349_651302,dropped_note,state,write_note,18,2,20,0.9,prov,lossless,second,0,0,0,14,18,0,0,tool,state,,0,1,0,3774,148,11136,168bfa490b87987c32e9abf27aba2b17c5b1e85904f1f25d9f267c0979b5b569,420282d8b783f5be08c74eb4618d46b00e487ae797cbb1c40632db7e354a7dc3,glm-4.7-flash:q8_0,a035bf4bc812e1408631c2d2b14581b99dfe39f71d895aceb269b4a886080196,0.33.2,off,16384,12.34
3hop1__654651_55349_651302|no_source|18,3hop1__654651_55349_651302,no_source,evidence,write_note,18,2,20,0.9,log,lossless,second,0,0,0,18,18,1,1,evidence,evidence,,1,1,0,2961,157,8730,ba8b77f02b64574ea7e93ea62fa1fc123ccb9b7577129cf415e005a243f5b0a5,9b36fddb9187829b89bf6fe504b117ee7b98fe4992224a5afd59316b2e605127,glm-4.7-flash:q8_0,a035bf4bc812e1408631c2d2b14581b99dfe39f71d895aceb269b4a886080196,0.33.2,off,16384,4.64
3hop1__654651_55349_651302|no_source|18,3hop1__654651_55349_651302,no_source,evidence,write_note,18,2,20,0.9,diff,lossless,second,0,0,0,18,18,1,1,evidence,evidence,,1,1,0,3840,109,11523,580493953bfd9de6d0b2d1d8a4f1e43ab9de066daab1e45d308f79bb0263f1ee,c7b944ad80e804d7f48ce0345065e5e43fb6856c3bd6ce0c4d0c866a27d63006,glm-4.7-flash:q8_0,a035bf4bc812e1408631c2d2b14581b99dfe39f71d895aceb269b4a886080196,0.33.2,off,16384,3.83
3hop1__654651_55349_651302|no_source|18,3hop1__654651_55349_651302,no_source,evidence,write_note,18,2,20,0.9,prov,lossless,second,0,0,0,18,18,1,1,tool,evidence,,1,1,0,3841,186,11325,168bfa490b87987c32e9abf27aba2b17c5b1e85904f1f25d9f267c0979b5b569,28903d9b2d8b8ef2a74333dad69b3cca6d2e4629020c8c43fc8f16c08e5904f0,glm-4.7-flash:q8_0,a035bf4bc812e1408631c2d2b14581b99dfe39f71d895aceb269b4a886080196,0.33.2,off,16384,6.12
3hop1__654651_55349_651302|overwritten_note|12,3hop1__654651_55349_651302,overwritten_note,state,write_note,12,0,20,0.6,log,lossless,second,0,0,0,12,12,1,1,evidence,state,,0,1,0,2982,324,8778,ba8b77f02b64574ea7e93ea62fa1fc123ccb9b7577129cf415e005a243f5b0a5,3db104fd4fa773bc23b7a951571e3da33f3efbd176b1e50e845ef34cadcaf359,glm-4.7-flash:q8_0,a035bf4bc812e1408631c2d2b14581b99dfe39f71d895aceb269b4a886080196,0.33.2,off,16384,10.76
3hop1__654651_55349_651302|overwritten_note|12,3hop1__654651_55349_651302,overwritten_note,state,write_note,12,0,20,0.6,diff,lossless,second,0,0,0,12,12,1,1,evidence,state,,1,1,0,3870,170,11581,580493953bfd9de6d0b2d1d8a4f1e43ab9de066daab1e45d308f79bb0263f1ee,bc9e74883edcfbd2d755e43cf04c9b1c500192ca819f8ff648e6641d7b9a3e01,glm-4.7-flash:q8_0,a035bf4bc812e1408631c2d2b14581b99dfe39f71d895aceb269b4a886080196,0.33.2,off,16384,8.64
3hop1__654651_55349_651302|overwritten_note|12,3hop1__654651_55349_651302,overwritten_note,state,write_note,12,0,20,0.6,prov,lossless,second,0,0,0,12,12,1,1,evidence,state,,1,1,0,3891,222,11441,168bfa490b87987c32e9abf27aba2b17c5b1e85904f1f25d9f267c0979b5b569,8cf29051a4ef871b7d773f5bb7617fb018f7d59555eefa75a93108ddb8b50977,glm-4.7-flash:q8_0,a035bf4bc812e1408631c2d2b14581b99dfe39f71d895aceb269b4a886080196,0.33.2,off,16384,10.0
3hop1__654651_55349_651302|wrong_argument|4,3hop1__654651_55349_651302,wrong_argument,tool,read,4,0,38,0.105,log,lossless,second,0,0,0,34,4,0,0,state,tool,,1,1,0,5555,124,18528,ba8b77f02b64574ea7e93ea62fa1fc123ccb9b7577129cf415e005a243f5b0a5,997eaa91f721068c23aada5246b0c32d4213a7f03fb133d2eb4bdec375df01a4,glm-4.7-flash:q8_0,a035bf4bc812e1408631c2d2b14581b99dfe39f71d895aceb269b4a886080196,0.33.2,off,16384,16.25
3hop1__654651_55349_651302|wrong_argument|4,3hop1__654651_55349_651302,wrong_argument,tool,read,4,0,38,0.105,diff,lossless,second,0,0,0,,4,0,0,none,tool,,0,1,0,7074,186,23299,580493953bfd9de6d0b2d1d8a4f1e43ab9de066daab1e45d308f79bb0263f1ee,d897fe606b6a47053cc776145eecc1a35fc7ef681b8b4eda454e9965eb3c6f6d,glm-4.7-flash:q8_0,a035bf4bc812e1408631c2d2b14581b99dfe39f71d895aceb269b4a886080196,0.33.2,off,16384,24.53
3hop1__654651_55349_651302|wrong_argument|4,3hop1__654651_55349_651302,wrong_argument,tool,read,4,0,38,0.105,prov,lossless,second,0,0,0,34,4,0,0,tool,tool,,0,1,0,7150,237,23507,168bfa490b87987c32e9abf27aba2b17c5b1e85904f1f25d9f267c0979b5b569,ab57d2ab0c3f2ee51701921ebbbe904d10395fb8e630ff35b2193e6182beedc5,glm-4.7-flash:q8_0,a035bf4bc812e1408631c2d2b14581b99dfe39f71d895aceb269b4a886080196,0.33.2,off,16384,26.32
3hop1__654651_55349_651302|wrong_source|18,3hop1__654651_55349_651302,wrong_source,evidence,write_note,18,2,20,0.9,log,lossless,second,0,0,0,18,18,1,1,evidence,evidence,,1,1,0,2980,159,8774,ba8b77f02b64574ea7e93ea62fa1fc123ccb9b7577129cf415e005a243f5b0a5,ae9622cfd812913ab4faf9d11176eb1fe4a29805ba7e688aa650ca40ed2d9393,glm-4.7-flash:q8_0,a035bf4bc812e1408631c2d2b14581b99dfe39f71d895aceb269b4a886080196,0.33.2,off,16384,9.52
3hop1__654651_55349_651302|wrong_source|18,3hop1__654651_55349_651302,wrong_source,evidence,write_note,18,2,20,0.9,diff,lossless,second,0,0,0,18,18,1,1,evidence,evidence,,1,1,0,3867,136,11577,580493953bfd9de6d0b2d1d8a4f1e43ab9de066daab1e45d308f79bb0263f1ee,a2aa32c24f82d233537a5d45f223aab9e7a7c1f0a7f0063b27b8c9b1d72bc651,glm-4.7-flash:q8_0,a035bf4bc812e1408631c2d2b14581b99dfe39f71d895aceb269b4a886080196,0.33.2,off,16384,12.14
3hop1__654651_55349_651302|wrong_source|18,3hop1__654651_55349_651302,wrong_source,evidence,write_note,18,2,20,0.9,prov,lossless,second,0,0,0,18,18,1,1,evidence,evidence,,1,1,0,3888,170,11437,168bfa490b87987c32e9abf27aba2b17c5b1e85904f1f25d9f267c0979b5b569,0feab493b1f869771aecef4a9d295b460bf97b5b482de0bb58c48550024ae09f,glm-4.7-flash:q8_0,a035bf4bc812e1408631c2d2b14581b99dfe39f71d895aceb269b4a886080196,0.33.2,off,16384,13.45
4hop1__608132_508773_85832_745702|corrupted_output|22,4hop1__608132_508773_85832_745702,corrupted_output,tool,read,22,2,26,0.846,log,lossless,second,0,0,0,24,22,0,1,evidence,tool,,0,1,0,3864,177,11966,ba8b77f02b64574ea7e93ea62fa1fc123ccb9b7577129cf415e005a243f5b0a5,5643059d856fb90e944beabb7d2c272ca94a1f015a6faf2b9fd02947cdfb5d78,glm-4.7-flash:q8_0,a035bf4bc812e1408631c2d2b14581b99dfe39f71d895aceb269b4a886080196,0.33.2,off,16384,13.62
4hop1__608132_508773_85832_745702|corrupted_output|22,4hop1__608132_508773_85832_745702,corrupted_output,tool,read,22,2,26,0.846,diff,lossless,second,0,0,0,24,22,0,1,evidence,tool,,1,1,0,5035,137,15758,580493953bfd9de6d0b2d1d8a4f1e43ab9de066daab1e45d308f79bb0263f1ee,e1c0936d378d14735b1374c5ae0e07086d3bca01393df751440a80752e214f7e,glm-4.7-flash:q8_0,a035bf4bc812e1408631c2d2b14581b99dfe39f71d895aceb269b4a886080196,0.33.2,off,16384,15.7
4hop1__608132_508773_85832_745702|corrupted_output|22,4hop1__608132_508773_85832_745702,corrupted_output,tool,read,22,2,26,0.846,prov,lossless,second,0,0,0,24,22,0,1,evidence,tool,,1,1,0,5072,193,15627,168bfa490b87987c32e9abf27aba2b17c5b1e85904f1f25d9f267c0979b5b569,9335ed40270ab9bafacf463b8edc9a72d08b5b646584348d39ad1ad0ef2bdf1e,glm-4.7-flash:q8_0,a035bf4bc812e1408631c2d2b14581b99dfe39f71d895aceb269b4a886080196,0.33.2,off,16384,18.2
4hop1__608132_508773_85832_745702|dropped_note|6,4hop1__608132_508773_85832_745702,dropped_note,state,write_note,6,0,26,0.231,log,lossless,second,0,0,0,12,6,0,0,evidence,state,,0,1,0,3808,209,11685,ba8b77f02b64574ea7e93ea62fa1fc123ccb9b7577129cf415e005a243f5b0a5,477dd675b729a742f456a7fcbedf7db5291afc239bcb577b95105d86022bbeca,glm-4.7-flash:q8_0,a035bf4bc812e1408631c2d2b14581b99dfe39f71d895aceb269b4a886080196,0.33.2,off,16384,11.95
4hop1__608132_508773_85832_745702|dropped_note|6,4hop1__608132_508773_85832_745702,dropped_note,state,write_note,6,0,26,0.231,diff,lossless,second,0,0,0,20,6,0,0,tool,state,,0,1,0,4933,163,15259,580493953bfd9de6d0b2d1d8a4f1e43ab9de066daab1e45d308f79bb0263f1ee,b06b3b3c35c740c507bfe5ae716e309a5208152e4c12acc7123b11896b591345,glm-4.7-flash:q8_0,a035bf4bc812e1408631c2d2b14581b99dfe39f71d895aceb269b4a886080196,0.33.2,off,16384,14.07
4hop1__608132_508773_85832_745702|dropped_note|6,4hop1__608132_508773_85832_745702,dropped_note,state,write_note,6,0,26,0.231,prov,lossless,second,0,0,0,24,6,0,0,evidence,state,,0,1,0,4931,181,15086,168bfa490b87987c32e9abf27aba2b17c5b1e85904f1f25d9f267c0979b5b569,96586c173a67bfcec6a98c46ae0b0d085c4dda2a9eaa94c39c4e3b35825c398a,glm-4.7-flash:q8_0,a035bf4bc812e1408631c2d2b14581b99dfe39f71d895aceb269b4a886080196,0.33.2,off,16384,14.59
4hop1__608132_508773_85832_745702|no_source|6,4hop1__608132_508773_85832_745702,no_source,evidence,write_note,6,0,20,0.3,log,lossless,second,0,0,0,6,6,1,1,evidence,evidence,,1,1,0,3111,184,9585,ba8b77f02b64574ea7e93ea62fa1fc123ccb9b7577129cf415e005a243f5b0a5,514676dfbef3ed0df655583664724d9b663e275e95e5e5537d2492d74299b989,glm-4.7-flash:q8_0,a035bf4bc812e1408631c2d2b14581b99dfe39f71d895aceb269b4a886080196,0.33.2,off,16384,8.97
4hop1__608132_508773_85832_745702|no_source|6,4hop1__608132_508773_85832_745702,no_source,evidence,write_note,6,0,20,0.3,diff,lossless,second,0,0,0,12,6,0,0,evidence,evidence,,1,1,0,4047,165,12658,580493953bfd9de6d0b2d1d8a4f1e43ab9de066daab1e45d308f79bb0263f1ee,17bed86c8f5a946a0250180627c848d463b3c2849a1bac91c31e0d51020570b1,glm-4.7-flash:q8_0,a035bf4bc812e1408631c2d2b14581b99dfe39f71d895aceb269b4a886080196,0.33.2,off,16384,11.57
4hop1__608132_508773_85832_745702|no_source|6,4hop1__608132_508773_85832_745702,no_source,evidence,write_note,6,0,20,0.3,prov,lossless,second,0,0,0,6,6,1,1,evidence,evidence,,1,1,0,4040,179,12448,168bfa490b87987c32e9abf27aba2b17c5b1e85904f1f25d9f267c0979b5b569,ccb4dec09920729e499a5bf3e4f2b396ac04474d5fc1e32575e7857a29ccdf9d,glm-4.7-flash:q8_0,a035bf4bc812e1408631c2d2b14581b99dfe39f71d895aceb269b4a886080196,0.33.2,off,16384,11.37
4hop1__608132_508773_85832_745702|overwritten_note|18,4hop1__608132_508773_85832_745702,overwritten_note,state,write_note,18,1,26,0.692,log,lossless,second,0,0,0,18,18,1,1,state,state,,1,1,0,3824,134,11739,ba8b77f02b64574ea7e93ea62fa1fc123ccb9b7577129cf415e005a243f5b0a5,b33b9d925f14bb98845755016f11540cab2178fdbebb99025b97ec2517d1301c,glm-4.7-flash:q8_0,a035bf4bc812e1408631c2d2b14581b99dfe39f71d895aceb269b4a886080196,0.33.2,off,16384,9.94
4hop1__608132_508773_85832_745702|overwritten_note|18,4hop1__608132_508773_85832_745702,overwritten_note,state,write_note,18,1,26,0.692,diff,lossless,second,0,0,0,18,18,1,1,state,state,,1,1,0,4989,178,15440,580493953bfd9de6d0b2d1d8a4f1e43ab9de066daab1e45d308f79bb0263f1ee,d2141ccc4b24cfd91a725b1a4de1912417b7ec2eb796858f1fd51c02bc9bc14f,glm-4.7-flash:q8_0,a035bf4bc812e1408631c2d2b14581b99dfe39f71d895aceb269b4a886080196,0.33.2,off,16384,14.82
4hop1__608132_508773_85832_745702|overwritten_note|18,4hop1__608132_508773_85832_745702,overwritten_note,state,write_note,18,1,26,0.692,prov,lossless,second,0,0,0,18,18,1,1,tool,state,,1,1,0,5032,187,15394,168bfa490b87987c32e9abf27aba2b17c5b1e85904f1f25d9f267c0979b5b569,2db85e16523fe961a17ddb8610ae1b78d6fe4fc7a3a2065b8112af4ab260208f,glm-4.7-flash:q8_0,a035bf4bc812e1408631c2d2b14581b99dfe39f71d895aceb269b4a886080196,0.33.2,off,16384,15.21
4hop1__608132_508773_85832_745702|wrong_argument|14,4hop1__608132_508773_85832_745702,wrong_argument,tool,search,14,1,30,0.467,log,lossless,second,0,0,0,12,14,0,1,tool,tool,,1,1,0,4429,228,13754,ba8b77f02b64574ea7e93ea62fa1fc123ccb9b7577129cf415e005a243f5b0a5,b0bbf0fc91b5bf8abe7dd3347db37fd9debfc4bbde45f7ac52b20344673710d1,glm-4.7-flash:q8_0,a035bf4bc812e1408631c2d2b14581b99dfe39f71d895aceb269b4a886080196,0.33.2,off,16384,12.76
4hop1__608132_508773_85832_745702|wrong_argument|14,4hop1__608132_508773_85832_745702,wrong_argument,tool,search,14,1,30,0.467,diff,lossless,second,0,0,0,28,14,0,0,evidence,tool,,1,1,0,5687,173,17698,580493953bfd9de6d0b2d1d8a4f1e43ab9de066daab1e45d308f79bb0263f1ee,e1ebd720bf868c5c45243fdb9ce22edfe88ddf5a8d3b21b46f0a72109116d992,glm-4.7-flash:q8_0,a035bf4bc812e1408631c2d2b14581b99dfe39f71d895aceb269b4a886080196,0.33.2,off,16384,14.64
4hop1__608132_508773_85832_745702|wrong_argument|14,4hop1__608132_508773_85832_745702,wrong_argument,tool,search,14,1,30,0.467,prov,lossless,second,0,0,0,14,14,1,1,tool,tool,,0,1,0,5751,176,17772,168bfa490b87987c32e9abf27aba2b17c5b1e85904f1f25d9f267c0979b5b569,419f88f9cda47f5d361b4d52640b22bbac003d0702e8825706116239c99a5e54,glm-4.7-flash:q8_0,a035bf4bc812e1408631c2d2b14581b99dfe39f71d895aceb269b4a886080196,0.33.2,off,16384,15.32
4hop1__608132_508773_85832_745702|wrong_source|24,4hop1__608132_508773_85832_745702,wrong_source,evidence,write_note,24,2,26,0.923,log,lossless,second,0,0,0,24,24,1,1,evidence,evidence,,1,1,0,3828,171,11763,ba8b77f02b64574ea7e93ea62fa1fc123ccb9b7577129cf415e005a243f5b0a5,7d8f5328d0ee477f3015d1d309ffd29d50c807b7b56972962046a69201faa09e,glm-4.7-flash:q8_0,a035bf4bc812e1408631c2d2b14581b99dfe39f71d895aceb269b4a886080196,0.33.2,off,16384,9.15
4hop1__608132_508773_85832_745702|wrong_source|24,4hop1__608132_508773_85832_745702,wrong_source,evidence,write_note,24,2,26,0.923,diff,lossless,second,0,0,0,24,24,1,1,evidence,evidence,,1,1,0,4992,199,15464,580493953bfd9de6d0b2d1d8a4f1e43ab9de066daab1e45d308f79bb0263f1ee,6b082ad7699ce6a8c30f4d3a08f12e6a2a38a56b82dbb3ce050eb9e4030855cf,glm-4.7-flash:q8_0,a035bf4bc812e1408631c2d2b14581b99dfe39f71d895aceb269b4a886080196,0.33.2,off,16384,12.74
4hop1__608132_508773_85832_745702|wrong_source|24,4hop1__608132_508773_85832_745702,wrong_source,evidence,write_note,24,2,26,0.923,prov,lossless,second,0,0,0,24,24,1,1,evidence,evidence,,1,1,0,5034,166,15424,168bfa490b87987c32e9abf27aba2b17c5b1e85904f1f25d9f267c0979b5b569,a8a2098beeab149fda4e468498e24a3e0ec7222f9dfb80a05d8577189248c51e,glm-4.7-flash:q8_0,a035bf4bc812e1408631c2d2b14581b99dfe39f71d895aceb269b4a886080196,0.33.2,off,16384,11.81
3hop1__273571_834494_34088|corrupted_output|2,3hop1__273571_834494_34088,corrupted_output,tool,search,2,0,38,0.053,log,lossless,second,0,0,0,6,2,0,0,evidence,tool,,1,1,0,2844,286,9485,ba8b77f02b64574ea7e93ea62fa1fc123ccb9b7577129cf415e005a243f5b0a5,dfdc3906436bf73110f348753e74017c2261a4a0aa49822e5ea23de21eec6585,glm-4.7-flash:q8_0,a035bf4bc812e1408631c2d2b14581b99dfe39f71d895aceb269b4a886080196,0.33.2,off,16384,12.38
3hop1__273571_834494_34088|corrupted_output|2,3hop1__273571_834494_34088,corrupted_output,tool,search,2,0,38,0.053,diff,lossless,second,0,0,0,8,2,0,0,tool,tool,,0,1,0,3805,223,12176,580493953bfd9de6d0b2d1d8a4f1e43ab9de066daab1e45d308f79bb0263f1ee,0ead70e28708e6e9b114a4164df0fd0f1753559f6e48d7ff3b2eb8b20aab42de,glm-4.7-flash:q8_0,a035bf4bc812e1408631c2d2b14581b99dfe39f71d895aceb269b4a886080196,0.33.2,off,16384,13.87
3hop1__273571_834494_34088|corrupted_output|2,3hop1__273571_834494_34088,corrupted_output,tool,search,2,0,38,0.053,prov,lossless,second,0,0,0,8,2,0,0,tool,tool,,1,1,0,3956,259,12821,168bfa490b87987c32e9abf27aba2b17c5b1e85904f1f25d9f267c0979b5b569,e3dec3581d23c82090373c60d4a91d4e72c90d5c414836d66dfc5dcd3ed58b58,glm-4.7-flash:q8_0,a035bf4bc812e1408631c2d2b14581b99dfe39f71d895aceb269b4a886080196,0.33.2,off,16384,15.83
3hop1__273571_834494_34088|dropped_note|12,3hop1__273571_834494_34088,dropped_note,state,write_note,12,1,20,0.6,log,lossless,second,0,0,0,12,12,1,1,evidence,state,,0,1,0,2983,192,9142,ba8b77f02b64574ea7e93ea62fa1fc123ccb9b7577129cf415e005a243f5b0a5,ecbb64a558f1ab5f03eaf154c7244baf8637b5b3b811b479f96309ca3da4323a,glm-4.7-flash:q8_0,a035bf4bc812e1408631c2d2b14581b99dfe39f71d895aceb269b4a886080196,0.33.2,off,16384,11.18
3hop1__273571_834494_34088|dropped_note|12,3hop1__273571_834494_34088,dropped_note,state,write_note,12,1,20,0.6,diff,lossless,second,0,0,0,,12,0,0,none,state,,0,1,0,3783,509,11747,580493953bfd9de6d0b2d1d8a4f1e43ab9de066daab1e45d308f79bb0263f1ee,259f5e9a00374612e5ded6b6403d2331b3b1a218616e8fe200845c8b4fe5d3f6,glm-4.7-flash:q8_0,a035bf4bc812e1408631c2d2b14581b99dfe39f71d895aceb269b4a886080196,0.33.2,off,16384,21.57
3hop1__273571_834494_34088|dropped_note|12,3hop1__273571_834494_34088,dropped_note,state,write_note,12,1,20,0.6,prov,lossless,second,0,0,0,12,12,1,1,evidence,state,,0,1,0,3821,274,11700,168bfa490b87987c32e9abf27aba2b17c5b1e85904f1f25d9f267c0979b5b569,a29c1030b7b94b4790b13df4963a9e13f5072973121d3df1eb516c1841a363a1,glm-4.7-flash:q8_0,a035bf4bc812e1408631c2d2b14581b99dfe39f71d895aceb269b4a886080196,0.33.2,off,16384,15.91
3hop1__273571_834494_34088|no_source|12,3hop1__273571_834494_34088,no_source,evidence,write_note,12,1,20,0.6,log,lossless,second,0,0,0,12,12,1,1,evidence,evidence,,1,1,0,3006,134,9290,ba8b77f02b64574ea7e93ea62fa1fc123ccb9b7577129cf415e005a243f5b0a5,bcf518755e7f6d9ba6ffce72c1fbd45a5c62bb5ccd69d517a84598ad0a03bd62,glm-4.7-flash:q8_0,a035bf4bc812e1408631c2d2b14581b99dfe39f71d895aceb269b4a886080196,0.33.2,off,16384,6.51
3hop1__273571_834494_34088|no_source|12,3hop1__273571_834494_34088,no_source,evidence,write_note,12,1,20,0.6,diff,lossless,second,0,0,0,12,12,1,1,evidence,evidence,,1,1,0,3826,97,11957,580493953bfd9de6d0b2d1d8a4f1e43ab9de066daab1e45d308f79bb0263f1ee,79cb6bec7bf1540e968b1c75d4d821f712b39d0110c60678a897610828c38e63,glm-4.7-flash:q8_0,a035bf4bc812e1408631c2d2b14581b99dfe39f71d895aceb269b4a886080196,0.33.2,off,16384,6.58
3hop1__273571_834494_34088|no_source|12,3hop1__273571_834494_34088,no_source,evidence,write_note,12,1,20,0.6,prov,lossless,second,0,0,0,12,12,1,1,evidence,evidence,,1,1,0,3888,180,12004,168bfa490b87987c32e9abf27aba2b17c5b1e85904f1f25d9f267c0979b5b569,91ccf9ea78eec9d4c00ec76fefc2163eb0af8496afece2149ace78f709b254e0,glm-4.7-flash:q8_0,a035bf4bc812e1408631c2d2b14581b99dfe39f71d895aceb269b4a886080196,0.33.2,off,16384,8.91
3hop1__273571_834494_34088|overwritten_note|18,3hop1__273571_834494_34088,overwritten_note,state,write_note,18,2,20,0.9,log,lossless,second,0,0,0,18,18,1,1,state,state,,1,1,0,2988,116,9191,ba8b77f02b64574ea7e93ea62fa1fc123ccb9b7577129cf415e005a243f5b0a5,005602fa472b544e5ccd8da2ab79dd6419cba3e125ee5d1167e2d2a371b2446c,glm-4.7-flash:q8_0,a035bf4bc812e1408631c2d2b14581b99dfe39f71d895aceb269b4a886080196,0.33.2,off,16384,5.46
3hop1__273571_834494_34088|overwritten_note|18,3hop1__273571_834494_34088,overwritten_note,state,write_note,18,2,20,0.9,diff,lossless,second,0,0,0,18,18,1,1,state,state,,1,1,0,3820,175,11879,580493953bfd9de6d0b2d1d8a4f1e43ab9de066daab1e45d308f79bb0263f1ee,e026414de777c6f6c08e0f0a5e2bdbe48112ef5a1bace04aea2c7d31ea204078,glm-4.7-flash:q8_0,a035bf4bc812e1408631c2d2b14581b99dfe39f71d895aceb269b4a886080196,0.33.2,off,16384,8.75
3hop1__273571_834494_34088|overwritten_note|18,3hop1__273571_834494_34088,overwritten_note,state,write_note,18,2,20,0.9,prov,lossless,second,0,0,0,18,18,1,1,evidence,state,,1,1,0,3875,200,11915,168bfa490b87987c32e9abf27aba2b17c5b1e85904f1f25d9f267c0979b5b569,6382d2bc76c182d33bbb4fa726848e7b838634384d0b22a520ca858aeedfad0b,glm-4.7-flash:q8_0,a035bf4bc812e1408631c2d2b14581b99dfe39f71d895aceb269b4a886080196,0.33.2,off,16384,9.45
3hop1__273571_834494_34088|wrong_argument|16,3hop1__273571_834494_34088,wrong_argument,tool,read,16,2,20,0.8,log,lossless,second,0,0,0,18,16,0,1,evidence,tool,,0,1,0,3038,204,9385,ba8b77f02b64574ea7e93ea62fa1fc123ccb9b7577129cf415e005a243f5b0a5,860246c5829bdc028f648f0c10b0e2bdaa2bf78dbd8cb3ac64a84ce20f3c6f4a,glm-4.7-flash:q8_0,a035bf4bc812e1408631c2d2b14581b99dfe39f71d895aceb269b4a886080196,0.33.2,off,16384,6.73
3hop1__273571_834494_34088|wrong_argument|16,3hop1__273571_834494_34088,wrong_argument,tool,read,16,2,20,0.8,diff,lossless,second,0,0,0,18,16,0,1,evidence,tool,,1,1,0,3863,220,12114,580493953bfd9de6d0b2d1d8a4f1e43ab9de066daab1e45d308f79bb0263f1ee,a3f56fd83e41196d589ce03c2cf035b1d2c73ab953378d17ae4922aaa2148b30,glm-4.7-flash:q8_0,a035bf4bc812e1408631c2d2b14581b99dfe39f71d895aceb269b4a886080196,0.33.2,off,16384,8.36
3hop1__273571_834494_34088|wrong_argument|16,3hop1__273571_834494_34088,wrong_argument,tool,read,16,2,20,0.8,prov,lossless,second,0,0,0,18,16,0,1,evidence,tool,,0,1,0,3950,164,12158,168bfa490b87987c32e9abf27aba2b17c5b1e85904f1f25d9f267c0979b5b569,f624086210d1dd62c48d470f347647499780fd50c827024d2ff32eb86e0b2e4d,glm-4.7-flash:q8_0,a035bf4bc812e1408631c2d2b14581b99dfe39f71d895aceb269b4a886080196,0.33.2,off,16384,6.75
3hop1__273571_834494_34088|wrong_source|12,3hop1__273571_834494_34088,wrong_source,evidence,write_note,12,0,20,0.6,log,lossless,second,0,0,0,12,12,1,1,evidence,evidence,,1,1,0,3018,145,9323,ba8b77f02b64574ea7e93ea62fa1fc123ccb9b7577129cf415e005a243f5b0a5,c0c458a2fdaf58bb84e463c976dff14358635d8dbd51cbe4002808fea1ce314e,glm-4.7-flash:q8_0,a035bf4bc812e1408631c2d2b14581b99dfe39f71d895aceb269b4a886080196,0.33.2,off,16384,6.29
3hop1__273571_834494_34088|wrong_source|12,3hop1__273571_834494_34088,wrong_source,evidence,write_note,12,0,20,0.6,diff,lossless,second,0,0,0,12,12,1,1,evidence,evidence,,1,1,0,3848,138,12000,580493953bfd9de6d0b2d1d8a4f1e43ab9de066daab1e45d308f79bb0263f1ee,0372538bdf577168dac265f3eaf7c0f46ad142a5077f124da48183ed6925d602,glm-4.7-flash:q8_0,a035bf4bc812e1408631c2d2b14581b99dfe39f71d895aceb269b4a886080196,0.33.2,off,16384,7.78
3hop1__273571_834494_34088|wrong_source|12,3hop1__273571_834494_34088,wrong_source,evidence,write_note,12,0,20,0.6,prov,lossless,second,0,0,0,12,12,1,1,evidence,evidence,,1,1,0,3929,135,12117,168bfa490b87987c32e9abf27aba2b17c5b1e85904f1f25d9f267c0979b5b569,dc6b8df57e7153ec025dd25734cb17e93bc002fde66e8b2932c9aee610120280,glm-4.7-flash:q8_0,a035bf4bc812e1408631c2d2b14581b99dfe39f71d895aceb269b4a886080196,0.33.2,off,16384,7.77
3hop1__813285_774554_124169|corrupted_output|16,3hop1__813285_774554_124169,corrupted_output,tool,read,16,1,26,0.615,log,lossless,second,0,0,0,18,16,0,1,evidence,tool,,0,1,0,4153,187,12469,ba8b77f02b64574ea7e93ea62fa1fc123ccb9b7577129cf415e005a243f5b0a5,8de7b86eee390f654e53d0a0fef9e08b11f1333a0cf7df4fd9ad496023e037ad,glm-4.7-flash:q8_0,a035bf4bc812e1408631c2d2b14581b99dfe39f71d895aceb269b4a886080196,0.33.2,off,16384,13.82
3hop1__813285_774554_124169|corrupted_output|16,3hop1__813285_774554_124169,corrupted_output,tool,read,16,1,26,0.615,diff,lossless,second,0,0,0,18,16,0,1,evidence,tool,,1,1,0,5490,138,16840,580493953bfd9de6d0b2d1d8a4f1e43ab9de066daab1e45d308f79bb0263f1ee,6e8146bdf2e605adc08f914f50d4536612a2edadc21526a680d4a2bf1341ba27,glm-4.7-flash:q8_0,a035bf4bc812e1408631c2d2b14581b99dfe39f71d895aceb269b4a886080196,0.33.2,off,16384,17.36
3hop1__813285_774554_124169|corrupted_output|16,3hop1__813285_774554_124169,corrupted_output,tool,read,16,1,26,0.615,prov,lossless,second,0,0,0,18,16,0,1,evidence,tool,,1,1,0,5314,127,15918,168bfa490b87987c32e9abf27aba2b17c5b1e85904f1f25d9f267c0979b5b569,26d02b4b5313fa68cc4387591f772270991e8483546af3220434561c2fb93f04,glm-4.7-flash:q8_0,a035bf4bc812e1408631c2d2b14581b99dfe39f71d895aceb269b4a886080196,0.33.2,off,16384,16.42
3hop1__813285_774554_124169|dropped_note|24,3hop1__813285_774554_124169,dropped_note,state,write_note,24,2,26,0.923,log,lossless,second,0,0,0,18,24,0,0,evidence,state,,1,1,0,3991,207,11988,ba8b77f02b64574ea7e93ea62fa1fc123ccb9b7577129cf415e005a243f5b0a5,cd2e2c27566f9297e7d02dac1f2ff9adb47f75a61ef00f9f47fe0290e63b7abd,glm-4.7-flash:q8_0,a035bf4bc812e1408631c2d2b14581b99dfe39f71d895aceb269b4a886080196,0.33.2,off,16384,9.2
3hop1__813285_774554_124169|dropped_note|24,3hop1__813285_774554_124169,dropped_note,state,write_note,24,2,26,0.923,diff,lossless,second,0,0,0,,24,0,0,none,state,,0,1,0,5275,467,16209,580493953bfd9de6d0b2d1d8a4f1e43ab9de066daab1e45d308f79bb0263f1ee,6c8af451c098d669f41db55d5d02dbec7def7d62a9ab8e0b2d715391bf133ed3,glm-4.7-flash:q8_0,a035bf4bc812e1408631c2d2b14581b99dfe39f71d895aceb269b4a886080196,0.33.2,off,16384,20.03
3hop1__813285_774554_124169|dropped_note|24,3hop1__813285_774554_124169,dropped_note,state,write_note,24,2,26,0.923,prov,lossless,second,0,0,0,24,24,1,1,evidence,state,,0,1,0,5044,164,15117,168bfa490b87987c32e9abf27aba2b17c5b1e85904f1f25d9f267c0979b5b569,afc943d5d8da6f5e94af38ac85674bca63affaac4bedf09a72ba969d0629bd2d,glm-4.7-flash:q8_0,a035bf4bc812e1408631c2d2b14581b99dfe39f71d895aceb269b4a886080196,0.33.2,off,16384,9.67
3hop1__813285_774554_124169|no_source|24,3hop1__813285_774554_124169,no_source,evidence,write_note,24,2,26,0.923,log,lossless,second,0,0,0,24,24,1,1,evidence,evidence,,1,1,0,3995,138,12019,ba8b77f02b64574ea7e93ea62fa1fc123ccb9b7577129cf415e005a243f5b0a5,5b3b9111c8687ff09c96eab2ef7044e8afeece8fce8e7635bc0fcbb2c0ba8fdd,glm-4.7-flash:q8_0,a035bf4bc812e1408631c2d2b14581b99dfe39f71d895aceb269b4a886080196,0.33.2,off,16384,4.42
3hop1__813285_774554_124169|no_source|24,3hop1__813285_774554_124169,no_source,evidence,write_note,24,2,26,0.923,diff,lossless,second,0,0,0,24,24,1,1,evidence,evidence,,1,1,0,5305,141,16330,580493953bfd9de6d0b2d1d8a4f1e43ab9de066daab1e45d308f79bb0263f1ee,308a3a76bd15de4a6fb6de5ab195d00fa2ba539e90c91ff5e5d67485272b78d6,glm-4.7-flash:q8_0,a035bf4bc812e1408631c2d2b14581b99dfe39f71d895aceb269b4a886080196,0.33.2,off,16384,5.04
3hop1__813285_774554_124169|no_source|24,3hop1__813285_774554_124169,no_source,evidence,write_note,24,2,26,0.923,prov,lossless,second,0,0,0,24,24,1,1,evidence,evidence,,0,1,0,5112,181,15339,168bfa490b87987c32e9abf27aba2b17c5b1e85904f1f25d9f267c0979b5b569,5995b70ae430479e70e9840de5b65a528cccbcf3f4043fd093208e25e0bb69e3,glm-4.7-flash:q8_0,a035bf4bc812e1408631c2d2b14581b99dfe39f71d895aceb269b4a886080196,0.33.2,off,16384,6.31
3hop1__813285_774554_124169|overwritten_note|12,3hop1__813285_774554_124169,overwritten_note,state,write_note,12,0,26,0.462,log,lossless,second,0,0,0,12,12,1,1,evidence,state,,0,1,0,4013,280,12039,ba8b77f02b64574ea7e93ea62fa1fc123ccb9b7577129cf415e005a243f5b0a5,e9a07d25777f9736ab6a645e95084aa69142538a258b390cce5bffc1e236ebac,glm-4.7-flash:q8_0,a035bf4bc812e1408631c2d2b14581b99dfe39f71d895aceb269b4a886080196,0.33.2,off,16384,12.49
3hop1__813285_774554_124169|overwritten_note|12,3hop1__813285_774554_124169,overwritten_note,state,write_note,12,0,26,0.462,diff,lossless,second,0,0,0,12,12,1,1,state,state,,1,1,0,5332,142,16360,580493953bfd9de6d0b2d1d8a4f1e43ab9de066daab1e45d308f79bb0263f1ee,901f7f6055dc6542a98a3ca38ea511d0868934276d34737d9e74f59e06830949,glm-4.7-flash:q8_0,a035bf4bc812e1408631c2d2b14581b99dfe39f71d895aceb269b4a886080196,0.33.2,off,16384,12.03
3hop1__813285_774554_124169|overwritten_note|12,3hop1__813285_774554_124169,overwritten_note,state,write_note,12,0,26,0.462,prov,lossless,second,0,0,0,12,12,1,1,evidence,state,,1,1,0,5156,215,15421,168bfa490b87987c32e9abf27aba2b17c5b1e85904f1f25d9f267c0979b5b569,413d6ad23003e0bc478948ce467408577365de0fe6ffa0f4a21938ffd2a5edf9,glm-4.7-flash:q8_0,a035bf4bc812e1408631c2d2b14581b99dfe39f71d895aceb269b4a886080196,0.33.2,off,16384,13.89
3hop1__813285_774554_124169|wrong_argument|8,3hop1__813285_774554_124169,wrong_argument,tool,search,8,0,38,0.211,log,lossless,second,0,0,0,24,8,0,0,evidence,tool,,1,1,0,5053,198,15982,ba8b77f02b64574ea7e93ea62fa1fc123ccb9b7577129cf415e005a243f5b0a5,3ab0fc113b56957fb5d4c11d0d8f3d0674c05884dc1f7491314bb51816a3ade8,glm-4.7-flash:q8_0,a035bf4bc812e1408631c2d2b14581b99dfe39f71d895aceb269b4a886080196,0.33.2,off,16384,15.88
3hop1__813285_774554_124169|wrong_argument|8,3hop1__813285_774554_124169,wrong_argument,tool,search,8,0,38,0.211,diff,lossless,second,0,0,0,32,8,0,0,tool,tool,,0,1,0,6641,212,21045,580493953bfd9de6d0b2d1d8a4f1e43ab9de066daab1e45d308f79bb0263f1ee,02d383df60ba67cd7ea554c40e16356f3e075d43e1af4f80186b62610f359ee5,glm-4.7-flash:q8_0,a035bf4bc812e1408631c2d2b14581b99dfe39f71d895aceb269b4a886080196,0.33.2,off,16384,22.13
3hop1__813285_774554_124169|wrong_argument|8,3hop1__813285_774554_124169,wrong_argument,tool,search,8,0,38,0.211,prov,lossless,second,0,0,0,,8,0,0,,tool,,0,0,0,6490,1024,20274,168bfa490b87987c32e9abf27aba2b17c5b1e85904f1f25d9f267c0979b5b569,0e28a683eca36a062ce54c051c1878d04c7d7ed8e819c453f2b270d0e5ce726c,glm-4.7-flash:q8_0,a035bf4bc812e1408631c2d2b14581b99dfe39f71d895aceb269b4a886080196,0.33.2,off,16384,46.47
3hop1__813285_774554_124169|wrong_source|18,3hop1__813285_774554_124169,wrong_source,evidence,write_note,18,1,26,0.692,log,lossless,second,0,0,0,18,18,1,1,evidence,evidence,,1,1,0,4012,177,12039,ba8b77f02b64574ea7e93ea62fa1fc123ccb9b7577129cf415e005a243f5b0a5,b0ad97260524e57dfd97eb9ede77861b405c445385ca4b024462764cf78fa21a,glm-4.7-flash:q8_0,a035bf4bc812e1408631c2d2b14581b99dfe39f71d895aceb269b4a886080196,0.33.2,off,16384,11.61
3hop1__813285_774554_124169|wrong_source|18,3hop1__813285_774554_124169,wrong_source,evidence,write_note,18,1,26,0.692,diff,lossless,second,0,0,0,18,18,1,1,evidence,evidence,,0,1,0,5329,303,16360,580493953bfd9de6d0b2d1d8a4f1e43ab9de066daab1e45d308f79bb0263f1ee,aebc4e78410d3dd763a0f712acdbe74e052d8f798d164865ebb54ff86157e3e6,glm-4.7-flash:q8_0,a035bf4bc812e1408631c2d2b14581b99dfe39f71d895aceb269b4a886080196,0.33.2,off,16384,19.99
3hop1__813285_774554_124169|wrong_source|18,3hop1__813285_774554_124169,wrong_source,evidence,write_note,18,1,26,0.692,prov,lossless,second,0,0,0,18,18,1,1,evidence,evidence,,1,1,0,5157,172,15433,168bfa490b87987c32e9abf27aba2b17c5b1e85904f1f25d9f267c0979b5b569,0be5bf6e6c156f11ff47f72bbe009f2414eb3f3f8102e7343b518478448583cf,glm-4.7-flash:q8_0,a035bf4bc812e1408631c2d2b14581b99dfe39f71d895aceb269b4a886080196,0.33.2,off,16384,17.15
3hop1__131820_59747_60748|corrupted_output|8,3hop1__131820_59747_60748,corrupted_output,tool,search,8,2,38,0.211,log,lossless,second,0,0,0,32,8,0,0,evidence,tool,,1,1,0,5942,271,20201,ba8b77f02b64574ea7e93ea62fa1fc123ccb9b7577129cf415e005a243f5b0a5,f670cc493870e41b614ef7c00c09c312d02ed1ca62de9011e5367a97fd6e506d,glm-4.7-flash:q8_0,a035bf4bc812e1408631c2d2b14581b99dfe39f71d895aceb269b4a886080196,0.33.2,off,16384,23.32
3hop1__131820_59747_60748|corrupted_output|8,3hop1__131820_59747_60748,corrupted_output,tool,search,8,2,38,0.211,diff,lossless,second,0,0,0,12,8,0,0,evidence,tool,,1,1,0,7558,513,25507,580493953bfd9de6d0b2d1d8a4f1e43ab9de066daab1e45d308f79bb0263f1ee,b3e0ddc21adfd6d2d6be1ba8087a7beaaaaaeadb355cce30437b0189bee2d9cd,glm-4.7-flash:q8_0,a035bf4bc812e1408631c2d2b14581b99dfe39f71d895aceb269b4a886080196,0.33.2,off,16384,38.42
3hop1__131820_59747_60748|corrupted_output|8,3hop1__131820_59747_60748,corrupted_output,tool,search,8,2,38,0.211,prov,lossless,second,0,0,0,32,8,0,0,tool,tool,,0,1,0,7489,336,25020,168bfa490b87987c32e9abf27aba2b17c5b1e85904f1f25d9f267c0979b5b569,addb4d9119392a81db8e1ee977f200b110cd4a8526bdf0dfb4f7e689d8d4ef3c,glm-4.7-flash:q8_0,a035bf4bc812e1408631c2d2b14581b99dfe39f71d895aceb269b4a886080196,0.33.2,off,16384,32.57
3hop1__131820_59747_60748|dropped_note|6,3hop1__131820_59747_60748,dropped_note,state,write_note,6,0,14,0.429,log,lossless,second,0,0,0,14,6,0,0,evidence,state,,0,1,0,2337,227,6549,ba8b77f02b64574ea7e93ea62fa1fc123ccb9b7577129cf415e005a243f5b0a5,1dc9cbca0e8bcdba84007a50a569dd1fa7a546e590d4f789c440bd3574ede3d9,glm-4.7-flash:q8_0,a035bf4bc812e1408631c2d2b14581b99dfe39f71d895aceb269b4a886080196,0.33.2,off,16384,9.41
3hop1__131820_59747_60748|dropped_note|6,3hop1__131820_59747_60748,dropped_note,state,write_note,6,0,14,0.429,diff,lossless,second,0,0,0,,6,0,0,none,state,,0,1,0,3006,171,8907,580493953bfd9de6d0b2d1d8a4f1e43ab9de066daab1e45d308f79bb0263f1ee,baa4a7ded01904b461112184b5ab6bd69395d54c1a2f8d17904b8e865f46789a,glm-4.7-flash:q8_0,a035bf4bc812e1408631c2d2b14581b99dfe39f71d895aceb269b4a886080196,0.33.2,off,16384,10.29
3hop1__131820_59747_60748|dropped_note|6,3hop1__131820_59747_60748,dropped_note,state,write_note,6,0,14,0.429,prov,lossless,second,0,0,0,,6,0,0,,state,,0,0,0,2945,1024,8356,168bfa490b87987c32e9abf27aba2b17c5b1e85904f1f25d9f267c0979b5b569,832e9f6c758600f44abcbc0114ea4e6d7c9dd2afbdceaa4bf5c17c39d356aaf4,glm-4.7-flash:q8_0,a035bf4bc812e1408631c2d2b14581b99dfe39f71d895aceb269b4a886080196,0.33.2,off,16384,33.13
3hop1__131820_59747_60748|no_source|6,3hop1__131820_59747_60748,no_source,evidence,write_note,6,0,14,0.429,log,lossless,second,0,0,0,6,6,1,1,evidence,evidence,,1,1,0,2369,143,6734,ba8b77f02b64574ea7e93ea62fa1fc123ccb9b7577129cf415e005a243f5b0a5,94dc3ad79e744a97570b1da7ae50a3eba351116db5779417d4c17b0667abb9bc,glm-4.7-flash:q8_0,a035bf4bc812e1408631c2d2b14581b99dfe39f71d895aceb269b4a886080196,0.33.2,off,16384,6.1
3hop1__131820_59747_60748|no_source|6,3hop1__131820_59747_60748,no_source,evidence,write_note,6,0,14,0.429,diff,lossless,second,0,0,0,12,6,0,0,evidence,evidence,,1,1,0,3062,482,9176,580493953bfd9de6d0b2d1d8a4f1e43ab9de066daab1e45d308f79bb0263f1ee,2ce3dd4df585129c9554ef5add62678437f01d1ac62a4fe68189b09019245640,glm-4.7-flash:q8_0,a035bf4bc812e1408631c2d2b14581b99dfe39f71d895aceb269b4a886080196,0.33.2,off,16384,16.38
3hop1__131820_59747_60748|no_source|6,3hop1__131820_59747_60748,no_source,evidence,write_note,6,0,14,0.429,prov,lossless,second,0,0,0,6,6,1,1,evidence,evidence,,0,1,0,3018,296,8666,168bfa490b87987c32e9abf27aba2b17c5b1e85904f1f25d9f267c0979b5b569,ab500772845ad504fcaecc99a9ed17e34b1cd38ee3a2a913015eb3e311121bff,glm-4.7-flash:q8_0,a035bf4bc812e1408631c2d2b14581b99dfe39f71d895aceb269b4a886080196,0.33.2,off,16384,11.33
3hop1__131820_59747_60748|overwritten_note|12,3hop1__131820_59747_60748,overwritten_note,state,write_note,12,1,14,0.857,log,lossless,second,0,0,0,12,12,1,1,state,state,,1,1,0,2337,110,6576,ba8b77f02b64574ea7e93ea62fa1fc123ccb9b7577129cf415e005a243f5b0a5,74fd9886ba969a6a1c832a615fcf46e950f31c6ff1a56ebac756283f3f15d42f,glm-4.7-flash:q8_0,a035bf4bc812e1408631c2d2b14581b99dfe39f71d895aceb269b4a886080196,0.33.2,off,16384,5.11
3hop1__131820_59747_60748|overwritten_note|12,3hop1__131820_59747_60748,overwritten_note,state,write_note,12,1,14,0.857,diff,lossless,second,0,0,0,12,12,1,1,state,state,,1,1,0,3041,167,9028,580493953bfd9de6d0b2d1d8a4f1e43ab9de066daab1e45d308f79bb0263f1ee,7370684bcd27bf3be35c0634499d38be35d1cd029ede53954b9e6bd05f90af31,glm-4.7-flash:q8_0,a035bf4bc812e1408631c2d2b14581b99dfe39f71d895aceb269b4a886080196,0.33.2,off,16384,7.99
3hop1__131820_59747_60748|overwritten_note|12,3hop1__131820_59747_60748,overwritten_note,state,write_note,12,1,14,0.857,prov,lossless,second,0,0,0,12,12,1,1,state,state,,1,1,0,2983,144,8482,168bfa490b87987c32e9abf27aba2b17c5b1e85904f1f25d9f267c0979b5b569,226f5ba073291382ec4e95af8ab65f804c49bfdf4e77200c5b39032d4f1a54a2,glm-4.7-flash:q8_0,a035bf4bc812e1408631c2d2b14581b99dfe39f71d895aceb269b4a886080196,0.33.2,off,16384,7.18
3hop1__131820_59747_60748|wrong_argument|10,3hop1__131820_59747_60748,wrong_argument,tool,read,10,2,38,0.263,log,lossless,second,0,0,0,18,10,0,0,evidence,tool,,0,1,0,5848,219,19492,ba8b77f02b64574ea7e93ea62fa1fc123ccb9b7577129cf415e005a243f5b0a5,14f5947b15a093aaf1f1e46c0d09619ba3b6ae717717b31c4f2a4fc451072b1f,glm-4.7-flash:q8_0,a035bf4bc812e1408631c2d2b14581b99dfe39f71d895aceb269b4a886080196,0.33.2,off,16384,18.68
3hop1__131820_59747_60748|wrong_argument|10,3hop1__131820_59747_60748,wrong_argument,tool,read,10,2,38,0.263,diff,lossless,second,0,0,0,,10,0,0,,tool,,0,0,0,7751,1024,25688,580493953bfd9de6d0b2d1d8a4f1e43ab9de066daab1e45d308f79bb0263f1ee,84c01b4ed6fcc49c09dcbdcaacc3cd5b49709444d219dce1c089f6a037f7030b,glm-4.7-flash:q8_0,a035bf4bc812e1408631c2d2b14581b99dfe39f71d895aceb269b4a886080196,0.33.2,off,16384,53.16
3hop1__131820_59747_60748|wrong_argument|10,3hop1__131820_59747_60748,wrong_argument,tool,read,10,2,38,0.263,prov,lossless,second,0,0,0,,10,0,0,none,tool,,0,1,0,7415,303,24248,168bfa490b87987c32e9abf27aba2b17c5b1e85904f1f25d9f267c0979b5b569,f8e1dd7b6978ba0f99bb8d971b9f98bb00a83b76a42f2e5123e37d122973d696,glm-4.7-flash:q8_0,a035bf4bc812e1408631c2d2b14581b99dfe39f71d895aceb269b4a886080196,0.33.2,off,16384,27.81
3hop1__131820_59747_60748|wrong_source|12,3hop1__131820_59747_60748,wrong_source,evidence,write_note,12,1,14,0.857,log,lossless,second,0,0,0,12,12,1,1,evidence,evidence,,1,1,0,2350,169,6591,ba8b77f02b64574ea7e93ea62fa1fc123ccb9b7577129cf415e005a243f5b0a5,af34a31eb3352c5e8afb258112b6e48f9766c8a85d5e745662fe23aeb910d62b,glm-4.7-flash:q8_0,a035bf4bc812e1408631c2d2b14581b99dfe39f71d895aceb269b4a886080196,0.33.2,off,16384,5.58
3hop1__131820_59747_60748|wrong_source|12,3hop1__131820_59747_60748,wrong_source,evidence,write_note,12,1,14,0.857,diff,lossless,second,0,0,0,12,12,1,1,evidence,evidence,,1,1,0,3053,126,9043,580493953bfd9de6d0b2d1d8a4f1e43ab9de066daab1e45d308f79bb0263f1ee,396cce80bc42963aedbb6db1a6164485063d607977daa4275a40081e13bde76b,glm-4.7-flash:q8_0,a035bf4bc812e1408631c2d2b14581b99dfe39f71d895aceb269b4a886080196,0.33.2,off,16384,8.8
3hop1__131820_59747_60748|wrong_source|12,3hop1__131820_59747_60748,wrong_source,evidence,write_note,12,1,14,0.857,prov,lossless,second,0,0,0,12,12,1,1,evidence,evidence,,1,1,0,3028,191,8595,168bfa490b87987c32e9abf27aba2b17c5b1e85904f1f25d9f267c0979b5b569,5b69b9c8ee86ebe5f97515188605a8aa3c98911874ac56e1a69c57f3ccb7fbb5,glm-4.7-flash:q8_0,a035bf4bc812e1408631c2d2b14581b99dfe39f71d895aceb269b4a886080196,0.33.2,off,16384,6.95
3hop1__401538_132457_47686|corrupted_output|4,3hop1__401538_132457_47686,corrupted_output,tool,read,4,0,38,0.105,log,lossless,second,0,0,0,6,4,0,1,evidence,tool,,0,1,0,5487,232,19067,ba8b77f02b64574ea7e93ea62fa1fc123ccb9b7577129cf415e005a243f5b0a5,c26e0c629a349a3afa3c55ffa0c9c3f03aa129b311828e6555b657692635ea47,glm-4.7-flash:q8_0,a035bf4bc812e1408631c2d2b14581b99dfe39f71d895aceb269b4a886080196,0.33.2,off,16384,20.54
3hop1__401538_132457_47686|corrupted_output|4,3hop1__401538_132457_47686,corrupted_output,tool,read,4,0,38,0.105,diff,lossless,second,0,0,0,6,4,0,1,evidence,tool,,1,1,0,6896,169,23734,580493953bfd9de6d0b2d1d8a4f1e43ab9de066daab1e45d308f79bb0263f1ee,9bccf52c2c35e086cf4de3161fe8f5e5d7148619b33c9b26e3bf215595c3d264,glm-4.7-flash:q8_0,a035bf4bc812e1408631c2d2b14581b99dfe39f71d895aceb269b4a886080196,0.33.2,off,16384,24.45
3hop1__401538_132457_47686|corrupted_output|4,3hop1__401538_132457_47686,corrupted_output,tool,read,4,0,38,0.105,prov,lossless,second,0,0,0,6,4,0,1,evidence,tool,,1,1,0,6876,179,23441,168bfa490b87987c32e9abf27aba2b17c5b1e85904f1f25d9f267c0979b5b569,8e1fbfc31caa3b29e762b9cca0cef946f8bf2eddfbda23a4e3ec0a502c0ec0fe,glm-4.7-flash:q8_0,a035bf4bc812e1408631c2d2b14581b99dfe39f71d895aceb269b4a886080196,0.33.2,off,16384,24.78
3hop1__401538_132457_47686|dropped_note|12,3hop1__401538_132457_47686,dropped_note,state,write_note,12,1,20,0.6,log,lossless,second,0,0,0,8,12,0,0,tool,state,,1,1,0,2911,265,8751,ba8b77f02b64574ea7e93ea62fa1fc123ccb9b7577129cf415e005a243f5b0a5,ec02e3839add6a89a4e1bd761137b9d129c3c2ba7740b37d3c0660e024b5ebb7,glm-4.7-flash:q8_0,a035bf4bc812e1408631c2d2b14581b99dfe39f71d895aceb269b4a886080196,0.33.2,off,16384,12.93
3hop1__401538_132457_47686|dropped_note|12,3hop1__401538_132457_47686,dropped_note,state,write_note,12,1,20,0.6,diff,lossless,second,0,0,0,18,12,0,0,evidence,state,,1,1,0,3780,127,11639,580493953bfd9de6d0b2d1d8a4f1e43ab9de066daab1e45d308f79bb0263f1ee,8ec24cd9c2d6b8c97e9aeb69d302f158cd714c7923b9e83cd2d88a790bc11202,glm-4.7-flash:q8_0,a035bf4bc812e1408631c2d2b14581b99dfe39f71d895aceb269b4a886080196,0.33.2,off,16384,11.15
3hop1__401538_132457_47686|dropped_note|12,3hop1__401538_132457_47686,dropped_note,state,write_note,12,1,20,0.6,prov,lossless,second,0,0,0,12,12,1,1,evidence,state,,0,1,0,3736,216,11303,168bfa490b87987c32e9abf27aba2b17c5b1e85904f1f25d9f267c0979b5b569,d24c47e0a15282019691cd174020a7e71e2a62407b77182bcadbaba9fd0aaab1,glm-4.7-flash:q8_0,a035bf4bc812e1408631c2d2b14581b99dfe39f71d895aceb269b4a886080196,0.33.2,off,16384,13.44
3hop1__401538_132457_47686|no_source|12,3hop1__401538_132457_47686,no_source,evidence,write_note,12,1,20,0.6,log,lossless,second,0,0,0,12,12,1,1,evidence,evidence,,1,1,0,2925,128,8828,ba8b77f02b64574ea7e93ea62fa1fc123ccb9b7577129cf415e005a243f5b0a5,eddaeff26617084242ff9051015e35125e084ba7d18e8823041fb8313c06c873,glm-4.7-flash:q8_0,a035bf4bc812e1408631c2d2b14581b99dfe39f71d895aceb269b4a886080196,0.33.2,off,16384,6.27
3hop1__401538_132457_47686|no_source|12,3hop1__401538_132457_47686,no_source,evidence,write_note,12,1,20,0.6,diff,lossless,second,0,0,0,12,12,1,1,evidence,evidence,,1,1,0,3812,102,11765,580493953bfd9de6d0b2d1d8a4f1e43ab9de066daab1e45d308f79bb0263f1ee,6e8d76259a1281e434625b8f73479f9648032218f5c8d741fc566f8e0f2f1ccd,glm-4.7-flash:q8_0,a035bf4bc812e1408631c2d2b14581b99dfe39f71d895aceb269b4a886080196,0.33.2,off,16384,6.66
3hop1__401538_132457_47686|no_source|12,3hop1__401538_132457_47686,no_source,evidence,write_note,12,1,20,0.6,prov,lossless,second,0,0,0,12,12,1,1,evidence,evidence,,1,1,0,3784,180,11483,168bfa490b87987c32e9abf27aba2b17c5b1e85904f1f25d9f267c0979b5b569,864858f780ea596fcd63f6aa7493df35539386c90dae934d6ee41dcd7567cf7b,glm-4.7-flash:q8_0,a035bf4bc812e1408631c2d2b14581b99dfe39f71d895aceb269b4a886080196,0.33.2,off,16384,8.66
3hop1__401538_132457_47686|overwritten_note|18,3hop1__401538_132457_47686,overwritten_note,state,write_note,18,2,20,0.9,log,lossless,second,0,0,0,18,18,1,1,state,state,,1,1,0,2912,117,8771,ba8b77f02b64574ea7e93ea62fa1fc123ccb9b7577129cf415e005a243f5b0a5,a0bbe135350feae63bc5170a5109cbd37aedcf3b5061af3f4741cf263881c30c,glm-4.7-flash:q8_0,a035bf4bc812e1408631c2d2b14581b99dfe39f71d895aceb269b4a886080196,0.33.2,off,16384,5.32
3hop1__401538_132457_47686|overwritten_note|18,3hop1__401538_132457_47686,overwritten_note,state,write_note,18,2,20,0.9,diff,lossless,second,0,0,0,18,18,1,1,state,state,,1,1,0,3816,158,11753,580493953bfd9de6d0b2d1d8a4f1e43ab9de066daab1e45d308f79bb0263f1ee,e159a7fa108ea5f5f1e63f8637a02120673c34a6c4f1dd92e681bb92fe2ba408,glm-4.7-flash:q8_0,a035bf4bc812e1408631c2d2b14581b99dfe39f71d895aceb269b4a886080196,0.33.2,off,16384,8.17
3hop1__401538_132457_47686|overwritten_note|18,3hop1__401538_132457_47686,overwritten_note,state,write_note,18,2,20,0.9,prov,lossless,second,0,0,0,18,18,1,1,state,state,,1,1,0,3778,177,11416,168bfa490b87987c32e9abf27aba2b17c5b1e85904f1f25d9f267c0979b5b569,2cab6770a546dc314b28ff675a7490c6e98a62396bcbdda97f7ec9561dae2324,glm-4.7-flash:q8_0,a035bf4bc812e1408631c2d2b14581b99dfe39f71d895aceb269b4a886080196,0.33.2,off,16384,8.56
3hop1__401538_132457_47686|wrong_argument|14,3hop1__401538_132457_47686,wrong_argument,tool,search,14,2,38,0.368,log,lossless,second,0,0,0,14,14,1,1,tool,tool,,0,1,0,4008,136,13012,ba8b77f02b64574ea7e93ea62fa1fc123ccb9b7577129cf415e005a243f5b0a5,357b86a6fcb5da26a4db4a203089977f9a2f39a1fd7199322d54ebf90aa7fcf1,glm-4.7-flash:q8_0,a035bf4bc812e1408631c2d2b14581b99dfe39f71d895aceb269b4a886080196,0.33.2,off,16384,8.93
3hop1__401538_132457_47686|wrong_argument|14,3hop1__401538_132457_47686,wrong_argument,tool,search,14,2,38,0.368,diff,lossless,second,0,0,0,14,14,1,1,tool,tool,,0,1,0,5301,149,17023,580493953bfd9de6d0b2d1d8a4f1e43ab9de066daab1e45d308f79bb0263f1ee,31a0f989a672164c332379293ae8a52fbb58736628506d99a7aabc96c1bce7d8,glm-4.7-flash:q8_0,a035bf4bc812e1408631c2d2b14581b99dfe39f71d895aceb269b4a886080196,0.33.2,off,16384,12.72
3hop1__401538_132457_47686|wrong_argument|14,3hop1__401538_132457_47686,wrong_argument,tool,search,14,2,38,0.368,prov,lossless,second,0,0,0,16,14,0,1,tool,tool,,0,1,0,5316,185,17005,168bfa490b87987c32e9abf27aba2b17c5b1e85904f1f25d9f267c0979b5b569,d23cdab91fd12ec79f5c0f836b5bd9c11ca3e9dce81815f24eab20e4adfea9b5,glm-4.7-flash:q8_0,a035bf4bc812e1408631c2d2b14581b99dfe39f71d895aceb269b4a886080196,0.33.2,off,16384,14.58
3hop1__401538_132457_47686|wrong_source|12,3hop1__401538_132457_47686,wrong_source,evidence,write_note,12,0,20,0.6,log,lossless,second,0,0,0,12,12,1,1,evidence,evidence,,1,1,0,2927,156,8758,ba8b77f02b64574ea7e93ea62fa1fc123ccb9b7577129cf415e005a243f5b0a5,6c532b89c03723db486cb07eab198ec1c7fdc6701370c7a9947f4fe1ecf18937,glm-4.7-flash:q8_0,a035bf4bc812e1408631c2d2b14581b99dfe39f71d895aceb269b4a886080196,0.33.2,off,16384,6.41
3hop1__401538_132457_47686|wrong_source|12,3hop1__401538_132457_47686,wrong_source,evidence,write_note,12,0,20,0.6,diff,lossless,second,0,0,0,12,12,1,1,evidence,evidence,,1,1,0,3834,153,11741,580493953bfd9de6d0b2d1d8a4f1e43ab9de066daab1e45d308f79bb0263f1ee,cc1ead73e61be88b622bf7a404b32dd1c1a25ea100a4c01177a4781d2eedd82c,glm-4.7-flash:q8_0,a035bf4bc812e1408631c2d2b14581b99dfe39f71d895aceb269b4a886080196,0.33.2,off,16384,8.11
3hop1__401538_132457_47686|wrong_source|12,3hop1__401538_132457_47686,wrong_source,evidence,write_note,12,0,20,0.6,prov,lossless,second,0,0,0,12,12,1,1,evidence,evidence,,1,1,0,3815,149,11461,168bfa490b87987c32e9abf27aba2b17c5b1e85904f1f25d9f267c0979b5b569,66e51db19569466339a80731991c72d4d5c624ead4936a26cac22c2e36172089,glm-4.7-flash:q8_0,a035bf4bc812e1408631c2d2b14581b99dfe39f71d895aceb269b4a886080196,0.33.2,off,16384,7.85
4hop1__152562_5274_458768_33677|corrupted_output|14,4hop1__152562_5274_458768_33677,corrupted_output,tool,search,14,1,38,0.368,log,lossless,second,0,0,0,34,14,0,0,evidence,tool,,1,1,0,5849,191,20214,ba8b77f02b64574ea7e93ea62fa1fc123ccb9b7577129cf415e005a243f5b0a5,d36a85dcc5a576c3e4c8fc84036995da858220eb64fbbea2d911c0c29e3809b3,glm-4.7-flash:q8_0,a035bf4bc812e1408631c2d2b14581b99dfe39f71d895aceb269b4a886080196,0.33.2,off,16384,20.49
4hop1__152562_5274_458768_33677|corrupted_output|14,4hop1__152562_5274_458768_33677,corrupted_output,tool,search,14,1,38,0.368,diff,lossless,second,0,0,0,36,14,0,0,evidence,tool,,1,1,0,7557,239,26078,580493953bfd9de6d0b2d1d8a4f1e43ab9de066daab1e45d308f79bb0263f1ee,0032245915abb174558da90976162cc20103de2382d05fe188e1e0b30c3867fa,glm-4.7-flash:q8_0,a035bf4bc812e1408631c2d2b14581b99dfe39f71d895aceb269b4a886080196,0.33.2,off,16384,29.73
4hop1__152562_5274_458768_33677|corrupted_output|14,4hop1__152562_5274_458768_33677,corrupted_output,tool,search,14,1,38,0.368,prov,lossless,second,0,0,0,34,14,0,0,evidence,tool,,0,1,0,7435,204,25266,168bfa490b87987c32e9abf27aba2b17c5b1e85904f1f25d9f267c0979b5b569,b66dd1740655d48215c162c05410b829f3fa1eeab512a0dd2194d60b913c8ee7,glm-4.7-flash:q8_0,a035bf4bc812e1408631c2d2b14581b99dfe39f71d895aceb269b4a886080196,0.33.2,off,16384,28.1
4hop1__152562_5274_458768_33677|dropped_note|24,4hop1__152562_5274_458768_33677,dropped_note,state,write_note,24,2,26,0.923,log,lossless,second,0,0,0,24,24,1,1,evidence,state,,1,1,0,3825,214,12445,ba8b77f02b64574ea7e93ea62fa1fc123ccb9b7577129cf415e005a243f5b0a5,47035d6b729c87c919761b593eca2c514e295b4c7522a4aec76f19aae911bb4e,glm-4.7-flash:q8_0,a035bf4bc812e1408631c2d2b14581b99dfe39f71d895aceb269b4a886080196,0.33.2,off,16384,10.22
4hop1__152562_5274_458768_33677|dropped_note|24,4hop1__152562_5274_458768_33677,dropped_note,state,write_note,24,2,26,0.923,diff,lossless,second,0,0,0,24,24,1,1,evidence,state,,1,1,0,5011,232,16407,580493953bfd9de6d0b2d1d8a4f1e43ab9de066daab1e45d308f79bb0263f1ee,358ccb466e4892875e3c7072cde006a826f9c57c6542a86219fe7bc47126df59,glm-4.7-flash:q8_0,a035bf4bc812e1408631c2d2b14581b99dfe39f71d895aceb269b4a886080196,0.33.2,off,16384,13.48
4hop1__152562_5274_458768_33677|dropped_note|24,4hop1__152562_5274_458768_33677,dropped_note,state,write_note,24,2,26,0.923,prov,lossless,second,0,0,0,24,24,1,1,evidence,state,,0,1,0,4921,189,15854,168bfa490b87987c32e9abf27aba2b17c5b1e85904f1f25d9f267c0979b5b569,6aabe39ffda7989c16d51af6ad52aeddee9029924234b9435288c90e044badb5,glm-4.7-flash:q8_0,a035bf4bc812e1408631c2d2b14581b99dfe39f71d895aceb269b4a886080196,0.33.2,off,16384,11.45
4hop1__152562_5274_458768_33677|no_source|24,4hop1__152562_5274_458768_33677,no_source,evidence,write_note,24,2,26,0.923,log,lossless,second,0,0,0,24,24,1,1,evidence,evidence,,1,1,0,3835,172,12495,ba8b77f02b64574ea7e93ea62fa1fc123ccb9b7577129cf415e005a243f5b0a5,7e37b1b076bb0b3ce01371e8e3039768d024c533b9e3cf3b1df62a001f9ff232,glm-4.7-flash:q8_0,a035bf4bc812e1408631c2d2b14581b99dfe39f71d895aceb269b4a886080196,0.33.2,off,16384,5.34
4hop1__152562_5274_458768_33677|no_source|24,4hop1__152562_5274_458768_33677,no_source,evidence,write_note,24,2,26,0.923,diff,lossless,second,0,0,0,24,24,1,1,evidence,evidence,,1,1,0,5052,133,16580,580493953bfd9de6d0b2d1d8a4f1e43ab9de066daab1e45d308f79bb0263f1ee,32e25bde1dc3115d71d2952d9c96cab491b5189751e84764f5f5e2e9645223bd,glm-4.7-flash:q8_0,a035bf4bc812e1408631c2d2b14581b99dfe39f71d895aceb269b4a886080196,0.33.2,off,16384,4.83
4hop1__152562_5274_458768_33677|no_source|24,4hop1__152562_5274_458768_33677,no_source,evidence,write_note,24,2,26,0.923,prov,lossless,second,0,0,0,24,24,1,1,evidence,evidence,,0,1,0,5015,183,16185,168bfa490b87987c32e9abf27aba2b17c5b1e85904f1f25d9f267c0979b5b569,4bc8cd20633cb6641bc6cc9179eb04671d6424c93a40a7ce0cca117d335f5662,glm-4.7-flash:q8_0,a035bf4bc812e1408631c2d2b14581b99dfe39f71d895aceb269b4a886080196,0.33.2,off,16384,6.44
4hop1__152562_5274_458768_33677|overwritten_note|12,4hop1__152562_5274_458768_33677,overwritten_note,state,write_note,12,0,26,0.462,log,lossless,second,0,0,0,14,12,0,1,tool,state,,1,1,0,3855,186,12520,ba8b77f02b64574ea7e93ea62fa1fc123ccb9b7577129cf415e005a243f5b0a5,b42d2ab240e7903a67970722d0705907742ca8a5c519bb4f0d3ce9197a26791c,glm-4.7-flash:q8_0,a035bf4bc812e1408631c2d2b14581b99dfe39f71d895aceb269b4a886080196,0.33.2,off,16384,9.6
4hop1__152562_5274_458768_33677|overwritten_note|12,4hop1__152562_5274_458768_33677,overwritten_note,state,write_note,12,0,26,0.462,diff,lossless,second,0,0,0,12,12,1,1,evidence,state,,1,1,0,5080,144,16615,580493953bfd9de6d0b2d1d8a4f1e43ab9de066daab1e45d308f79bb0263f1ee,1979664205cb92f5326ece986450b5390bdc98e342a405a94db7ea52b35376d9,glm-4.7-flash:q8_0,a035bf4bc812e1408631c2d2b14581b99dfe39f71d895aceb269b4a886080196,0.33.2,off,16384,11.37
4hop1__152562_5274_458768_33677|overwritten_note|12,4hop1__152562_5274_458768_33677,overwritten_note,state,write_note,12,0,26,0.462,prov,lossless,second,0,0,0,12,12,1,1,evidence,state,,1,1,0,5073,192,16306,168bfa490b87987c32e9abf27aba2b17c5b1e85904f1f25d9f267c0979b5b569,a5304d6aa3b420f89566363f16b4276985ed8bd9529f9cdb9e41cb1614ec9f9a,glm-4.7-flash:q8_0,a035bf4bc812e1408631c2d2b14581b99dfe39f71d895aceb269b4a886080196,0.33.2,off,16384,12.86
4hop1__152562_5274_458768_33677|wrong_argument|4,4hop1__152562_5274_458768_33677,wrong_argument,tool,read,4,0,38,0.105,log,lossless,second,0,0,0,12,4,0,0,evidence,tool,,0,1,0,4380,194,15195,ba8b77f02b64574ea7e93ea62fa1fc123ccb9b7577129cf415e005a243f5b0a5,8ba7573bdf1476ed20039f3851308a3c1dbdc87f46f15cb7696c4b873b11653e,glm-4.7-flash:q8_0,a035bf4bc812e1408631c2d2b14581b99dfe39f71d895aceb269b4a886080196,0.33.2,off,16384,13.88
4hop1__152562_5274_458768_33677|wrong_argument|4,4hop1__152562_5274_458768_33677,wrong_argument,tool,read,4,0,38,0.105,diff,lossless,second,0,0,0,12,4,0,0,tool,tool,,1,1,0,5521,281,18697,580493953bfd9de6d0b2d1d8a4f1e43ab9de066daab1e45d308f79bb0263f1ee,5d387c15ee535cf5739d687abd09611484a6569a806d92ab8d59509096b8b1e5,glm-4.7-flash:q8_0,a035bf4bc812e1408631c2d2b14581b99dfe39f71d895aceb269b4a886080196,0.33.2,off,16384,21.74
4hop1__152562_5274_458768_33677|wrong_argument|4,4hop1__152562_5274_458768_33677,wrong_argument,tool,read,4,0,38,0.105,prov,lossless,second,0,0,0,4,4,1,1,tool,tool,,1,1,0,5622,220,19092,168bfa490b87987c32e9abf27aba2b17c5b1e85904f1f25d9f267c0979b5b569,4532c50f9486148329cfaebd8ecf172fe5cfa1f2e827c14741a08e8275b5beea,glm-4.7-flash:q8_0,a035bf4bc812e1408631c2d2b14581b99dfe39f71d895aceb269b4a886080196,0.33.2,off,16384,20.53
4hop1__152562_5274_458768_33677|wrong_source|18,4hop1__152562_5274_458768_33677,wrong_source,evidence,write_note,18,1,26,0.692,log,lossless,second,0,0,0,18,18,1,1,evidence,evidence,,1,1,0,3852,205,12526,ba8b77f02b64574ea7e93ea62fa1fc123ccb9b7577129cf415e005a243f5b0a5,b89754cde89fae61b2d7b46a245f77fcc80e843203eda83b95d47c4b0d0f1e16,glm-4.7-flash:q8_0,a035bf4bc812e1408631c2d2b14581b99dfe39f71d895aceb269b4a886080196,0.33.2,off,16384,14.46
4hop1__152562_5274_458768_33677|wrong_source|18,4hop1__152562_5274_458768_33677,wrong_source,evidence,write_note,18,1,26,0.692,diff,lossless,second,0,0,0,18,18,1,1,evidence,evidence,,1,1,0,5076,181,16612,580493953bfd9de6d0b2d1d8a4f1e43ab9de066daab1e45d308f79bb0263f1ee,bea2538673e17e2e9da4063cecf6407838c8c3c0b1d82642093d824bbee85e31,glm-4.7-flash:q8_0,a035bf4bc812e1408631c2d2b14581b99dfe39f71d895aceb269b4a886080196,0.33.2,off,16384,13.04
4hop1__152562_5274_458768_33677|wrong_source|18,4hop1__152562_5274_458768_33677,wrong_source,evidence,write_note,18,1,26,0.692,prov,lossless,second,0,0,0,18,18,1,1,evidence,evidence,,1,1,0,5064,160,16300,168bfa490b87987c32e9abf27aba2b17c5b1e85904f1f25d9f267c0979b5b569,65b0e2ed65c1df44ca1d23dc2b52935000dd2431d73f294b9650d3ed9395c284,glm-4.7-flash:q8_0,a035bf4bc812e1408631c2d2b14581b99dfe39f71d895aceb269b4a886080196,0.33.2,off,16384,12.02
3hop1__695430_831637_91775|corrupted_output|22,3hop1__695430_831637_91775,corrupted_output,tool,read,22,2,36,0.611,log,lossless,second,0,0,0,34,22,0,0,evidence,tool,,1,1,0,4757,178,14257,ba8b77f02b64574ea7e93ea62fa1fc123ccb9b7577129cf415e005a243f5b0a5,ced8b660253457a27e2ef7b785715b0a2c35e3a7ffc4b19984e10c6ffa7860de,glm-4.7-flash:q8_0,a035bf4bc812e1408631c2d2b14581b99dfe39f71d895aceb269b4a886080196,0.33.2,off,16384,15.89
3hop1__695430_831637_91775|corrupted_output|22,3hop1__695430_831637_91775,corrupted_output,tool,read,22,2,36,0.611,diff,lossless,second,0,0,0,34,22,0,0,evidence,tool,,1,1,0,6213,177,18687,580493953bfd9de6d0b2d1d8a4f1e43ab9de066daab1e45d308f79bb0263f1ee,3f6956860374d3e559735d39fbcb0a34e4e13b6b01762e6e573487961fdf99b4,glm-4.7-flash:q8_0,a035bf4bc812e1408631c2d2b14581b99dfe39f71d895aceb269b4a886080196,0.33.2,off,16384,22.16
3hop1__695430_831637_91775|corrupted_output|22,3hop1__695430_831637_91775,corrupted_output,tool,read,22,2,36,0.611,prov,lossless,second,0,0,0,34,22,0,0,evidence,tool,,1,1,0,6338,158,18963,168bfa490b87987c32e9abf27aba2b17c5b1e85904f1f25d9f267c0979b5b569,29de0dc842c951f1bb48476acca76d39406ccf71ae263d74ec9bcedee889925c,glm-4.7-flash:q8_0,a035bf4bc812e1408631c2d2b14581b99dfe39f71d895aceb269b4a886080196,0.33.2,off,16384,21.57
3hop1__695430_831637_91775|dropped_note|6,3hop1__695430_831637_91775,dropped_note,state,write_note,6,0,26,0.231,log,lossless,second,0,0,0,12,6,0,0,evidence,state,,1,1,0,3709,208,10447,ba8b77f02b64574ea7e93ea62fa1fc123ccb9b7577129cf415e005a243f5b0a5,77ec88e579e09aa02a323c85427d0e8c759ae37851b0292db977264184d14ccf,glm-4.7-flash:q8_0,a035bf4bc812e1408631c2d2b14581b99dfe39f71d895aceb269b4a886080196,0.33.2,off,16384,11.85
3hop1__695430_831637_91775|dropped_note|6,3hop1__695430_831637_91775,dropped_note,state,write_note,6,0,26,0.231,diff,lossless,second,0,0,0,12,6,0,0,evidence,state,,1,1,0,4732,205,13537,580493953bfd9de6d0b2d1d8a4f1e43ab9de066daab1e45d308f79bb0263f1ee,305267634ad1721e32c66fa25b4f9cf7b1e1c79e52c1f6365729e3c880cc9b65,glm-4.7-flash:q8_0,a035bf4bc812e1408631c2d2b14581b99dfe39f71d895aceb269b4a886080196,0.33.2,off,16384,17.01
3hop1__695430_831637_91775|dropped_note|6,3hop1__695430_831637_91775,dropped_note,state,write_note,6,0,26,0.231,prov,lossless,second,0,0,0,24,6,0,0,evidence,state,,0,1,0,4848,204,13829,168bfa490b87987c32e9abf27aba2b17c5b1e85904f1f25d9f267c0979b5b569,b4699189954f3469f8f693a465dcc53df3c42b99912303865d781dd57657b55f,glm-4.7-flash:q8_0,a035bf4bc812e1408631c2d2b14581b99dfe39f71d895aceb269b4a886080196,0.33.2,off,16384,17.88
3hop1__695430_831637_91775|no_source|6,3hop1__695430_831637_91775,no_source,evidence,write_note,6,0,38,0.158,log,lossless,second,0,0,0,6,6,1,1,evidence,evidence,,1,1,0,4742,156,13946,ba8b77f02b64574ea7e93ea62fa1fc123ccb9b7577129cf415e005a243f5b0a5,d06ec54ff5fe8c91419bfab6c8fecad8709307c51da31de7fd18b6a1dce86d04,glm-4.7-flash:q8_0,a035bf4bc812e1408631c2d2b14581b99dfe39f71d895aceb269b4a886080196,0.33.2,off,16384,13.77
3hop1__695430_831637_91775|no_source|6,3hop1__695430_831637_91775,no_source,evidence,write_note,6,0,38,0.158,diff,lossless,second,0,0,0,12,6,0,0,evidence,evidence,,1,1,0,5868,203,17125,580493953bfd9de6d0b2d1d8a4f1e43ab9de066daab1e45d308f79bb0263f1ee,81d821483c82791c0336ad25df259cada8243d262485f106893e66a7d93c6196,glm-4.7-flash:q8_0,a035bf4bc812e1408631c2d2b14581b99dfe39f71d895aceb269b4a886080196,0.33.2,off,16384,19.19
3hop1__695430_831637_91775|no_source|6,3hop1__695430_831637_91775,no_source,evidence,write_note,6,0,38,0.158,prov,lossless,second,0,0,0,6,6,1,1,evidence,evidence,,0,1,0,6136,209,18134,168bfa490b87987c32e9abf27aba2b17c5b1e85904f1f25d9f267c0979b5b569,81d3a008ae0817bbb0919b450abfb0e7ecd9260baf0590fae54bb3c710db81c0,glm-4.7-flash:q8_0,a035bf4bc812e1408631c2d2b14581b99dfe39f71d895aceb269b4a886080196,0.33.2,off,16384,20.38
3hop1__695430_831637_91775|overwritten_note|18,3hop1__695430_831637_91775,overwritten_note,state,write_note,18,1,26,0.692,log,lossless,second,0,0,0,18,18,1,1,evidence,state,,0,1,0,3717,233,10478,ba8b77f02b64574ea7e93ea62fa1fc123ccb9b7577129cf415e005a243f5b0a5,3e71719c515744f97b24087c6eef0c2a1842f5d781de852450876a07cb146d2c,glm-4.7-flash:q8_0,a035bf4bc812e1408631c2d2b14581b99dfe39f71d895aceb269b4a886080196,0.33.2,off,16384,12.48
3hop1__695430_831637_91775|overwritten_note|18,3hop1__695430_831637_91775,overwritten_note,state,write_note,18,1,26,0.692,diff,lossless,second,0,0,0,12,18,0,0,state,state,,1,1,0,4779,178,13684,580493953bfd9de6d0b2d1d8a4f1e43ab9de066daab1e45d308f79bb0263f1ee,a3c4c0b81a2864b43a7b3e4f54ffef93ac4d79c079ebe72a384e504d567f783b,glm-4.7-flash:q8_0,a035bf4bc812e1408631c2d2b14581b99dfe39f71d895aceb269b4a886080196,0.33.2,off,16384,9.37
3hop1__695430_831637_91775|overwritten_note|18,3hop1__695430_831637_91775,overwritten_note,state,write_note,18,1,26,0.692,prov,lossless,second,0,0,0,18,18,1,1,evidence,state,,1,1,0,4917,183,14034,168bfa490b87987c32e9abf27aba2b17c5b1e85904f1f25d9f267c0979b5b569,3e4c9db786cb6bb6fe8b07c8c733e6db93fcc236049248a78346a1c43dc12fac,glm-4.7-flash:q8_0,a035bf4bc812e1408631c2d2b14581b99dfe39f71d895aceb269b4a886080196,0.33.2,off,16384,9.72
3hop1__695430_831637_91775|wrong_argument|14,3hop1__695430_831637_91775,wrong_argument,tool,search,14,1,30,0.467,log,lossless,second,0,0,0,22,14,0,0,evidence,tool,,1,1,0,4321,203,12502,ba8b77f02b64574ea7e93ea62fa1fc123ccb9b7577129cf415e005a243f5b0a5,9a185f719ceca88ff4ab3def40fa97e16a0e8ab5650855fd55fb9047eabd00d1,glm-4.7-flash:q8_0,a035bf4bc812e1408631c2d2b14581b99dfe39f71d895aceb269b4a886080196,0.33.2,off,16384,11.82
3hop1__695430_831637_91775|wrong_argument|14,3hop1__695430_831637_91775,wrong_argument,tool,search,14,1,30,0.467,diff,lossless,second,0,0,0,22,14,0,0,evidence,tool,,1,1,0,5459,141,15892,580493953bfd9de6d0b2d1d8a4f1e43ab9de066daab1e45d308f79bb0263f1ee,93dcc59fbbc2f9a2384472c060815b7adef938498ebe1ccb16dc43ddf891034a,glm-4.7-flash:q8_0,a035bf4bc812e1408631c2d2b14581b99dfe39f71d895aceb269b4a886080196,0.33.2,off,16384,13.06
3hop1__695430_831637_91775|wrong_argument|14,3hop1__695430_831637_91775,wrong_argument,tool,search,14,1,30,0.467,prov,lossless,second,0,0,0,28,14,0,0,evidence,tool,,1,1,0,5641,159,16414,168bfa490b87987c32e9abf27aba2b17c5b1e85904f1f25d9f267c0979b5b569,ff3b8f14ca6f1988b79f625796194e99a8aa67b6bc6787ddc03b05402786fe23,glm-4.7-flash:q8_0,a035bf4bc812e1408631c2d2b14581b99dfe39f71d895aceb269b4a886080196,0.33.2,off,16384,13.93
3hop1__695430_831637_91775|wrong_source|24,3hop1__695430_831637_91775,wrong_source,evidence,write_note,24,2,26,0.923,log,lossless,second,0,0,0,24,24,1,1,evidence,evidence,,1,1,0,3728,170,10537,ba8b77f02b64574ea7e93ea62fa1fc123ccb9b7577129cf415e005a243f5b0a5,301a0135a56a6fee75445cbc7b398eea333b73b4dadf94a622611d51fa65437c,glm-4.7-flash:q8_0,a035bf4bc812e1408631c2d2b14581b99dfe39f71d895aceb269b4a886080196,0.33.2,off,16384,8.9
3hop1__695430_831637_91775|wrong_source|24,3hop1__695430_831637_91775,wrong_source,evidence,write_note,24,2,26,0.923,diff,lossless,second,0,0,0,24,24,1,1,evidence,evidence,,1,1,0,4789,146,13743,580493953bfd9de6d0b2d1d8a4f1e43ab9de066daab1e45d308f79bb0263f1ee,112f21439259ed7ee9362e43dd1b495271ac73ddb988fa53bf1661bf55ada98d,glm-4.7-flash:q8_0,a035bf4bc812e1408631c2d2b14581b99dfe39f71d895aceb269b4a886080196,0.33.2,off,16384,10.71
3hop1__695430_831637_91775|wrong_source|24,3hop1__695430_831637_91775,wrong_source,evidence,write_note,24,2,26,0.923,prov,lossless,second,0,0,0,24,24,1,1,evidence,evidence,,1,1,0,4936,185,14123,168bfa490b87987c32e9abf27aba2b17c5b1e85904f1f25d9f267c0979b5b569,bc37c1243183cf512536ec4647bf4d1795fb522e75b289a508a2e04e768c1794,glm-4.7-flash:q8_0,a035bf4bc812e1408631c2d2b14581b99dfe39f71d895aceb269b4a886080196,0.33.2,off,16384,12.06
3hop1__226638_538202_84283|corrupted_output|2,3hop1__226638_538202_84283,corrupted_output,tool,search,2,0,38,0.053,log,lossless,second,0,0,0,,2,0,0,none,tool,,0,1,0,5141,135,16953,ba8b77f02b64574ea7e93ea62fa1fc123ccb9b7577129cf415e005a243f5b0a5,b57eb6f5e5af3947094bfe9be50a937370843b23fe6599bdb0e7553a4501bf2a,glm-4.7-flash:q8_0,a035bf4bc812e1408631c2d2b14581b99dfe39f71d895aceb269b4a886080196,0.33.2,off,16384,16.08
3hop1__226638_538202_84283|corrupted_output|2,3hop1__226638_538202_84283,corrupted_output,tool,search,2,0,38,0.053,diff,lossless,second,0,0,0,,2,0,0,none,tool,,0,1,0,6138,208,19792,580493953bfd9de6d0b2d1d8a4f1e43ab9de066daab1e45d308f79bb0263f1ee,bd4b1de17f7f93a1ac56caa82b830f998d26528a0c0dee1ed32659a2fdd82e00,glm-4.7-flash:q8_0,a035bf4bc812e1408631c2d2b14581b99dfe39f71d895aceb269b4a886080196,0.33.2,off,16384,22.18
3hop1__226638_538202_84283|corrupted_output|2,3hop1__226638_538202_84283,corrupted_output,tool,search,2,0,38,0.053,prov,lossless,second,0,0,0,26,2,0,0,tool,tool,,0,1,0,6334,233,20727,168bfa490b87987c32e9abf27aba2b17c5b1e85904f1f25d9f267c0979b5b569,f406162dd5c73653f953a2c9f9d920d2fc7b85281411d79cd90d5b8f40707945,glm-4.7-flash:q8_0,a035bf4bc812e1408631c2d2b14581b99dfe39f71d895aceb269b4a886080196,0.33.2,off,16384,24.79
3hop1__226638_538202_84283|dropped_note|18,3hop1__226638_538202_84283,dropped_note,state,write_note,18,1,26,0.692,log,lossless,second,0,0,0,24,18,0,0,evidence,state,,0,1,0,3804,245,11750,ba8b77f02b64574ea7e93ea62fa1fc123ccb9b7577129cf415e005a243f5b0a5,b31a06c3814c9df181e62d58161476226283328af5d12ee01bae65e5852454c6,glm-4.7-flash:q8_0,a035bf4bc812e1408631c2d2b14581b99dfe39f71d895aceb269b4a886080196,0.33.2,off,16384,14.59
3hop1__226638_538202_84283|dropped_note|18,3hop1__226638_538202_84283,dropped_note,state,write_note,18,1,26,0.692,diff,lossless,second,0,0,0,12,18,0,0,evidence,state,,1,1,0,4947,139,15425,580493953bfd9de6d0b2d1d8a4f1e43ab9de066daab1e45d308f79bb0263f1ee,8479dd6bf8e330165dc6d9a6fc83602fccfdfcc81f171a49aa090b35af03a3a2,glm-4.7-flash:q8_0,a035bf4bc812e1408631c2d2b14581b99dfe39f71d895aceb269b4a886080196,0.33.2,off,16384,15.99
3hop1__226638_538202_84283|dropped_note|18,3hop1__226638_538202_84283,dropped_note,state,write_note,18,1,26,0.692,prov,lossless,second,0,0,0,18,18,1,1,evidence,state,,0,1,0,4898,201,15052,168bfa490b87987c32e9abf27aba2b17c5b1e85904f1f25d9f267c0979b5b569,021a1b1835dcf71a615aae55d975bcd6c29af8692d556e9f04b8993c35e52357,glm-4.7-flash:q8_0,a035bf4bc812e1408631c2d2b14581b99dfe39f71d895aceb269b4a886080196,0.33.2,off,16384,17.67
3hop1__226638_538202_84283|no_source|18,3hop1__226638_538202_84283,no_source,evidence,write_note,18,1,26,0.692,log,lossless,second,0,0,0,24,18,0,0,evidence,evidence,,1,1,0,3808,211,11784,ba8b77f02b64574ea7e93ea62fa1fc123ccb9b7577129cf415e005a243f5b0a5,5df2dc43ae3b6768e82a1e81ad2b6cd1c3101ca3f7e8a357912f0b9ab44ff6d7,glm-4.7-flash:q8_0,a035bf4bc812e1408631c2d2b14581b99dfe39f71d895aceb269b4a886080196,0.33.2,off,16384,9.29
3hop1__226638_538202_84283|no_source|18,3hop1__226638_538202_84283,no_source,evidence,write_note,18,1,26,0.692,diff,lossless,second,0,0,0,18,18,1,1,evidence,evidence,,1,1,0,4980,139,15573,580493953bfd9de6d0b2d1d8a4f1e43ab9de066daab1e45d308f79bb0263f1ee,26fc3fc7ebbb501d554cbbc4c16f9a631931baccfba78dd8715b2db354ff9961,glm-4.7-flash:q8_0,a035bf4bc812e1408631c2d2b14581b99dfe39f71d895aceb269b4a886080196,0.33.2,off,16384,8.34
3hop1__226638_538202_84283|no_source|18,3hop1__226638_538202_84283,no_source,evidence,write_note,18,1,26,0.692,prov,lossless,second,0,0,0,18,18,1,1,evidence,evidence,,1,1,0,4946,196,15242,168bfa490b87987c32e9abf27aba2b17c5b1e85904f1f25d9f267c0979b5b569,0a6a58ddda8ac91f57cabb85408043aa28057311b90415649459f170b4dfa3bf,glm-4.7-flash:q8_0,a035bf4bc812e1408631c2d2b14581b99dfe39f71d895aceb269b4a886080196,0.33.2,off,16384,9.93
3hop1__226638_538202_84283|overwritten_note|24,3hop1__226638_538202_84283,overwritten_note,state,write_note,24,2,26,0.923,log,lossless,second,0,0,0,24,24,1,1,state,state,,1,1,0,3809,105,11792,ba8b77f02b64574ea7e93ea62fa1fc123ccb9b7577129cf415e005a243f5b0a5,36249fad21d2bc30fcd0dc166572719cb6e068f3a0f336749671f885966dcb60,glm-4.7-flash:q8_0,a035bf4bc812e1408631c2d2b14581b99dfe39f71d895aceb269b4a886080196,0.33.2,off,16384,5.48
3hop1__226638_538202_84283|overwritten_note|24,3hop1__226638_538202_84283,overwritten_note,state,write_note,24,2,26,0.923,diff,lossless,second,0,0,0,24,24,1,1,evidence,state,,1,1,0,4991,361,15591,580493953bfd9de6d0b2d1d8a4f1e43ab9de066daab1e45d308f79bb0263f1ee,2e6437db48fb24ad375f31d81d69e734e29a40718a39efe1831f523a3bd4af96,glm-4.7-flash:q8_0,a035bf4bc812e1408631c2d2b14581b99dfe39f71d895aceb269b4a886080196,0.33.2,off,16384,14.72
3hop1__226638_538202_84283|overwritten_note|24,3hop1__226638_538202_84283,overwritten_note,state,write_note,24,2,26,0.923,prov,lossless,second,0,0,0,,24,0,0,,state,,0,0,0,4959,1024,15289,168bfa490b87987c32e9abf27aba2b17c5b1e85904f1f25d9f267c0979b5b569,f90a07d1e3865bb53eb0ea97d2be99050f87d806a5d3b5b7905e913b0e756d26,glm-4.7-flash:q8_0,a035bf4bc812e1408631c2d2b14581b99dfe39f71d895aceb269b4a886080196,0.33.2,off,16384,34.06
3hop1__226638_538202_84283|wrong_argument|22,3hop1__226638_538202_84283,wrong_argument,tool,read,22,2,32,0.688,log,lossless,second,0,0,0,22,22,1,1,tool,tool,,0,1,0,4571,255,14506,ba8b77f02b64574ea7e93ea62fa1fc123ccb9b7577129cf415e005a243f5b0a5,3cda8bc59abadf79e1fa84b3a76af3a585c654ca4de34528bb69d74a64680bcc,glm-4.7-flash:q8_0,a035bf4bc812e1408631c2d2b14581b99dfe39f71d895aceb269b4a886080196,0.33.2,off,16384,10.9
3hop1__226638_538202_84283|wrong_argument|22,3hop1__226638_538202_84283,wrong_argument,tool,read,22,2,32,0.688,diff,lossless,second,0,0,0,22,22,1,1,tool,tool,,1,1,0,6010,337,19115,580493953bfd9de6d0b2d1d8a4f1e43ab9de066daab1e45d308f79bb0263f1ee,1ea48d8b61f6443f51c2812455f820edf5458465116cbc70f6d8f176160ee64e,glm-4.7-flash:q8_0,a035bf4bc812e1408631c2d2b14581b99dfe39f71d895aceb269b4a886080196,0.33.2,off,16384,16.19
3hop1__226638_538202_84283|wrong_argument|22,3hop1__226638_538202_84283,wrong_argument,tool,read,22,2,32,0.688,prov,lossless,second,0,0,0,,22,0,0,none,tool,,0,1,0,5991,97,18848,168bfa490b87987c32e9abf27aba2b17c5b1e85904f1f25d9f267c0979b5b569,ab43c8b2b757410bf466889163b4c38b53a0dc6386aaf161f240729d5e36be22,glm-4.7-flash:q8_0,a035bf4bc812e1408631c2d2b14581b99dfe39f71d895aceb269b4a886080196,0.33.2,off,16384,8.88
3hop1__226638_538202_84283|wrong_source|12,3hop1__226638_538202_84283,wrong_source,evidence,write_note,12,0,26,0.462,log,lossless,second,0,0,0,12,12,1,1,evidence,evidence,,1,1,0,3806,171,11728,ba8b77f02b64574ea7e93ea62fa1fc123ccb9b7577129cf415e005a243f5b0a5,a257abc9c4ae20c2e52614bd21b2d14ba394093a08c8c23431208c5c97f9c92b,glm-4.7-flash:q8_0,a035bf4bc812e1408631c2d2b14581b99dfe39f71d895aceb269b4a886080196,0.33.2,off,16384,9.4
3hop1__226638_538202_84283|wrong_source|12,3hop1__226638_538202_84283,wrong_source,evidence,write_note,12,0,26,0.462,diff,lossless,second,0,0,0,12,12,1,1,evidence,evidence,,1,1,0,4986,199,15527,580493953bfd9de6d0b2d1d8a4f1e43ab9de066daab1e45d308f79bb0263f1ee,5421569cc3ddf4eea03b9962e8d78fbb544f91ae76386333dbd6c2e3b56e9757,glm-4.7-flash:q8_0,a035bf4bc812e1408631c2d2b14581b99dfe39f71d895aceb269b4a886080196,0.33.2,off,16384,13.1
3hop1__226638_538202_84283|wrong_source|12,3hop1__226638_538202_84283,wrong_source,evidence,write_note,12,0,26,0.462,prov,lossless,second,0,0,0,12,12,1,1,evidence,evidence,,1,1,0,4970,148,15258,168bfa490b87987c32e9abf27aba2b17c5b1e85904f1f25d9f267c0979b5b569,64294842cdc1f30749b3c0ee30c0ed3eb486d1c2acd0db2dc5e0eac1647dc11c,glm-4.7-flash:q8_0,a035bf4bc812e1408631c2d2b14581b99dfe39f71d895aceb269b4a886080196,0.33.2,off,16384,11.53
3hop2__326964_7721_7713|corrupted_output|10,3hop2__326964_7721_7713,corrupted_output,tool,read,10,1,38,0.263,log,lossless,second,0,0,0,12,10,0,1,evidence,tool,,1,1,0,5961,246,20803,ba8b77f02b64574ea7e93ea62fa1fc123ccb9b7577129cf415e005a243f5b0a5,6b161a4b7f918babeba7bdc6ad4f3b19baf2b7a89df5168fde66af76583f1b60,glm-4.7-flash:q8_0,a035bf4bc812e1408631c2d2b14581b99dfe39f71d895aceb269b4a886080196,0.33.2,off,16384,22.67
3hop2__326964_7721_7713|corrupted_output|10,3hop2__326964_7721_7713,corrupted_output,tool,read,10,1,38,0.263,diff,lossless,second,0,0,0,12,10,0,1,evidence,tool,,1,1,0,7659,206,26694,580493953bfd9de6d0b2d1d8a4f1e43ab9de066daab1e45d308f79bb0263f1ee,3412136e326fadee9ccba8c80517190e6e0eb41e9118e2b571dd70b3350e2a09,glm-4.7-flash:q8_0,a035bf4bc812e1408631c2d2b14581b99dfe39f71d895aceb269b4a886080196,0.33.2,off,16384,29.35
3hop2__326964_7721_7713|corrupted_output|10,3hop2__326964_7721_7713,corrupted_output,tool,read,10,1,38,0.263,prov,lossless,second,0,0,0,16,10,0,0,tool,tool,,0,1,0,7352,235,25222,168bfa490b87987c32e9abf27aba2b17c5b1e85904f1f25d9f267c0979b5b569,89661823069b0adf367a45f0d65f42bdf087df98d1292a17bcb61df4b8751380,glm-4.7-flash:q8_0,a035bf4bc812e1408631c2d2b14581b99dfe39f71d895aceb269b4a886080196,0.33.2,off,16384,28.66
3hop2__326964_7721_7713|dropped_note|18,3hop2__326964_7721_7713,dropped_note,state,write_note,18,2,20,0.9,log,lossless,second,0,0,0,,18,0,0,none,state,,0,1,0,3330,414,10271,ba8b77f02b64574ea7e93ea62fa1fc123ccb9b7577129cf415e005a243f5b0a5,45aaf0842842dba4191f63ab36a4303db08cd252252320f9967077fac69e3d66,glm-4.7-flash:q8_0,a035bf4bc812e1408631c2d2b14581b99dfe39f71d895aceb269b4a886080196,0.33.2,off,16384,16.95
3hop2__326964_7721_7713|dropped_note|18,3hop2__326964_7721_7713,dropped_note,state,write_note,18,2,20,0.9,diff,lossless,second,0,0,0,18,18,1,1,evidence,state,,1,1,0,4428,226,13972,580493953bfd9de6d0b2d1d8a4f1e43ab9de066daab1e45d308f79bb0263f1ee,ed07bc4a2d9f7ffcd857793fc2c7c99df311f79bfc843df21afa82bd95112651,glm-4.7-flash:q8_0,a035bf4bc812e1408631c2d2b14581b99dfe39f71d895aceb269b4a886080196,0.33.2,off,16384,12.78
3hop2__326964_7721_7713|dropped_note|18,3hop2__326964_7721_7713,dropped_note,state,write_note,18,2,20,0.9,prov,lossless,second,0,0,0,18,18,1,1,evidence,state,,0,1,0,4144,145,12757,168bfa490b87987c32e9abf27aba2b17c5b1e85904f1f25d9f267c0979b5b569,7cf2351d80e2da205269cb7574f0ea9586266a5df401d51746a62b62b255d1b1,glm-4.7-flash:q8_0,a035bf4bc812e1408631c2d2b14581b99dfe39f71d895aceb269b4a886080196,0.33.2,off,16384,9.13
3hop2__326964_7721_7713|no_source|18,3hop2__326964_7721_7713,no_source,evidence,write_note,18,2,20,0.9,log,lossless,second,0,0,0,18,18,1,1,evidence,evidence,,1,1,0,3340,128,10367,ba8b77f02b64574ea7e93ea62fa1fc123ccb9b7577129cf415e005a243f5b0a5,ec645873320da57bc6c4728faa739a0b0dd45049db7f77d62b2cc4396c1daaf9,glm-4.7-flash:q8_0,a035bf4bc812e1408631c2d2b14581b99dfe39f71d895aceb269b4a886080196,0.33.2,off,16384,4.11
3hop2__326964_7721_7713|no_source|18,3hop2__326964_7721_7713,no_source,evidence,write_note,18,2,20,0.9,diff,lossless,second,0,0,0,18,18,1,1,evidence,evidence,,1,1,0,4476,123,14209,580493953bfd9de6d0b2d1d8a4f1e43ab9de066daab1e45d308f79bb0263f1ee,502c4a76b341a378e69985dda3bc9f8d3b9ace870060b4730ba044fd63b4928d,glm-4.7-flash:q8_0,a035bf4bc812e1408631c2d2b14581b99dfe39f71d895aceb269b4a886080196,0.33.2,off,16384,4.47
3hop2__326964_7721_7713|no_source|18,3hop2__326964_7721_7713,no_source,evidence,write_note,18,2,20,0.9,prov,lossless,second,0,0,0,18,18,1,1,evidence,evidence,,0,1,0,4241,197,13131,168bfa490b87987c32e9abf27aba2b17c5b1e85904f1f25d9f267c0979b5b569,1eb9748eeee25539f410ddd0c1ba46397e71e2c9a51a681f2c8bcd9595a0b752,glm-4.7-flash:q8_0,a035bf4bc812e1408631c2d2b14581b99dfe39f71d895aceb269b4a886080196,0.33.2,off,16384,6.58
3hop2__326964_7721_7713|overwritten_note|12,3hop2__326964_7721_7713,overwritten_note,state,write_note,12,0,20,0.6,log,lossless,second,0,0,0,16,12,0,0,tool,state,,1,1,0,3359,398,10346,ba8b77f02b64574ea7e93ea62fa1fc123ccb9b7577129cf415e005a243f5b0a5,0778f01057e5521a82d61e1b4441ecb8284eb573bae19548ea9908075965f8aa,glm-4.7-flash:q8_0,a035bf4bc812e1408631c2d2b14581b99dfe39f71d895aceb269b4a886080196,0.33.2,off,16384,14.2
3hop2__326964_7721_7713|overwritten_note|12,3hop2__326964_7721_7713,overwritten_note,state,write_note,12,0,20,0.6,diff,lossless,second,0,0,0,12,12,1,1,state,state,,1,1,0,4505,155,14198,580493953bfd9de6d0b2d1d8a4f1e43ab9de066daab1e45d308f79bb0263f1ee,2d7dd159c8ff43793849f73c117229ec36cc4e421a73ebf0937067f20b008c07,glm-4.7-flash:q8_0,a035bf4bc812e1408631c2d2b14581b99dfe39f71d895aceb269b4a886080196,0.33.2,off,16384,10.03
3hop2__326964_7721_7713|overwritten_note|12,3hop2__326964_7721_7713,overwritten_note,state,write_note,12,0,20,0.6,prov,lossless,second,0,0,0,12,12,1,1,state,state,,1,1,0,4297,168,13220,168bfa490b87987c32e9abf27aba2b17c5b1e85904f1f25d9f267c0979b5b569,d073391fa34ca09e447db62ea32c2e6b8009d2dd18c884f50693f931baab2f7d,glm-4.7-flash:q8_0,a035bf4bc812e1408631c2d2b14581b99dfe39f71d895aceb269b4a886080196,0.33.2,off,16384,9.66
3hop2__326964_7721_7713|wrong_argument|8,3hop2__326964_7721_7713,wrong_argument,tool,search,8,0,38,0.211,log,lossless,second,0,0,0,22,8,0,0,evidence,tool,,0,1,0,6126,247,20967,ba8b77f02b64574ea7e93ea62fa1fc123ccb9b7577129cf415e005a243f5b0a5,31122199b92961fe26efe4ee7239b4fb493d62fd1632eb1d736aef0ed46a4161,glm-4.7-flash:q8_0,a035bf4bc812e1408631c2d2b14581b99dfe39f71d895aceb269b4a886080196,0.33.2,off,16384,21.69
3hop2__326964_7721_7713|wrong_argument|8,3hop2__326964_7721_7713,wrong_argument,tool,search,8,0,38,0.211,diff,lossless,second,0,0,0,36,8,0,0,tool,tool,,0,1,0,8098,187,27761,580493953bfd9de6d0b2d1d8a4f1e43ab9de066daab1e45d308f79bb0263f1ee,84c4b4a466c556af3ce781ab7d398744178499aa8dee7317056f22e6184e7df2,glm-4.7-flash:q8_0,a035bf4bc812e1408631c2d2b14581b99dfe39f71d895aceb269b4a886080196,0.33.2,off,16384,30.29
3hop2__326964_7721_7713|wrong_argument|8,3hop2__326964_7721_7713,wrong_argument,tool,search,8,0,38,0.211,prov,lossless,second,0,0,0,10,8,0,1,tool,tool,,0,1,0,7621,176,25642,168bfa490b87987c32e9abf27aba2b17c5b1e85904f1f25d9f267c0979b5b569,5674d822e7a72576f359785495d2a67a8bdd75ee69a2dc6093fbdd5d5027420c,glm-4.7-flash:q8_0,a035bf4bc812e1408631c2d2b14581b99dfe39f71d895aceb269b4a886080196,0.33.2,off,16384,25.79
3hop2__326964_7721_7713|wrong_source|18,3hop2__326964_7721_7713,wrong_source,evidence,write_note,18,2,20,0.9,log,lossless,second,0,0,0,18,18,1,1,evidence,evidence,,1,1,0,3355,271,10387,ba8b77f02b64574ea7e93ea62fa1fc123ccb9b7577129cf415e005a243f5b0a5,41a1107d391e9576f3c8cc0bd3497b30942890fb86fc3c593e547fab4468423e,glm-4.7-flash:q8_0,a035bf4bc812e1408631c2d2b14581b99dfe39f71d895aceb269b4a886080196,0.33.2,off,16384,13.66
3hop2__326964_7721_7713|wrong_source|18,3hop2__326964_7721_7713,wrong_source,evidence,write_note,18,2,20,0.9,diff,lossless,second,0,0,0,18,18,1,1,evidence,evidence,,1,1,0,4498,166,14239,580493953bfd9de6d0b2d1d8a4f1e43ab9de066daab1e45d308f79bb0263f1ee,fa280ff76a6438af09dc5f5d0edfdac083c7ba7edb2d685346a451db46f34abb,glm-4.7-flash:q8_0,a035bf4bc812e1408631c2d2b14581b99dfe39f71d895aceb269b4a886080196,0.33.2,off,16384,14.43
3hop2__326964_7721_7713|wrong_source|18,3hop2__326964_7721_7713,wrong_source,evidence,write_note,18,2,20,0.9,prov,lossless,second,0,0,0,18,18,1,1,evidence,evidence,,1,1,0,4287,155,13237,168bfa490b87987c32e9abf27aba2b17c5b1e85904f1f25d9f267c0979b5b569,109e4c24bdddc974f74788ce93775a70c3790ca357c547d5317e1835cf75242e,glm-4.7-flash:q8_0,a035bf4bc812e1408631c2d2b14581b99dfe39f71d895aceb269b4a886080196,0.33.2,off,16384,13.42
3hop1__354480_834494_34099|corrupted_output|8,3hop1__354480_834494_34099,corrupted_output,tool,search,8,2,38,0.211,log,lossless,second,0,0,0,16,8,0,0,evidence,tool,,1,1,0,4711,193,15955,ba8b77f02b64574ea7e93ea62fa1fc123ccb9b7577129cf415e005a243f5b0a5,caf26ea2c637ecf08b902243c7b03a921d71e94722356e1f04912108da8f9c2a,glm-4.7-flash:q8_0,a035bf4bc812e1408631c2d2b14581b99dfe39f71d895aceb269b4a886080196,0.33.2,off,16384,16.81
3hop1__354480_834494_34099|corrupted_output|8,3hop1__354480_834494_34099,corrupted_output,tool,search,8,2,38,0.211,diff,lossless,second,0,0,0,16,8,0,0,evidence,tool,,1,1,0,5880,251,19510,580493953bfd9de6d0b2d1d8a4f1e43ab9de066daab1e45d308f79bb0263f1ee,9ba73da893a6d8225b3dc29bd48accc192a906e0b9b9dc75cf41ecea718b9564,glm-4.7-flash:q8_0,a035bf4bc812e1408631c2d2b14581b99dfe39f71d895aceb269b4a886080196,0.33.2,off,16384,23.36
3hop1__354480_834494_34099|corrupted_output|8,3hop1__354480_834494_34099,corrupted_output,tool,search,8,2,38,0.211,prov,lossless,second,0,0,0,10,8,0,1,tool,tool,,0,1,0,5958,181,19883,168bfa490b87987c32e9abf27aba2b17c5b1e85904f1f25d9f267c0979b5b569,79963d18728cce2589f5f6bb9e778d0acb8c9040b6f427f98c9373c96ca29cbd,glm-4.7-flash:q8_0,a035bf4bc812e1408631c2d2b14581b99dfe39f71d895aceb269b4a886080196,0.33.2,off,16384,21.86
3hop1__354480_834494_34099|dropped_note|6,3hop1__354480_834494_34099,dropped_note,state,write_note,6,0,14,0.429,log,lossless,second,0,0,0,12,6,0,0,evidence,state,,1,1,0,2271,174,6552,ba8b77f02b64574ea7e93ea62fa1fc123ccb9b7577129cf415e005a243f5b0a5,92cdb92f1bf8e6ee8b951c45910b33073e0a47581cc5e2c2513d306edb3a4b55,glm-4.7-flash:q8_0,a035bf4bc812e1408631c2d2b14581b99dfe39f71d895aceb269b4a886080196,0.33.2,off,16384,7.47
3hop1__354480_834494_34099|dropped_note|6,3hop1__354480_834494_34099,dropped_note,state,write_note,6,0,14,0.429,diff,lossless,second,0,0,0,,6,0,0,none,state,,0,1,0,2872,126,8560,580493953bfd9de6d0b2d1d8a4f1e43ab9de066daab1e45d308f79bb0263f1ee,7905656ffc10cfd7185db6369fdd4399405d3b32db340a7e8c53fbecfe472729,glm-4.7-flash:q8_0,a035bf4bc812e1408631c2d2b14581b99dfe39f71d895aceb269b4a886080196,0.33.2,off,16384,8.32
3hop1__354480_834494_34099|dropped_note|6,3hop1__354480_834494_34099,dropped_note,state,write_note,6,0,14,0.429,prov,lossless,second,0,0,0,12,6,0,0,evidence,state,,0,1,0,2859,168,8366,168bfa490b87987c32e9abf27aba2b17c5b1e85904f1f25d9f267c0979b5b569,d6755a68b5d6e0fb401ca2f537f9cbf7b583b96f0a341a743b443058b20361cd,glm-4.7-flash:q8_0,a035bf4bc812e1408631c2d2b14581b99dfe39f71d895aceb269b4a886080196,0.33.2,off,16384,9.35
3hop1__354480_834494_34099|no_source|6,3hop1__354480_834494_34099,no_source,evidence,write_note,6,0,18,0.333,log,lossless,second,0,0,0,6,6,1,1,evidence,evidence,,1,1,0,2775,144,8534,ba8b77f02b64574ea7e93ea62fa1fc123ccb9b7577129cf415e005a243f5b0a5,34362b214b9ec18b2af9518659b1ba6bdad6262e0dc37b49e61ea5269864ac5a,glm-4.7-flash:q8_0,a035bf4bc812e1408631c2d2b14581b99dfe39f71d895aceb269b4a886080196,0.33.2,off,16384,7.13
3hop1__354480_834494_34099|no_source|6,3hop1__354480_834494_34099,no_source,evidence,write_note,6,0,18,0.333,diff,lossless,second,0,0,0,,6,0,0,none,evidence,,0,1,0,3488,775,10870,580493953bfd9de6d0b2d1d8a4f1e43ab9de066daab1e45d308f79bb0263f1ee,7a3a6b5847eb70f18391b0c978d002e86cb53c4b0e778654a1a1484b832a7ff6,glm-4.7-flash:q8_0,a035bf4bc812e1408631c2d2b14581b99dfe39f71d895aceb269b4a886080196,0.33.2,off,16384,26.07
3hop1__354480_834494_34099|no_source|6,3hop1__354480_834494_34099,no_source,evidence,write_note,6,0,18,0.333,prov,lossless,second,0,0,0,6,6,1,1,evidence,evidence,,1,1,0,3508,245,10829,168bfa490b87987c32e9abf27aba2b17c5b1e85904f1f25d9f267c0979b5b569,e2312ba7b1e146d5d07f11dcd169469faf9f59d058c94c22bbb8c1a51352c831,glm-4.7-flash:q8_0,a035bf4bc812e1408631c2d2b14581b99dfe39f71d895aceb269b4a886080196,0.33.2,off,16384,11.57
3hop1__354480_834494_34099|overwritten_note|12,3hop1__354480_834494_34099,overwritten_note,state,write_note,12,1,14,0.857,log,lossless,second,0,0,0,12,12,1,1,state,state,,1,1,0,2271,134,6587,ba8b77f02b64574ea7e93ea62fa1fc123ccb9b7577129cf415e005a243f5b0a5,66f06330abd6d7f57bb8964bbff2561d2821548aa9dd3fcf07ee0569cc5a174d,glm-4.7-flash:q8_0,a035bf4bc812e1408631c2d2b14581b99dfe39f71d895aceb269b4a886080196,0.33.2,off,16384,6.19
3hop1__354480_834494_34099|overwritten_note|12,3hop1__354480_834494_34099,overwritten_note,state,write_note,12,1,14,0.857,diff,lossless,second,0,0,0,12,12,1,1,state,state,,1,1,0,2911,168,8717,580493953bfd9de6d0b2d1d8a4f1e43ab9de066daab1e45d308f79bb0263f1ee,ecc22f11c7b9ad3cfbec183c01102da1f26216dec783e41559f086516001b7ad,glm-4.7-flash:q8_0,a035bf4bc812e1408631c2d2b14581b99dfe39f71d895aceb269b4a886080196,0.33.2,off,16384,7.42
3hop1__354480_834494_34099|overwritten_note|12,3hop1__354480_834494_34099,overwritten_note,state,write_note,12,1,14,0.857,prov,lossless,second,0,0,0,12,12,1,1,evidence,state,,1,1,0,2902,149,8554,168bfa490b87987c32e9abf27aba2b17c5b1e85904f1f25d9f267c0979b5b569,7e7ddb1c62f4d3b30f9bb17b7acdfe744608c0c99de7dfbe3c147263055b24de,glm-4.7-flash:q8_0,a035bf4bc812e1408631c2d2b14581b99dfe39f71d895aceb269b4a886080196,0.33.2,off,16384,6.75
3hop1__354480_834494_34099|wrong_argument|10,3hop1__354480_834494_34099,wrong_argument,tool,read,10,2,38,0.263,log,lossless,second,0,0,0,12,10,0,1,tool,tool,,0,1,0,3453,205,11109,ba8b77f02b64574ea7e93ea62fa1fc123ccb9b7577129cf415e005a243f5b0a5,9661a9327877f8bc95e94837a540ab1deafbd99e8790f24379e99de75649b89a,glm-4.7-flash:q8_0,a035bf4bc812e1408631c2d2b14581b99dfe39f71d895aceb269b4a886080196,0.33.2,off,16384,9.78
3hop1__354480_834494_34099|wrong_argument|10,3hop1__354480_834494_34099,wrong_argument,tool,read,10,2,38,0.263,diff,lossless,second,0,0,0,,10,0,0,none,tool,,0,1,0,4491,127,14167,580493953bfd9de6d0b2d1d8a4f1e43ab9de066daab1e45d308f79bb0263f1ee,ddd656e38c9488a01f289f249b23838369e57f0186770d01631917e712ce7d2b,glm-4.7-flash:q8_0,a035bf4bc812e1408631c2d2b14581b99dfe39f71d895aceb269b4a886080196,0.33.2,off,16384,10.26
3hop1__354480_834494_34099|wrong_argument|10,3hop1__354480_834494_34099,wrong_argument,tool,read,10,2,38,0.263,prov,lossless,second,0,0,0,12,10,0,1,tool,tool,,1,1,0,4601,319,14645,168bfa490b87987c32e9abf27aba2b17c5b1e85904f1f25d9f267c0979b5b569,a6d291dcbe54552962ae353aa5b152c0b26c520e0d89eee5941a308b1bf8d8a9,glm-4.7-flash:q8_0,a035bf4bc812e1408631c2d2b14581b99dfe39f71d895aceb269b4a886080196,0.33.2,off,16384,15.75
3hop1__354480_834494_34099|wrong_source|12,3hop1__354480_834494_34099,wrong_source,evidence,write_note,12,1,38,0.316,log,lossless,second,0,0,0,12,12,1,1,evidence,evidence,,1,1,0,5721,169,20048,ba8b77f02b64574ea7e93ea62fa1fc123ccb9b7577129cf415e005a243f5b0a5,cad7c03b7158a13f5d2314290ef045b35c1ace62587faaffbc85608f4c955d66,glm-4.7-flash:q8_0,a035bf4bc812e1408631c2d2b14581b99dfe39f71d895aceb269b4a886080196,0.33.2,off,16384,16.78
3hop1__354480_834494_34099|wrong_source|12,3hop1__354480_834494_34099,wrong_source,evidence,write_note,12,1,38,0.316,diff,lossless,second,0,0,0,12,12,1,1,evidence,evidence,,1,1,0,6891,132,23597,580493953bfd9de6d0b2d1d8a4f1e43ab9de066daab1e45d308f79bb0263f1ee,f4e4c4d33320f6b3128defbd277075675d2469fa485173b834199c543d68ca1e,glm-4.7-flash:q8_0,a035bf4bc812e1408631c2d2b14581b99dfe39f71d895aceb269b4a886080196,0.33.2,off,16384,20.06
3hop1__354480_834494_34099|wrong_source|12,3hop1__354480_834494_34099,wrong_source,evidence,write_note,12,1,38,0.316,prov,lossless,second,0,0,0,12,12,1,1,evidence,evidence,,1,1,0,6999,156,24160,168bfa490b87987c32e9abf27aba2b17c5b1e85904f1f25d9f267c0979b5b569,56d41f536fd8371f70ab1c221dc56366e66698b58a26e0c17dd800ce919cd733,glm-4.7-flash:q8_0,a035bf4bc812e1408631c2d2b14581b99dfe39f71d895aceb269b4a886080196,0.33.2,off,16384,21.09
3hop2__569322_467331_162182|corrupted_output|4,3hop2__569322_467331_162182,corrupted_output,tool,read,4,0,28,0.143,log,lossless,second,0,0,0,6,4,0,1,evidence,tool,,1,1,0,4149,558,13462,ba8b77f02b64574ea7e93ea62fa1fc123ccb9b7577129cf415e005a243f5b0a5,3cd3cb56fee75a63be4ce2962b6959ae84ca99c6ce6bc009b3d88fa52f7949ae,glm-4.7-flash:q8_0,a035bf4bc812e1408631c2d2b14581b99dfe39f71d895aceb269b4a886080196,0.33.2,off,16384,24.09
3hop2__569322_467331_162182|corrupted_output|4,3hop2__569322_467331_162182,corrupted_output,tool,read,4,0,28,0.143,diff,lossless,second,0,0,0,20,4,0,0,state,tool,,1,1,0,5425,199,17824,580493953bfd9de6d0b2d1d8a4f1e43ab9de066daab1e45d308f79bb0263f1ee,bd7d1e5d8f08785a434da4ffb04687933fb92c9e9fccea41e5811357a3a6f089,glm-4.7-flash:q8_0,a035bf4bc812e1408631c2d2b14581b99dfe39f71d895aceb269b4a886080196,0.33.2,off,16384,19.52
3hop2__569322_467331_162182|corrupted_output|4,3hop2__569322_467331_162182,corrupted_output,tool,read,4,0,28,0.143,prov,lossless,second,0,0,0,,4,0,0,none,tool,,0,1,0,5378,204,17204,168bfa490b87987c32e9abf27aba2b17c5b1e85904f1f25d9f267c0979b5b569,6c1bd07afde192df3cebe8d216467ea23e827855cc6a39f1440dd4926478dafe,glm-4.7-flash:q8_0,a035bf4bc812e1408631c2d2b14581b99dfe39f71d895aceb269b4a886080196,0.33.2,off,16384,18.91
3hop2__569322_467331_162182|dropped_note|12,3hop2__569322_467331_162182,dropped_note,state,write_note,12,1,20,0.6,log,lossless,second,0,0,0,18,12,0,0,evidence,state,,1,1,0,3158,185,9622,ba8b77f02b64574ea7e93ea62fa1fc123ccb9b7577129cf415e005a243f5b0a5,c8320a3578e6b590720949b9f3fe3e9d1ecf76c8bd36dd186ed69a76ed7a7083,glm-4.7-flash:q8_0,a035bf4bc812e1408631c2d2b14581b99dfe39f71d895aceb269b4a886080196,0.33.2,off,16384,11.62
3hop2__569322_467331_162182|dropped_note|12,3hop2__569322_467331_162182,dropped_note,state,write_note,12,1,20,0.6,diff,lossless,second,0,0,0,18,12,0,0,tool,state,,0,1,0,4056,184,12605,580493953bfd9de6d0b2d1d8a4f1e43ab9de066daab1e45d308f79bb0263f1ee,58f763105d92ea7c650b6432a5a9961d0fbec746c91b49cf04d8fee00b804474,glm-4.7-flash:q8_0,a035bf4bc812e1408631c2d2b14581b99dfe39f71d895aceb269b4a886080196,0.33.2,off,16384,13.89
3hop2__569322_467331_162182|dropped_note|12,3hop2__569322_467331_162182,dropped_note,state,write_note,12,1,20,0.6,prov,lossless,second,0,0,0,18,12,0,0,evidence,state,,0,1,0,4025,190,12238,168bfa490b87987c32e9abf27aba2b17c5b1e85904f1f25d9f267c0979b5b569,ff80f2cdcff62c79ecdbfa981af029b49163689ed4e725ab9e44e0ee5fa8be17,glm-4.7-flash:q8_0,a035bf4bc812e1408631c2d2b14581b99dfe39f71d895aceb269b4a886080196,0.33.2,off,16384,14.49
3hop2__569322_467331_162182|no_source|12,3hop2__569322_467331_162182,no_source,evidence,write_note,12,1,20,0.6,log,lossless,second,0,0,0,12,12,1,1,evidence,evidence,,1,1,0,3155,172,9615,ba8b77f02b64574ea7e93ea62fa1fc123ccb9b7577129cf415e005a243f5b0a5,f8ca40b4e4405385e81e7ad5b7afea3557a46b345d3dc7c8ca52b44059c4f48d,glm-4.7-flash:q8_0,a035bf4bc812e1408631c2d2b14581b99dfe39f71d895aceb269b4a886080196,0.33.2,off,16384,7.9
3hop2__569322_467331_162182|no_source|12,3hop2__569322_467331_162182,no_source,evidence,write_note,12,1,20,0.6,diff,lossless,second,0,0,0,12,12,1,1,evidence,evidence,,1,1,0,4081,127,12695,580493953bfd9de6d0b2d1d8a4f1e43ab9de066daab1e45d308f79bb0263f1ee,f9d43fda334c9a160196ea2ad3108ede213fa029f72a4e6fc6bb25ab97734ece,glm-4.7-flash:q8_0,a035bf4bc812e1408631c2d2b14581b99dfe39f71d895aceb269b4a886080196,0.33.2,off,16384,7.45
3hop2__569322_467331_162182|no_source|12,3hop2__569322_467331_162182,no_source,evidence,write_note,12,1,20,0.6,prov,lossless,second,0,0,0,12,12,1,1,evidence,evidence,,1,1,0,4087,229,12424,168bfa490b87987c32e9abf27aba2b17c5b1e85904f1f25d9f267c0979b5b569,7ac712dac6a24df2f585a949a7bb7dfa25a803db11657c48f3253d78eef0d978,glm-4.7-flash:q8_0,a035bf4bc812e1408631c2d2b14581b99dfe39f71d895aceb269b4a886080196,0.33.2,off,16384,10.3
3hop2__569322_467331_162182|overwritten_note|18,3hop2__569322_467331_162182,overwritten_note,state,write_note,18,2,20,0.9,log,lossless,second,0,0,0,18,18,1,1,evidence,state,,1,1,0,3166,178,9693,ba8b77f02b64574ea7e93ea62fa1fc123ccb9b7577129cf415e005a243f5b0a5,9a9bed2ba23d6f92ea6a074497a42923117470b54a42f8489a83a5bf701c6adf,glm-4.7-flash:q8_0,a035bf4bc812e1408631c2d2b14581b99dfe39f71d895aceb269b4a886080196,0.33.2,off,16384,7.13
3hop2__569322_467331_162182|overwritten_note|18,3hop2__569322_467331_162182,overwritten_note,state,write_note,18,2,20,0.9,diff,lossless,second,0,0,0,18,18,1,1,state,state,,0,1,0,4104,174,12791,580493953bfd9de6d0b2d1d8a4f1e43ab9de066daab1e45d308f79bb0263f1ee,0bb7c0f7e7a7f527df7550c62b2a748e0a6fbdeddccbde531ac86aba40a45c02,glm-4.7-flash:q8_0,a035bf4bc812e1408631c2d2b14581b99dfe39f71d895aceb269b4a886080196,0.33.2,off,16384,8.73
3hop2__569322_467331_162182|overwritten_note|18,3hop2__569322_467331_162182,overwritten_note,state,write_note,18,2,20,0.9,prov,lossless,second,0,0,0,18,18,1,1,state,state,,1,1,0,4128,459,12605,168bfa490b87987c32e9abf27aba2b17c5b1e85904f1f25d9f267c0979b5b569,eb8289e10a674121f7afa4debe6187202e37d2702c1a7072d003da57973808ae,glm-4.7-flash:q8_0,a035bf4bc812e1408631c2d2b14581b99dfe39f71d895aceb269b4a886080196,0.33.2,off,16384,16.75
3hop2__569322_467331_162182|wrong_argument|14,3hop2__569322_467331_162182,wrong_argument,tool,search,14,2,24,0.583,log,lossless,second,0,0,0,,14,0,0,none,tool,,0,1,0,3722,449,11713,ba8b77f02b64574ea7e93ea62fa1fc123ccb9b7577129cf415e005a243f5b0a5,70f869c880c12018c9d23d696aa0a5fe533ae191a7f9ffa7d91fc73a9b562017,glm-4.7-flash:q8_0,a035bf4bc812e1408631c2d2b14581b99dfe39f71d895aceb269b4a886080196,0.33.2,off,16384,16.34
3hop2__569322_467331_162182|wrong_argument|14,3hop2__569322_467331_162182,wrong_argument,tool,search,14,2,24,0.583,diff,lossless,second,0,0,0,22,14,0,0,evidence,tool,,1,1,0,4749,188,15051,580493953bfd9de6d0b2d1d8a4f1e43ab9de066daab1e45d308f79bb0263f1ee,7009059751e27873aae399033167cc99e5fdea5ff3dd7dc67da4bace38957ae1,glm-4.7-flash:q8_0,a035bf4bc812e1408631c2d2b14581b99dfe39f71d895aceb269b4a886080196,0.33.2,off,16384,10.99
3hop2__569322_467331_162182|wrong_argument|14,3hop2__569322_467331_162182,wrong_argument,tool,search,14,2,24,0.583,prov,lossless,second,0,0,0,22,14,0,0,evidence,tool,,1,1,0,4805,206,14987,168bfa490b87987c32e9abf27aba2b17c5b1e85904f1f25d9f267c0979b5b569,c74f3926913cd7f723f45a0b5530fb29097caab72944e9aae1e0ec314b9db205,glm-4.7-flash:q8_0,a035bf4bc812e1408631c2d2b14581b99dfe39f71d895aceb269b4a886080196,0.33.2,off,16384,11.62
3hop2__569322_467331_162182|wrong_source|12,3hop2__569322_467331_162182,wrong_source,evidence,write_note,12,0,20,0.6,log,lossless,second,0,0,0,12,12,1,1,evidence,evidence,,1,1,0,3190,158,9754,ba8b77f02b64574ea7e93ea62fa1fc123ccb9b7577129cf415e005a243f5b0a5,5a4e35ae25a861863f4dd94efe89cb4f3ec86fc8e50bb3284721ccd52d6d01dc,glm-4.7-flash:q8_0,a035bf4bc812e1408631c2d2b14581b99dfe39f71d895aceb269b4a886080196,0.33.2,off,16384,6.74
3hop2__569322_467331_162182|wrong_source|12,3hop2__569322_467331_162182,wrong_source,evidence,write_note,12,0,20,0.6,diff,lossless,second,0,0,0,12,12,1,1,evidence,evidence,,1,1,0,4128,156,12852,580493953bfd9de6d0b2d1d8a4f1e43ab9de066daab1e45d308f79bb0263f1ee,d0c0ad6200987b423ab68c8d5a45672778f9ec9aa7cf000339c25ffa6b708211,glm-4.7-flash:q8_0,a035bf4bc812e1408631c2d2b14581b99dfe39f71d895aceb269b4a886080196,0.33.2,off,16384,8.36
3hop2__569322_467331_162182|wrong_source|12,3hop2__569322_467331_162182,wrong_source,evidence,write_note,12,0,20,0.6,prov,lossless,second,0,0,0,12,12,1,1,evidence,evidence,,1,1,0,4163,157,12670,168bfa490b87987c32e9abf27aba2b17c5b1e85904f1f25d9f267c0979b5b569,a3beca0b2401de8383f661057cf97faa99728f95f411ee931be1db925b75dffa,glm-4.7-flash:q8_0,a035bf4bc812e1408631c2d2b14581b99dfe39f71d895aceb269b4a886080196,0.33.2,off,16384,8.59
3hop1__622497_160088_821792|corrupted_output|8,3hop1__622497_160088_821792,corrupted_output,tool,search,8,1,26,0.308,log,lossless,second,0,0,0,12,8,0,0,evidence,tool,,1,1,0,3741,202,11638,ba8b77f02b64574ea7e93ea62fa1fc123ccb9b7577129cf415e005a243f5b0a5,6435d640c2e75d5214741598e71399a00b8a1ce7bd8f8c583ace6a2eda60e8ae,glm-4.7-flash:q8_0,a035bf4bc812e1408631c2d2b14581b99dfe39f71d895aceb269b4a886080196,0.33.2,off,16384,13.09
3hop1__622497_160088_821792|corrupted_output|8,3hop1__622497_160088_821792,corrupted_output,tool,search,8,1,26,0.308,diff,lossless,second,0,0,0,12,8,0,0,evidence,tool,,1,1,0,4955,137,15556,580493953bfd9de6d0b2d1d8a4f1e43ab9de066daab1e45d308f79bb0263f1ee,311689eeaaa094dba6dbaaf68e7ac1824fc90e31bf9b4ff1636166e4bfe8b212,glm-4.7-flash:q8_0,a035bf4bc812e1408631c2d2b14581b99dfe39f71d895aceb269b4a886080196,0.33.2,off,16384,16.21
3hop1__622497_160088_821792|corrupted_output|8,3hop1__622497_160088_821792,corrupted_output,tool,search,8,1,26,0.308,prov,lossless,second,0,0,0,14,8,0,0,tool,tool,,0,1,0,4910,166,15255,168bfa490b87987c32e9abf27aba2b17c5b1e85904f1f25d9f267c0979b5b569,9c40ee291e5ddc0684aeda7ac3f09716870cc87a22719a81979a42ea29733e60,glm-4.7-flash:q8_0,a035bf4bc812e1408631c2d2b14581b99dfe39f71d895aceb269b4a886080196,0.33.2,off,16384,16.96
3hop1__622497_160088_821792|dropped_note|18,3hop1__622497_160088_821792,dropped_note,state,write_note,18,2,20,0.9,log,lossless,second,0,0,0,,18,0,0,none,state,,0,1,0,2937,248,8578,ba8b77f02b64574ea7e93ea62fa1fc123ccb9b7577129cf415e005a243f5b0a5,c3ae128cffa64e04bffe9b59e0eb4d72c2e2fe1917c7ed9a26e0f8ffc512e615,glm-4.7-flash:q8_0,a035bf4bc812e1408631c2d2b14581b99dfe39f71d895aceb269b4a886080196,0.33.2,off,16384,10.16
3hop1__622497_160088_821792|dropped_note|18,3hop1__622497_160088_821792,dropped_note,state,write_note,18,2,20,0.9,diff,lossless,second,0,0,0,18,18,1,1,evidence,state,,1,1,0,3861,383,11578,580493953bfd9de6d0b2d1d8a4f1e43ab9de066daab1e45d308f79bb0263f1ee,8bf047c9a3b9e696f5242c0961f1392978667c35ef4f84b2369a806c78caa088,glm-4.7-flash:q8_0,a035bf4bc812e1408631c2d2b14581b99dfe39f71d895aceb269b4a886080196,0.33.2,off,16384,16.27
3hop1__622497_160088_821792|dropped_note|18,3hop1__622497_160088_821792,dropped_note,state,write_note,18,2,20,0.9,prov,lossless,second,0,0,0,,18,0,0,,state,,0,0,0,3744,1024,11060,168bfa490b87987c32e9abf27aba2b17c5b1e85904f1f25d9f267c0979b5b569,f4293af00d8a088c3cdb5ce678aced98b12a107b547dd056c3c85346292b52f3,glm-4.7-flash:q8_0,a035bf4bc812e1408631c2d2b14581b99dfe39f71d895aceb269b4a886080196,0.33.2,off,16384,33.17
3hop1__622497_160088_821792|no_source|18,3hop1__622497_160088_821792,no_source,evidence,write_note,18,2,20,0.9,log,lossless,second,0,0,0,18,18,1,1,evidence,evidence,,0,1,0,2934,141,8602,ba8b77f02b64574ea7e93ea62fa1fc123ccb9b7577129cf415e005a243f5b0a5,cc1e57b3576d7d94c273642791cb6030c762cc7299a882d2f38a5f10a61c7e5a,glm-4.7-flash:q8_0,a035bf4bc812e1408631c2d2b14581b99dfe39f71d895aceb269b4a886080196,0.33.2,off,16384,4.24
3hop1__622497_160088_821792|no_source|18,3hop1__622497_160088_821792,no_source,evidence,write_note,18,2,20,0.9,diff,lossless,second,0,0,0,18,18,1,1,evidence,evidence,,1,1,0,3883,114,11691,580493953bfd9de6d0b2d1d8a4f1e43ab9de066daab1e45d308f79bb0263f1ee,e167a312ebc7c9565ee6c8e2d9cc98387bc1d98bfbf665321abd7fad7e224ae5,glm-4.7-flash:q8_0,a035bf4bc812e1408631c2d2b14581b99dfe39f71d895aceb269b4a886080196,0.33.2,off,16384,4.1
3hop1__622497_160088_821792|no_source|18,3hop1__622497_160088_821792,no_source,evidence,write_note,18,2,20,0.9,prov,lossless,second,0,0,0,18,18,1,1,evidence,evidence,,0,1,0,3801,227,11271,168bfa490b87987c32e9abf27aba2b17c5b1e85904f1f25d9f267c0979b5b569,26d954179422ed49a97b32a9d5abf8c9ca6c9c01395fda6a153c16c9263b6b98,glm-4.7-flash:q8_0,a035bf4bc812e1408631c2d2b14581b99dfe39f71d895aceb269b4a886080196,0.33.2,off,16384,7.25
3hop1__622497_160088_821792|overwritten_note|12,3hop1__622497_160088_821792,overwritten_note,state,write_note,12,0,20,0.6,log,lossless,second,0,0,0,12,12,1,1,evidence,state,,1,1,0,2957,206,8629,ba8b77f02b64574ea7e93ea62fa1fc123ccb9b7577129cf415e005a243f5b0a5,ca40f2209fe4a3e46ed20cfa66ed2f93352b718974898c830de8baae44632aed,glm-4.7-flash:q8_0,a035bf4bc812e1408631c2d2b14581b99dfe39f71d895aceb269b4a886080196,0.33.2,off,16384,7.46
3hop1__622497_160088_821792|overwritten_note|12,3hop1__622497_160088_821792,overwritten_note,state,write_note,12,0,20,0.6,diff,lossless,second,0,0,0,,12,0,0,,state,,0,0,0,3922,1024,11753,580493953bfd9de6d0b2d1d8a4f1e43ab9de066daab1e45d308f79bb0263f1ee,a0776e9947b97b4f61a4e3adf8da47b3d5ea8fdbdc5131cb808effffe32ad755,glm-4.7-flash:q8_0,a035bf4bc812e1408631c2d2b14581b99dfe39f71d895aceb269b4a886080196,0.33.2,off,16384,31.84
3hop1__622497_160088_821792|overwritten_note|12,3hop1__622497_160088_821792,overwritten_note,state,write_note,12,0,20,0.6,prov,lossless,second,0,0,0,,12,0,0,,state,,0,0,0,3855,1024,11387,168bfa490b87987c32e9abf27aba2b17c5b1e85904f1f25d9f267c0979b5b569,9eb7f883a5b58eb89d49b0de5c622d25ade265c47b4ef51d888ad3ffbfa55480,glm-4.7-flash:q8_0,a035bf4bc812e1408631c2d2b14581b99dfe39f71d895aceb269b4a886080196,0.33.2,off,16384,31.81
3hop1__622497_160088_821792|wrong_argument|4,3hop1__622497_160088_821792,wrong_argument,tool,read,4,0,38,0.105,log,lossless,second,0,0,0,34,4,0,0,evidence,tool,,1,1,0,5608,172,18490,ba8b77f02b64574ea7e93ea62fa1fc123ccb9b7577129cf415e005a243f5b0a5,d0692d9686bbae703a341a3cca8c9c400c5b4a06526ed3e4b9ba5432903c831c,glm-4.7-flash:q8_0,a035bf4bc812e1408631c2d2b14581b99dfe39f71d895aceb269b4a886080196,0.33.2,off,16384,18.04
3hop1__622497_160088_821792|wrong_argument|4,3hop1__622497_160088_821792,wrong_argument,tool,read,4,0,38,0.105,diff,lossless,second,0,0,0,4,4,1,1,tool,tool,,0,1,0,7254,168,23726,580493953bfd9de6d0b2d1d8a4f1e43ab9de066daab1e45d308f79bb0263f1ee,2c05c8e80b0ab6cdd80cc3f9fc5a3be062100b397fdc93394d1e399f4f199216,glm-4.7-flash:q8_0,a035bf4bc812e1408631c2d2b14581b99dfe39f71d895aceb269b4a886080196,0.33.2,off,16384,26.89
3hop1__622497_160088_821792|wrong_argument|4,3hop1__622497_160088_821792,wrong_argument,tool,read,4,0,38,0.105,prov,lossless,second,0,0,0,,4,0,0,none,tool,,0,1,0,7179,540,23430,168bfa490b87987c32e9abf27aba2b17c5b1e85904f1f25d9f267c0979b5b569,38ee330bdb09f402e0b695d8c73eeecbf1dae003a6c03f1cb8ca98bee445eecf,glm-4.7-flash:q8_0,a035bf4bc812e1408631c2d2b14581b99dfe39f71d895aceb269b4a886080196,0.33.2,off,16384,36.18
3hop1__622497_160088_821792|wrong_source|18,3hop1__622497_160088_821792,wrong_source,evidence,write_note,18,2,20,0.9,log,lossless,second,0,0,0,18,18,1,1,evidence,evidence,,1,1,0,2949,163,8582,ba8b77f02b64574ea7e93ea62fa1fc123ccb9b7577129cf415e005a243f5b0a5,b234d0146977b087801ecadeb151cebb4be677dcb6477f9a74ebaac8c88645e5,glm-4.7-flash:q8_0,a035bf4bc812e1408631c2d2b14581b99dfe39f71d895aceb269b4a886080196,0.33.2,off,16384,9.56
3hop1__622497_160088_821792|wrong_source|18,3hop1__622497_160088_821792,wrong_source,evidence,write_note,18,2,20,0.9,diff,lossless,second,0,0,0,18,18,1,1,evidence,evidence,,1,1,0,3914,143,11706,580493953bfd9de6d0b2d1d8a4f1e43ab9de066daab1e45d308f79bb0263f1ee,9e7d1128aa2d0583168c99d7de97b3893ab3de7bc94da29cb4ba64d573448b90,glm-4.7-flash:q8_0,a035bf4bc812e1408631c2d2b14581b99dfe39f71d895aceb269b4a886080196,0.33.2,off,16384,8.15
3hop1__622497_160088_821792|wrong_source|18,3hop1__622497_160088_821792,wrong_source,evidence,write_note,18,2,20,0.9,prov,lossless,second,0,0,0,18,18,1,1,evidence,evidence,,1,1,0,3851,154,11349,168bfa490b87987c32e9abf27aba2b17c5b1e85904f1f25d9f267c0979b5b569,7f2b2651e799f89e471269afa0d0a6246731d4b258b3f465cfdd3788abda4238,glm-4.7-flash:q8_0,a035bf4bc812e1408631c2d2b14581b99dfe39f71d895aceb269b4a886080196,0.33.2,off,16384,12.1
3hop1__88707_91850_685675|corrupted_output|16,3hop1__88707_91850_685675,corrupted_output,tool,read,16,2,20,0.8,log,lossless,second,0,0,0,18,16,0,1,evidence,tool,,1,1,0,3339,145,10224,ba8b77f02b64574ea7e93ea62fa1fc123ccb9b7577129cf415e005a243f5b0a5,09a39fdd3db1621fe90fe584a111f9a8652ee5e4a0982e5a1869e70d8882fdef,glm-4.7-flash:q8_0,a035bf4bc812e1408631c2d2b14581b99dfe39f71d895aceb269b4a886080196,0.33.2,off,16384,10.84
3hop1__88707_91850_685675|corrupted_output|16,3hop1__88707_91850_685675,corrupted_output,tool,read,16,2,20,0.8,diff,lossless,second,0,0,0,18,16,0,1,evidence,tool,,1,1,0,4409,119,14032,580493953bfd9de6d0b2d1d8a4f1e43ab9de066daab1e45d308f79bb0263f1ee,3da9e42c7578b80deee0695f9ee8bc8305127668329f887bc7ee0b07fd0123ab,glm-4.7-flash:q8_0,a035bf4bc812e1408631c2d2b14581b99dfe39f71d895aceb269b4a886080196,0.33.2,off,16384,13.35
3hop1__88707_91850_685675|corrupted_output|16,3hop1__88707_91850_685675,corrupted_output,tool,read,16,2,20,0.8,prov,lossless,second,0,0,0,18,16,0,1,evidence,tool,,1,1,0,4288,150,13108,168bfa490b87987c32e9abf27aba2b17c5b1e85904f1f25d9f267c0979b5b569,e5c3d5b3e85001ff7a2c907683df56fe1c1ccc280a8bb4be762e23a3aa4a9779,glm-4.7-flash:q8_0,a035bf4bc812e1408631c2d2b14581b99dfe39f71d895aceb269b4a886080196,0.33.2,off,16384,13.26
3hop1__88707_91850_685675|dropped_note|6,3hop1__88707_91850_685675,dropped_note,state,write_note,6,0,20,0.3,log,lossless,second,0,0,0,12,6,0,0,evidence,state,,1,1,0,3307,225,9926,ba8b77f02b64574ea7e93ea62fa1fc123ccb9b7577129cf415e005a243f5b0a5,0475c831f35212ae17f9a3a07dab2c4ed5940a68652d9ff426e8f3b120227165,glm-4.7-flash:q8_0,a035bf4bc812e1408631c2d2b14581b99dfe39f71d895aceb269b4a886080196,0.33.2,off,16384,11.27
3hop1__88707_91850_685675|dropped_note|6,3hop1__88707_91850_685675,dropped_note,state,write_note,6,0,20,0.3,diff,lossless,second,0,0,0,12,6,0,0,evidence,state,,1,1,0,4349,141,13464,580493953bfd9de6d0b2d1d8a4f1e43ab9de066daab1e45d308f79bb0263f1ee,d8a54a7429fff092f9477628f04c7181fc0d57305719ff9e79d49a504e8f3847,glm-4.7-flash:q8_0,a035bf4bc812e1408631c2d2b14581b99dfe39f71d895aceb269b4a886080196,0.33.2,off,16384,11.08
3hop1__88707_91850_685675|dropped_note|6,3hop1__88707_91850_685675,dropped_note,state,write_note,6,0,20,0.3,prov,lossless,second,0,0,0,12,6,0,0,evidence,state,,1,1,0,4165,160,12533,168bfa490b87987c32e9abf27aba2b17c5b1e85904f1f25d9f267c0979b5b569,5e77ae4cb27bc5f267a49400aefa99b82a3714b4e59c6b28b7cd6f06768e2acb,glm-4.7-flash:q8_0,a035bf4bc812e1408631c2d2b14581b99dfe39f71d895aceb269b4a886080196,0.33.2,off,16384,11.02
3hop1__88707_91850_685675|no_source|6,3hop1__88707_91850_685675,no_source,evidence,write_note,6,0,20,0.3,log,lossless,second,0,0,0,6,6,1,1,evidence,evidence,,1,1,0,3314,184,9864,ba8b77f02b64574ea7e93ea62fa1fc123ccb9b7577129cf415e005a243f5b0a5,202242420e064516b51ac4381b0ff742fcedb05bc1d319c1d7f9b7a08024353e,glm-4.7-flash:q8_0,a035bf4bc812e1408631c2d2b14581b99dfe39f71d895aceb269b4a886080196,0.33.2,off,16384,9.48
3hop1__88707_91850_685675|no_source|6,3hop1__88707_91850_685675,no_source,evidence,write_note,6,0,20,0.3,diff,lossless,second,0,0,0,,6,0,0,none,evidence,,0,1,0,4385,200,13521,580493953bfd9de6d0b2d1d8a4f1e43ab9de066daab1e45d308f79bb0263f1ee,f140c9745ea4e4c5fae1ea3632460ab3f03e9b40c1f10a5f2e164f8daae50cd6,glm-4.7-flash:q8_0,a035bf4bc812e1408631c2d2b14581b99dfe39f71d895aceb269b4a886080196,0.33.2,off,16384,12.8
3hop1__88707_91850_685675|no_source|6,3hop1__88707_91850_685675,no_source,evidence,write_note,6,0,20,0.3,prov,lossless,second,0,0,0,6,6,1,1,evidence,evidence,,0,1,0,4230,321,12661,168bfa490b87987c32e9abf27aba2b17c5b1e85904f1f25d9f267c0979b5b569,a422141aa6b506348d831ca6cc7005d9d4de4d345df14547766f5577c393311c,glm-4.7-flash:q8_0,a035bf4bc812e1408631c2d2b14581b99dfe39f71d895aceb269b4a886080196,0.33.2,off,16384,15.71
3hop1__88707_91850_685675|overwritten_note|18,3hop1__88707_91850_685675,overwritten_note,state,write_note,18,2,20,0.9,log,lossless,second,0,0,0,18,18,1,1,state,state,,1,1,0,3317,103,9987,ba8b77f02b64574ea7e93ea62fa1fc123ccb9b7577129cf415e005a243f5b0a5,2f588459b5a82753db9dc9e728ad5c664fc297d5a56f8af74201e44365f3af98,glm-4.7-flash:q8_0,a035bf4bc812e1408631c2d2b14581b99dfe39f71d895aceb269b4a886080196,0.33.2,off,16384,7.41
3hop1__88707_91850_685675|overwritten_note|18,3hop1__88707_91850_685675,overwritten_note,state,write_note,18,2,20,0.9,diff,lossless,second,0,0,0,18,18,1,1,state,state,,1,1,0,4397,189,13654,580493953bfd9de6d0b2d1d8a4f1e43ab9de066daab1e45d308f79bb0263f1ee,b39a1f973e4262b390b16a03b9e711beea377dd61e271c38d352618c31afed37,glm-4.7-flash:q8_0,a035bf4bc812e1408631c2d2b14581b99dfe39f71d895aceb269b4a886080196,0.33.2,off,16384,12.53
3hop1__88707_91850_685675|overwritten_note|18,3hop1__88707_91850_685675,overwritten_note,state,write_note,18,2,20,0.9,prov,lossless,second,0,0,0,18,18,1,1,evidence,state,,1,1,0,4241,154,12829,168bfa490b87987c32e9abf27aba2b17c5b1e85904f1f25d9f267c0979b5b569,c74bfc52fde1a443934453f2538fe9b2a4b1ee378108f1ce9c6a3f6c25ebc1b7,glm-4.7-flash:q8_0,a035bf4bc812e1408631c2d2b14581b99dfe39f71d895aceb269b4a886080196,0.33.2,off,16384,11.16
3hop1__88707_91850_685675|wrong_argument|14,3hop1__88707_91850_685675,wrong_argument,tool,search,14,2,20,0.7,log,lossless,second,0,0,0,12,14,0,1,evidence,tool,,0,1,0,3417,255,10477,ba8b77f02b64574ea7e93ea62fa1fc123ccb9b7577129cf415e005a243f5b0a5,81152ac22fc1a7d8de639d47d8979bf1504b39c4b4497551caa7b3637b5ac9ff,glm-4.7-flash:q8_0,a035bf4bc812e1408631c2d2b14581b99dfe39f71d895aceb269b4a886080196,0.33.2,off,16384,9.52
3hop1__88707_91850_685675|wrong_argument|14,3hop1__88707_91850_685675,wrong_argument,tool,search,14,2,20,0.7,diff,lossless,second,0,0,0,12,14,0,1,evidence,tool,,1,1,0,4557,186,14446,580493953bfd9de6d0b2d1d8a4f1e43ab9de066daab1e45d308f79bb0263f1ee,fb5fd1cd103dc80f85e683d1a742a26804873432e014f65beaa12d2eb3532dc8,glm-4.7-flash:q8_0,a035bf4bc812e1408631c2d2b14581b99dfe39f71d895aceb269b4a886080196,0.33.2,off,16384,9.55
3hop1__88707_91850_685675|wrong_argument|14,3hop1__88707_91850_685675,wrong_argument,tool,search,14,2,20,0.7,prov,lossless,second,0,0,0,12,14,0,1,evidence,tool,,1,1,0,4376,180,13428,168bfa490b87987c32e9abf27aba2b17c5b1e85904f1f25d9f267c0979b5b569,bf0d822e42f263c12af006b034bed9bc078cea2704ce11ca4575326d327ec238,glm-4.7-flash:q8_0,a035bf4bc812e1408631c2d2b14581b99dfe39f71d895aceb269b4a886080196,0.33.2,off,16384,9.09
3hop1__88707_91850_685675|wrong_source|18,3hop1__88707_91850_685675,wrong_source,evidence,write_note,18,2,20,0.9,log,lossless,second,0,0,0,18,18,1,1,evidence,evidence,,1,1,0,3337,173,10012,ba8b77f02b64574ea7e93ea62fa1fc123ccb9b7577129cf415e005a243f5b0a5,ef0409bcfec89f0a0ba886c5c420f1a8f8c0a4fbe88ad07294f4d690f7f90c71,glm-4.7-flash:q8_0,a035bf4bc812e1408631c2d2b14581b99dfe39f71d895aceb269b4a886080196,0.33.2,off,16384,7.11
3hop1__88707_91850_685675|wrong_source|18,3hop1__88707_91850_685675,wrong_source,evidence,write_note,18,2,20,0.9,diff,lossless,second,0,0,0,12,18,0,0,evidence,evidence,,1,1,0,4416,194,13679,580493953bfd9de6d0b2d1d8a4f1e43ab9de066daab1e45d308f79bb0263f1ee,f0eba34de4debf3c842ea78121956f30b6886f69eab11beeb7d43cf573c302f6,glm-4.7-flash:q8_0,a035bf4bc812e1408631c2d2b14581b99dfe39f71d895aceb269b4a886080196,0.33.2,off,16384,9.27
3hop1__88707_91850_685675|wrong_source|18,3hop1__88707_91850_685675,wrong_source,evidence,write_note,18,2,20,0.9,prov,lossless,second,0,0,0,18,18,1,1,evidence,evidence,,1,1,0,4286,196,12896,168bfa490b87987c32e9abf27aba2b17c5b1e85904f1f25d9f267c0979b5b569,5489a6fffb65873dd93e9596c9b2054f01357ceb81112c241f2ed046f235f848,glm-4.7-flash:q8_0,a035bf4bc812e1408631c2d2b14581b99dfe39f71d895aceb269b4a886080196,0.33.2,off,16384,9.17
3hop1__73796_87694_64412|corrupted_output|2,3hop1__73796_87694_64412,corrupted_output,tool,search,2,0,28,0.071,log,lossless,second,0,0,0,12,2,0,0,evidence,tool,,0,1,0,3996,275,12594,ba8b77f02b64574ea7e93ea62fa1fc123ccb9b7577129cf415e005a243f5b0a5,2a13bb2ba07de2a802d8326bd0f45daee69b0024f7fbbaeb158495b549378737,glm-4.7-flash:q8_0,a035bf4bc812e1408631c2d2b14581b99dfe39f71d895aceb269b4a886080196,0.33.2,off,16384,15.85
3hop1__73796_87694_64412|corrupted_output|2,3hop1__73796_87694_64412,corrupted_output,tool,search,2,0,28,0.071,diff,lossless,second,0,0,0,,2,0,0,none,tool,,0,1,0,5274,149,16799,580493953bfd9de6d0b2d1d8a4f1e43ab9de066daab1e45d308f79bb0263f1ee,e2d1e149a3234f585e882c77b021714c7ff53bcb283128e5006267dac5d769c5,glm-4.7-flash:q8_0,a035bf4bc812e1408631c2d2b14581b99dfe39f71d895aceb269b4a886080196,0.33.2,off,16384,16.89
3hop1__73796_87694_64412|corrupted_output|2,3hop1__73796_87694_64412,corrupted_output,tool,search,2,0,28,0.071,prov,lossless,second,0,0,0,12,2,0,0,tool,tool,,0,1,0,5246,355,16441,168bfa490b87987c32e9abf27aba2b17c5b1e85904f1f25d9f267c0979b5b569,06287941d94201e2a88f49270c5767b416ba10f494cba3cdea6d7b13fa2a9ee7,glm-4.7-flash:q8_0,a035bf4bc812e1408631c2d2b14581b99dfe39f71d895aceb269b4a886080196,0.33.2,off,16384,23.77
3hop1__73796_87694_64412|dropped_note|12,3hop1__73796_87694_64412,dropped_note,state,write_note,12,1,20,0.6,log,lossless,second,0,0,0,18,12,0,0,evidence,state,,0,1,0,3142,248,9567,ba8b77f02b64574ea7e93ea62fa1fc123ccb9b7577129cf415e005a243f5b0a5,05ad266de553b24cb11096a49371751251b86a13643ad62345414233f224e81d,glm-4.7-flash:q8_0,a035bf4bc812e1408631c2d2b14581b99dfe39f71d895aceb269b4a886080196,0.33.2,off,16384,13.53
3hop1__73796_87694_64412|dropped_note|12,3hop1__73796_87694_64412,dropped_note,state,write_note,12,1,20,0.6,diff,lossless,second,0,0,0,16,12,0,0,tool,state,,0,1,0,4087,142,12755,580493953bfd9de6d0b2d1d8a4f1e43ab9de066daab1e45d308f79bb0263f1ee,5fc44dcf6e805a42192366b72f0466657240120c12095472931711ac05c650ca,glm-4.7-flash:q8_0,a035bf4bc812e1408631c2d2b14581b99dfe39f71d895aceb269b4a886080196,0.33.2,off,16384,13.17
3hop1__73796_87694_64412|dropped_note|12,3hop1__73796_87694_64412,dropped_note,state,write_note,12,1,20,0.6,prov,lossless,second,0,0,0,,12,0,0,none,state,,0,1,0,3999,96,12219,168bfa490b87987c32e9abf27aba2b17c5b1e85904f1f25d9f267c0979b5b569,423ee0738bedae9a549abe70eb3ac72ff86e28be8be2f39f764c8ab6b903635a,glm-4.7-flash:q8_0,a035bf4bc812e1408631c2d2b14581b99dfe39f71d895aceb269b4a886080196,0.33.2,off,16384,10.99
3hop1__73796_87694_64412|no_source|12,3hop1__73796_87694_64412,no_source,evidence,write_note,12,1,20,0.6,log,lossless,second,0,0,0,12,12,1,1,evidence,evidence,,1,1,0,3155,148,9603,ba8b77f02b64574ea7e93ea62fa1fc123ccb9b7577129cf415e005a243f5b0a5,07e1689568aeaeaf82a00e208f4bb45f2f57775ad2e07a5d211a2cc406810463,glm-4.7-flash:q8_0,a035bf4bc812e1408631c2d2b14581b99dfe39f71d895aceb269b4a886080196,0.33.2,off,16384,6.38
3hop1__73796_87694_64412|no_source|12,3hop1__73796_87694_64412,no_source,evidence,write_note,12,1,20,0.6,diff,lossless,second,0,0,0,12,12,1,1,evidence,evidence,,1,1,0,4137,190,12929,580493953bfd9de6d0b2d1d8a4f1e43ab9de066daab1e45d308f79bb0263f1ee,489b98e7bdac3bdc645b57253ec8daf669a2a62bc1f34ef6a0cb8b87a9feb7d3,glm-4.7-flash:q8_0,a035bf4bc812e1408631c2d2b14581b99dfe39f71d895aceb269b4a886080196,0.33.2,off,16384,9.19
3hop1__73796_87694_64412|no_source|12,3hop1__73796_87694_64412,no_source,evidence,write_note,12,1,20,0.6,prov,lossless,second,0,0,0,12,12,1,1,evidence,evidence,,0,1,0,4073,192,12441,168bfa490b87987c32e9abf27aba2b17c5b1e85904f1f25d9f267c0979b5b569,a6c70d1fc0c4bc58126bc8f832d2f227cd4d1d95e0cb05527c2087b4b4360c3a,glm-4.7-flash:q8_0,a035bf4bc812e1408631c2d2b14581b99dfe39f71d895aceb269b4a886080196,0.33.2,off,16384,9.33
3hop1__73796_87694_64412|overwritten_note|18,3hop1__73796_87694_64412,overwritten_note,state,write_note,18,2,20,0.9,log,lossless,second,0,0,0,18,18,1,1,evidence,state,,0,1,0,3145,213,9599,ba8b77f02b64574ea7e93ea62fa1fc123ccb9b7577129cf415e005a243f5b0a5,9c03d1e5b80c2299b577e80f04e452d5fb44558372f1d7e85d88185da26cd6de,glm-4.7-flash:q8_0,a035bf4bc812e1408631c2d2b14581b99dfe39f71d895aceb269b4a886080196,0.33.2,off,16384,8.06
3hop1__73796_87694_64412|overwritten_note|18,3hop1__73796_87694_64412,overwritten_note,state,write_note,18,2,20,0.9,diff,lossless,second,0,0,0,18,18,1,1,state,state,,1,1,0,4137,147,12935,580493953bfd9de6d0b2d1d8a4f1e43ab9de066daab1e45d308f79bb0263f1ee,36d3093bc7d56754281dfefa7ae8e6c233db285e2c6b88f9a8cd20ddf88bbc25,glm-4.7-flash:q8_0,a035bf4bc812e1408631c2d2b14581b99dfe39f71d895aceb269b4a886080196,0.33.2,off,16384,8.04
3hop1__73796_87694_64412|overwritten_note|18,3hop1__73796_87694_64412,overwritten_note,state,write_note,18,2,20,0.9,prov,lossless,second,0,0,0,,18,0,0,,state,,0,0,0,4066,1024,12420,168bfa490b87987c32e9abf27aba2b17c5b1e85904f1f25d9f267c0979b5b569,30df1c179b4aae65e4f6d7a733ff0694eaaa487679db6fefe94e14dad748529c,glm-4.7-flash:q8_0,a035bf4bc812e1408631c2d2b14581b99dfe39f71d895aceb269b4a886080196,0.33.2,off,16384,32.41
3hop1__73796_87694_64412|wrong_argument|16,3hop1__73796_87694_64412,wrong_argument,tool,read,16,2,20,0.8,log,lossless,second,0,0,0,18,16,0,1,evidence,tool,,0,1,0,3155,258,9557,ba8b77f02b64574ea7e93ea62fa1fc123ccb9b7577129cf415e005a243f5b0a5,7ab4ec6a13f27dd9cf168dcb063364239db5cb44384c47382ba2dca761c7a24d,glm-4.7-flash:q8_0,a035bf4bc812e1408631c2d2b14581b99dfe39f71d895aceb269b4a886080196,0.33.2,off,16384,8.1
3hop1__73796_87694_64412|wrong_argument|16,3hop1__73796_87694_64412,wrong_argument,tool,read,16,2,20,0.8,diff,lossless,second,0,0,0,16,16,1,1,tool,tool,,0,1,0,4156,247,12915,580493953bfd9de6d0b2d1d8a4f1e43ab9de066daab1e45d308f79bb0263f1ee,013b878bc5884c6f6264a4ffaac7ece2937af876640c8f8205de0c0584f3f415,glm-4.7-flash:q8_0,a035bf4bc812e1408631c2d2b14581b99dfe39f71d895aceb269b4a886080196,0.33.2,off,16384,8.9
3hop1__73796_87694_64412|wrong_argument|16,3hop1__73796_87694_64412,wrong_argument,tool,read,16,2,20,0.8,prov,lossless,second,0,0,0,18,16,0,1,evidence,tool,,0,1,0,4097,207,12470,168bfa490b87987c32e9abf27aba2b17c5b1e85904f1f25d9f267c0979b5b569,da6c3a73ae5cec74fd630e18099838136f954e2c7edab83c09e7665ac282fe57,glm-4.7-flash:q8_0,a035bf4bc812e1408631c2d2b14581b99dfe39f71d895aceb269b4a886080196,0.33.2,off,16384,7.72
3hop1__73796_87694_64412|wrong_source|12,3hop1__73796_87694_64412,wrong_source,evidence,write_note,12,0,20,0.6,log,lossless,second,0,0,0,12,12,1,1,evidence,evidence,,1,1,0,3164,169,9615,ba8b77f02b64574ea7e93ea62fa1fc123ccb9b7577129cf415e005a243f5b0a5,d20943641bdb5f8d317c8585b821362fe25f53a3ed2531cf6ba1920fb91b8460,glm-4.7-flash:q8_0,a035bf4bc812e1408631c2d2b14581b99dfe39f71d895aceb269b4a886080196,0.33.2,off,16384,6.92
3hop1__73796_87694_64412|wrong_source|12,3hop1__73796_87694_64412,wrong_source,evidence,write_note,12,0,20,0.6,diff,lossless,second,0,0,0,12,12,1,1,evidence,evidence,,1,1,0,4156,143,12951,580493953bfd9de6d0b2d1d8a4f1e43ab9de066daab1e45d308f79bb0263f1ee,3df7782504da91d1b46d879bc6a4e36b19f6c2387abe27979e4e6596ced02ea9,glm-4.7-flash:q8_0,a035bf4bc812e1408631c2d2b14581b99dfe39f71d895aceb269b4a886080196,0.33.2,off,16384,8.04
3hop1__73796_87694_64412|wrong_source|12,3hop1__73796_87694_64412,wrong_source,evidence,write_note,12,0,20,0.6,prov,lossless,second,0,0,0,12,12,1,1,evidence,evidence,,0,1,0,4112,233,12530,168bfa490b87987c32e9abf27aba2b17c5b1e85904f1f25d9f267c0979b5b569,76c7d21b62f835d95aea08a8e79754d50b3ac3bf293dc7ff898880958d3787d8,glm-4.7-flash:q8_0,a035bf4bc812e1408631c2d2b14581b99dfe39f71d895aceb269b4a886080196,0.33.2,off,16384,10.48
4hop1__105401_17130_70784_61381|corrupted_output|10,4hop1__105401_17130_70784_61381,corrupted_output,tool,read,10,1,38,0.263,log,lossless,second,0,0,0,12,10,0,1,evidence,tool,,1,1,0,3844,206,12353,ba8b77f02b64574ea7e93ea62fa1fc123ccb9b7577129cf415e005a243f5b0a5,21d083e86af87160d3fb2b1f14301ed9faacd100f545482004f4b0faf7e2449a,glm-4.7-flash:q8_0,a035bf4bc812e1408631c2d2b14581b99dfe39f71d895aceb269b4a886080196,0.33.2,off,16384,13.55
4hop1__105401_17130_70784_61381|corrupted_output|10,4hop1__105401_17130_70784_61381,corrupted_output,tool,read,10,1,38,0.263,diff,lossless,second,0,0,0,12,10,0,1,evidence,tool,,1,1,0,5155,143,16533,580493953bfd9de6d0b2d1d8a4f1e43ab9de066daab1e45d308f79bb0263f1ee,185086666bbfc120d2dc83b3ede134753a9cbefa58e9b47edef56307189c107e,glm-4.7-flash:q8_0,a035bf4bc812e1408631c2d2b14581b99dfe39f71d895aceb269b4a886080196,0.33.2,off,16384,16.31
4hop1__105401_17130_70784_61381|corrupted_output|10,4hop1__105401_17130_70784_61381,corrupted_output,tool,read,10,1,38,0.263,prov,lossless,second,0,0,0,10,10,1,1,tool,tool,,0,1,0,5148,320,16325,168bfa490b87987c32e9abf27aba2b17c5b1e85904f1f25d9f267c0979b5b569,c7ee2d0d9ed76c4a78d0cfc4182ff769eb9e3dc70f32c414b493b242d48a53ab,glm-4.7-flash:q8_0,a035bf4bc812e1408631c2d2b14581b99dfe39f71d895aceb269b4a886080196,0.33.2,off,16384,22.02
4hop1__105401_17130_70784_61381|dropped_note|18,4hop1__105401_17130_70784_61381,dropped_note,state,write_note,18,2,20,0.9,log,lossless,second,0,0,0,12,18,0,0,evidence,state,,1,1,0,3238,187,10282,ba8b77f02b64574ea7e93ea62fa1fc123ccb9b7577129cf415e005a243f5b0a5,aaf3d45d9883f81f0b885c65bc4604ada2e50ba26db9ccab31569fc9a246bb15,glm-4.7-flash:q8_0,a035bf4bc812e1408631c2d2b14581b99dfe39f71d895aceb269b4a886080196,0.33.2,off,16384,9.55
4hop1__105401_17130_70784_61381|dropped_note|18,4hop1__105401_17130_70784_61381,dropped_note,state,write_note,18,2,20,0.9,diff,lossless,second,0,0,0,12,18,0,0,state,state,,1,1,0,4385,194,14523,580493953bfd9de6d0b2d1d8a4f1e43ab9de066daab1e45d308f79bb0263f1ee,9fac062b28ebf878aced08c1f973f2f7ebeae05616ee0ac685f1dd1a177e6c3c,glm-4.7-flash:q8_0,a035bf4bc812e1408631c2d2b14581b99dfe39f71d895aceb269b4a886080196,0.33.2,off,16384,11.74
4hop1__105401_17130_70784_61381|dropped_note|18,4hop1__105401_17130_70784_61381,dropped_note,state,write_note,18,2,20,0.9,prov,lossless,second,0,0,0,,18,0,0,,state,,0,0,0,4044,1024,12739,168bfa490b87987c32e9abf27aba2b17c5b1e85904f1f25d9f267c0979b5b569,ba9b6d5f5db554580a1636d34181a74fc6cd9d81b825637328a3cbb66d84daaf,glm-4.7-flash:q8_0,a035bf4bc812e1408631c2d2b14581b99dfe39f71d895aceb269b4a886080196,0.33.2,off,16384,33.15
4hop1__105401_17130_70784_61381|no_source|18,4hop1__105401_17130_70784_61381,no_source,evidence,write_note,18,2,20,0.9,log,lossless,second,0,0,0,18,18,1,1,evidence,evidence,,1,1,0,3243,150,10313,ba8b77f02b64574ea7e93ea62fa1fc123ccb9b7577129cf415e005a243f5b0a5,e5ea3d5409b821a6a50285f87f36fdcd39fa05ec45c2d4ecabf6a9bbdd662c97,glm-4.7-flash:q8_0,a035bf4bc812e1408631c2d2b14581b99dfe39f71d895aceb269b4a886080196,0.33.2,off,16384,4.55
4hop1__105401_17130_70784_61381|no_source|18,4hop1__105401_17130_70784_61381,no_source,evidence,write_note,18,2,20,0.9,diff,lossless,second,0,0,0,,18,0,0,none,evidence,,0,1,0,4418,130,14649,580493953bfd9de6d0b2d1d8a4f1e43ab9de066daab1e45d308f79bb0263f1ee,6b4edde9e2bd10a39b3bb381e760d583cf579277655422fd405d480eb955d80f,glm-4.7-flash:q8_0,a035bf4bc812e1408631c2d2b14581b99dfe39f71d895aceb269b4a886080196,0.33.2,off,16384,4.55
4hop1__105401_17130_70784_61381|no_source|18,4hop1__105401_17130_70784_61381,no_source,evidence,write_note,18,2,20,0.9,prov,lossless,second,0,0,0,18,18,1,1,evidence,evidence,,0,1,0,4111,184,12963,168bfa490b87987c32e9abf27aba2b17c5b1e85904f1f25d9f267c0979b5b569,3d8003b2ae330407d28c063f64d8137bb435b6f85fe0bb3f530aed1bac874717,glm-4.7-flash:q8_0,a035bf4bc812e1408631c2d2b14581b99dfe39f71d895aceb269b4a886080196,0.33.2,off,16384,6.01
4hop1__105401_17130_70784_61381|overwritten_note|12,4hop1__105401_17130_70784_61381,overwritten_note,state,write_note,12,0,20,0.6,log,lossless,second,0,0,0,12,12,1,1,evidence,state,,1,1,0,3259,228,10337,ba8b77f02b64574ea7e93ea62fa1fc123ccb9b7577129cf415e005a243f5b0a5,dd8df3b49e778b73907d62f7c11f7b9a2c3b8e1200cbfeab3917a9c056acb00e,glm-4.7-flash:q8_0,a035bf4bc812e1408631c2d2b14581b99dfe39f71d895aceb269b4a886080196,0.33.2,off,16384,8.87
4hop1__105401_17130_70784_61381|overwritten_note|12,4hop1__105401_17130_70784_61381,overwritten_note,state,write_note,12,0,20,0.6,diff,lossless,second,0,0,0,12,12,1,1,state,state,,1,1,0,4442,205,14683,580493953bfd9de6d0b2d1d8a4f1e43ab9de066daab1e45d308f79bb0263f1ee,6c5ff92c5a9bf280f29f517304d49abd54ac0ba42efa8de4beec6013e3e863aa,glm-4.7-flash:q8_0,a035bf4bc812e1408631c2d2b14581b99dfe39f71d895aceb269b4a886080196,0.33.2,off,16384,10.48
4hop1__105401_17130_70784_61381|overwritten_note|12,4hop1__105401_17130_70784_61381,overwritten_note,state,write_note,12,0,20,0.6,prov,lossless,second,0,0,0,,12,0,0,none,state,,0,1,0,4154,90,13063,168bfa490b87987c32e9abf27aba2b17c5b1e85904f1f25d9f267c0979b5b569,89db8d87174c872b57aac54f6f5ff7e29be9367a7145f3afe331d9b95be45b90,glm-4.7-flash:q8_0,a035bf4bc812e1408631c2d2b14581b99dfe39f71d895aceb269b4a886080196,0.33.2,off,16384,6.66
4hop1__105401_17130_70784_61381|wrong_argument|8,4hop1__105401_17130_70784_61381,wrong_argument,tool,search,8,0,38,0.211,log,lossless,second,0,0,0,16,8,0,0,evidence,tool,,1,1,0,3895,134,12953,ba8b77f02b64574ea7e93ea62fa1fc123ccb9b7577129cf415e005a243f5b0a5,ccda9e6c59c9b6fcc6b021a50983fe357db7823b79b9a97be17193f7ef96a27a,glm-4.7-flash:q8_0,a035bf4bc812e1408631c2d2b14581b99dfe39f71d895aceb269b4a886080196,0.33.2,off,16384,10.11
4hop1__105401_17130_70784_61381|wrong_argument|8,4hop1__105401_17130_70784_61381,wrong_argument,tool,search,8,0,38,0.211,diff,lossless,second,0,0,0,16,8,0,0,evidence,tool,,1,1,0,5110,160,16509,580493953bfd9de6d0b2d1d8a4f1e43ab9de066daab1e45d308f79bb0263f1ee,2d9a4d7c9f9d5563fd4c9e0aa52990515ded29074c2f5d1a14058683a67ecb39,glm-4.7-flash:q8_0,a035bf4bc812e1408631c2d2b14581b99dfe39f71d895aceb269b4a886080196,0.33.2,off,16384,14.51
4hop1__105401_17130_70784_61381|wrong_argument|8,4hop1__105401_17130_70784_61381,wrong_argument,tool,search,8,0,38,0.211,prov,lossless,second,0,0,0,6,8,0,1,tool,tool,,1,1,0,5115,290,16638,168bfa490b87987c32e9abf27aba2b17c5b1e85904f1f25d9f267c0979b5b569,886c1cb0ad9a7aa91236972741fed8b622999bd544d71d075e2f54e7df2e8002,glm-4.7-flash:q8_0,a035bf4bc812e1408631c2d2b14581b99dfe39f71d895aceb269b4a886080196,0.33.2,off,16384,18.12
4hop1__105401_17130_70784_61381|wrong_source|18,4hop1__105401_17130_70784_61381,wrong_source,evidence,write_note,18,2,20,0.9,log,lossless,second,0,0,0,18,18,1,1,evidence,evidence,,0,1,0,3261,213,10332,ba8b77f02b64574ea7e93ea62fa1fc123ccb9b7577129cf415e005a243f5b0a5,0dd1a5d85aba9273a888ad453c6dfd9f015f8086ab2d445cd6a13205db7c0732,glm-4.7-flash:q8_0,a035bf4bc812e1408631c2d2b14581b99dfe39f71d895aceb269b4a886080196,0.33.2,off,16384,10.17
4hop1__105401_17130_70784_61381|wrong_source|18,4hop1__105401_17130_70784_61381,wrong_source,evidence,write_note,18,2,20,0.9,diff,lossless,second,0,0,0,18,18,1,1,evidence,evidence,,1,1,0,4445,187,14678,580493953bfd9de6d0b2d1d8a4f1e43ab9de066daab1e45d308f79bb0263f1ee,82a50d3f50f6b6550b8c3e33b31b388faf9ef93dec10794d00c13b1d8a727f00,glm-4.7-flash:q8_0,a035bf4bc812e1408631c2d2b14581b99dfe39f71d895aceb269b4a886080196,0.33.2,off,16384,12.72
4hop1__105401_17130_70784_61381|wrong_source|18,4hop1__105401_17130_70784_61381,wrong_source,evidence,write_note,18,2,20,0.9,prov,lossless,second,0,0,0,18,18,1,1,evidence,evidence,,1,1,0,4156,143,13055,168bfa490b87987c32e9abf27aba2b17c5b1e85904f1f25d9f267c0979b5b569,635e84fc9fb57caddfa9e95d564844fd88cc212277b576b6ee7a45cbe0eab88e,glm-4.7-flash:q8_0,a035bf4bc812e1408631c2d2b14581b99dfe39f71d895aceb269b4a886080196,0.33.2,off,16384,10.39
3hop1__726561_132457_47686|corrupted_output|14,3hop1__726561_132457_47686,corrupted_output,tool,search,14,2,24,0.583,log,lossless,second,0,0,0,22,14,0,0,evidence,tool,,0,1,0,3408,191,10304,ba8b77f02b64574ea7e93ea62fa1fc123ccb9b7577129cf415e005a243f5b0a5,53a9db27cea7a36d8dbde94888d300d03b5fe9572d0bf9c7d13f88eb971e4249,glm-4.7-flash:q8_0,a035bf4bc812e1408631c2d2b14581b99dfe39f71d895aceb269b4a886080196,0.33.2,off,16384,11.6
3hop1__726561_132457_47686|corrupted_output|14,3hop1__726561_132457_47686,corrupted_output,tool,search,14,2,24,0.583,diff,lossless,second,0,0,0,22,14,0,0,evidence,tool,,1,1,0,4372,190,13387,580493953bfd9de6d0b2d1d8a4f1e43ab9de066daab1e45d308f79bb0263f1ee,cb289afb936afbd4756fed0216b661b1766edc0a559f02be6a30db7f9ad68320,glm-4.7-flash:q8_0,a035bf4bc812e1408631c2d2b14581b99dfe39f71d895aceb269b4a886080196,0.33.2,off,16384,14.65
3hop1__726561_132457_47686|corrupted_output|14,3hop1__726561_132457_47686,corrupted_output,tool,search,14,2,24,0.583,prov,lossless,second,0,0,0,6,14,0,0,evidence,tool,,1,1,0,4447,248,13497,168bfa490b87987c32e9abf27aba2b17c5b1e85904f1f25d9f267c0979b5b569,0b8f0f0c0c7aefb4517cd7da7172a987c709055cfe8d08e652a6b39524bed3b7,glm-4.7-flash:q8_0,a035bf4bc812e1408631c2d2b14581b99dfe39f71d895aceb269b4a886080196,0.33.2,off,16384,16.56
3hop1__726561_132457_47686|dropped_note|6,3hop1__726561_132457_47686,dropped_note,state,write_note,6,0,20,0.3,log,lossless,second,0,0,0,12,6,0,0,evidence,state,,0,1,0,2845,231,8386,ba8b77f02b64574ea7e93ea62fa1fc123ccb9b7577129cf415e005a243f5b0a5,7e3457de78002a46e7b015942b78bceef7b2743a9736e6358a17d056c6f2a98f,glm-4.7-flash:q8_0,a035bf4bc812e1408631c2d2b14581b99dfe39f71d895aceb269b4a886080196,0.33.2,off,16384,9.67
3hop1__726561_132457_47686|dropped_note|6,3hop1__726561_132457_47686,dropped_note,state,write_note,6,0,20,0.3,diff,lossless,second,0,0,0,6,6,1,1,evidence,state,,1,1,0,3677,230,11123,580493953bfd9de6d0b2d1d8a4f1e43ab9de066daab1e45d308f79bb0263f1ee,14a30e6b19f572949c1a8706e916f90842fa5b9c6fa49eff28f988d4d608864d,glm-4.7-flash:q8_0,a035bf4bc812e1408631c2d2b14581b99dfe39f71d895aceb269b4a886080196,0.33.2,off,16384,11.99
3hop1__726561_132457_47686|dropped_note|6,3hop1__726561_132457_47686,dropped_note,state,write_note,6,0,20,0.3,prov,lossless,second,0,0,0,,6,0,0,none,state,,0,1,0,3681,89,10964,168bfa490b87987c32e9abf27aba2b17c5b1e85904f1f25d9f267c0979b5b569,a2d385381228858f5545e023c9bcada0ff14989b28975da5ecefec97cb4513a5,glm-4.7-flash:q8_0,a035bf4bc812e1408631c2d2b14581b99dfe39f71d895aceb269b4a886080196,0.33.2,off,16384,8.09
3hop1__726561_132457_47686|no_source|6,3hop1__726561_132457_47686,no_source,evidence,write_note,6,0,20,0.3,log,lossless,second,0,0,0,6,6,1,1,evidence,evidence,,1,1,0,2853,221,8443,ba8b77f02b64574ea7e93ea62fa1fc123ccb9b7577129cf415e005a243f5b0a5,0694b8058bf9547167cfc9780c421dc605e7f5343a375e432bcf29b684341dd8,glm-4.7-flash:q8_0,a035bf4bc812e1408631c2d2b14581b99dfe39f71d895aceb269b4a886080196,0.33.2,off,16384,9.47
3hop1__726561_132457_47686|no_source|6,3hop1__726561_132457_47686,no_source,evidence,write_note,6,0,20,0.3,diff,lossless,second,0,0,0,12,6,0,0,evidence,evidence,,1,1,0,3711,144,11271,580493953bfd9de6d0b2d1d8a4f1e43ab9de066daab1e45d308f79bb0263f1ee,e4b0b46142667e36cef03657c6f7516353b03e8aecb64701cce4e6584c233206,glm-4.7-flash:q8_0,a035bf4bc812e1408631c2d2b14581b99dfe39f71d895aceb269b4a886080196,0.33.2,off,16384,9.84
3hop1__726561_132457_47686|no_source|6,3hop1__726561_132457_47686,no_source,evidence,write_note,6,0,20,0.3,prov,lossless,second,0,0,0,6,6,1,1,evidence,evidence,,0,1,0,3738,267,11169,168bfa490b87987c32e9abf27aba2b17c5b1e85904f1f25d9f267c0979b5b569,7186184598d0f60fff558c9a29668717cd80da9d1369b919377680d74a7c3903,glm-4.7-flash:q8_0,a035bf4bc812e1408631c2d2b14581b99dfe39f71d895aceb269b4a886080196,0.33.2,off,16384,13.1
3hop1__726561_132457_47686|overwritten_note|18,3hop1__726561_132457_47686,overwritten_note,state,write_note,18,2,20,0.9,log,lossless,second,0,0,0,18,18,1,1,state,state,,1,1,0,2851,114,8427,ba8b77f02b64574ea7e93ea62fa1fc123ccb9b7577129cf415e005a243f5b0a5,1b7421e0237a90d5491444c5894e7c37503e3f47095bb753eaa90b3bd4d44e6e,glm-4.7-flash:q8_0,a035bf4bc812e1408631c2d2b14581b99dfe39f71d895aceb269b4a886080196,0.33.2,off,16384,6.67
3hop1__726561_132457_47686|overwritten_note|18,3hop1__726561_132457_47686,overwritten_note,state,write_note,18,2,20,0.9,diff,lossless,second,0,0,0,18,18,1,1,state,state,,1,1,0,3719,175,11265,580493953bfd9de6d0b2d1d8a4f1e43ab9de066daab1e45d308f79bb0263f1ee,5b8574b115de90effc85f05eb6344327884ed9c696dc828eaaeda48e99956168,glm-4.7-flash:q8_0,a035bf4bc812e1408631c2d2b14581b99dfe39f71d895aceb269b4a886080196,0.33.2,off,16384,10.64
3hop1__726561_132457_47686|overwritten_note|18,3hop1__726561_132457_47686,overwritten_note,state,write_note,18,2,20,0.9,prov,lossless,second,0,0,0,18,18,1,1,state,state,,1,1,0,3747,322,11156,168bfa490b87987c32e9abf27aba2b17c5b1e85904f1f25d9f267c0979b5b569,1b63acffabcc84028f15ce8666df0d3432ec15d72d4c17ab5b34b60659271fad,glm-4.7-flash:q8_0,a035bf4bc812e1408631c2d2b14581b99dfe39f71d895aceb269b4a886080196,0.33.2,off,16384,14.7
3hop1__726561_132457_47686|sham|12,3hop1__726561_132457_47686,sham,none,write_note,12,1,20,0.6,log,lossless,second,0,1,0,18,,,,evidence,none,1,0,1,0,2861,187,8436,ba8b77f02b64574ea7e93ea62fa1fc123ccb9b7577129cf415e005a243f5b0a5,ae5273bcf2f2605411edd4b16e6483b1ba6219fe7d098dbe0abae5765566154a,glm-4.7-flash:q8_0,a035bf4bc812e1408631c2d2b14581b99dfe39f71d895aceb269b4a886080196,0.33.2,off,16384,5.43
3hop1__726561_132457_47686|sham|12,3hop1__726561_132457_47686,sham,none,write_note,12,1,20,0.6,diff,lossless,second,0,1,0,6,,,,evidence,none,1,1,1,0,3728,175,11274,580493953bfd9de6d0b2d1d8a4f1e43ab9de066daab1e45d308f79bb0263f1ee,ae28f19c83a6be802f48a8e725d79320607035a4968a53b4980a463f731139f1,glm-4.7-flash:q8_0,a035bf4bc812e1408631c2d2b14581b99dfe39f71d895aceb269b4a886080196,0.33.2,off,16384,5.68
3hop1__726561_132457_47686|sham|12,3hop1__726561_132457_47686,sham,none,write_note,12,1,20,0.6,prov,lossless,second,0,1,0,6,,,,evidence,none,1,0,1,0,3777,241,11242,168bfa490b87987c32e9abf27aba2b17c5b1e85904f1f25d9f267c0979b5b569,10cb1dcc0f7d4ca52a8c7ac8e741e6c9c805e8826efa48c713013ca1b4d29d10,glm-4.7-flash:q8_0,a035bf4bc812e1408631c2d2b14581b99dfe39f71d895aceb269b4a886080196,0.33.2,off,16384,7.65
3hop1__726561_132457_47686|wrong_argument|10,3hop1__726561_132457_47686,wrong_argument,tool,read,10,1,20,0.5,log,lossless,second,0,0,0,12,10,0,1,evidence,tool,,1,1,0,2884,274,8579,ba8b77f02b64574ea7e93ea62fa1fc123ccb9b7577129cf415e005a243f5b0a5,82dd53e66e55728c47945fe4671c8b92337372958aced997066dc80408e111f8,glm-4.7-flash:q8_0,a035bf4bc812e1408631c2d2b14581b99dfe39f71d895aceb269b4a886080196,0.33.2,off,16384,9.98
3hop1__726561_132457_47686|wrong_argument|10,3hop1__726561_132457_47686,wrong_argument,tool,read,10,1,20,0.5,diff,lossless,second,0,0,0,12,10,0,1,evidence,tool,,1,1,0,3736,162,11373,580493953bfd9de6d0b2d1d8a4f1e43ab9de066daab1e45d308f79bb0263f1ee,5b2e5888610006f1f2851494ca34399056a55ade74b5f1c19583ee7572096aba,glm-4.7-flash:q8_0,a035bf4bc812e1408631c2d2b14581b99dfe39f71d895aceb269b4a886080196,0.33.2,off,16384,8.97
3hop1__726561_132457_47686|wrong_argument|10,3hop1__726561_132457_47686,wrong_argument,tool,read,10,1,20,0.5,prov,lossless,second,0,0,0,,10,0,0,none,tool,,0,1,0,3812,182,11423,168bfa490b87987c32e9abf27aba2b17c5b1e85904f1f25d9f267c0979b5b569,1839a44250369d1007fbf06e2875617e4fa5c3c5b08dbeb170ce3fbd14cdfb09,glm-4.7-flash:q8_0,a035bf4bc812e1408631c2d2b14581b99dfe39f71d895aceb269b4a886080196,0.33.2,off,16384,9.42
3hop1__726561_132457_47686|wrong_source|18,3hop1__726561_132457_47686,wrong_source,evidence,write_note,18,2,20,0.9,log,lossless,second,0,0,0,18,18,1,1,evidence,evidence,,0,1,0,2863,202,8443,ba8b77f02b64574ea7e93ea62fa1fc123ccb9b7577129cf415e005a243f5b0a5,d144798182b34d550c9757b4ea08c98ee835391767674676587190281ea5ab96,glm-4.7-flash:q8_0,a035bf4bc812e1408631c2d2b14581b99dfe39f71d895aceb269b4a886080196,0.33.2,off,16384,8.08
3hop1__726561_132457_47686|wrong_source|18,3hop1__726561_132457_47686,wrong_source,evidence,write_note,18,2,20,0.9,diff,lossless,second,0,0,0,18,18,1,1,evidence,evidence,,0,1,0,3730,149,11281,580493953bfd9de6d0b2d1d8a4f1e43ab9de066daab1e45d308f79bb0263f1ee,12455953fb8a1f4f26c9b53e676456f2e2daccf0e4c5d06ada1f90f2cc4724a4,glm-4.7-flash:q8_0,a035bf4bc812e1408631c2d2b14581b99dfe39f71d895aceb269b4a886080196,0.33.2,off,16384,8.63
3hop1__726561_132457_47686|wrong_source|18,3hop1__726561_132457_47686,wrong_source,evidence,write_note,18,2,20,0.9,prov,lossless,second,0,0,0,18,18,1,1,tool,evidence,,0,1,0,3780,172,11249,168bfa490b87987c32e9abf27aba2b17c5b1e85904f1f25d9f267c0979b5b569,120e6f1cde107aba892fffcce775c6416cb897f9b0fef1f4a69024883d3483cf,glm-4.7-flash:q8_0,a035bf4bc812e1408631c2d2b14581b99dfe39f71d895aceb269b4a886080196,0.33.2,off,16384,9.09
3hop1__389069_132457_47686|corrupted_output|4,3hop1__389069_132457_47686,corrupted_output,tool,read,4,0,20,0.2,log,lossless,second,0,0,0,,4,0,0,none,tool,,0,1,0,3279,218,10271,ba8b77f02b64574ea7e93ea62fa1fc123ccb9b7577129cf415e005a243f5b0a5,703dc31ec5ccdf93143db1d205ad61cf2df7bbf970b61b55ca42d6f9a2bcab78,glm-4.7-flash:q8_0,a035bf4bc812e1408631c2d2b14581b99dfe39f71d895aceb269b4a886080196,0.33.2,off,16384,11.91
3hop1__389069_132457_47686|corrupted_output|4,3hop1__389069_132457_47686,corrupted_output,tool,read,4,0,20,0.2,diff,lossless,second,0,0,0,6,4,0,1,evidence,tool,,1,1,0,4339,242,13959,580493953bfd9de6d0b2d1d8a4f1e43ab9de066daab1e45d308f79bb0263f1ee,6f70b2772dec45bc2ab577fc0a19a448a37973fda5646b1bb5e280902a586dfb,glm-4.7-flash:q8_0,a035bf4bc812e1408631c2d2b14581b99dfe39f71d895aceb269b4a886080196,0.33.2,off,16384,15.95
3hop1__389069_132457_47686|corrupted_output|4,3hop1__389069_132457_47686,corrupted_output,tool,read,4,0,20,0.2,prov,lossless,second,0,0,0,6,4,0,1,evidence,tool,,1,1,0,4241,254,13254,168bfa490b87987c32e9abf27aba2b17c5b1e85904f1f25d9f267c0979b5b569,a1c1306e5b3726d8054178215e9e02be855edf7d1d98fa569ecfb93e08517f76,glm-4.7-flash:q8_0,a035bf4bc812e1408631c2d2b14581b99dfe39f71d895aceb269b4a886080196,0.33.2,off,16384,16.44
3hop1__389069_132457_47686|dropped_note|12,3hop1__389069_132457_47686,dropped_note,state,write_note,12,1,20,0.6,log,lossless,second,0,0,0,12,12,1,1,evidence,state,,0,1,0,3034,187,9126,ba8b77f02b64574ea7e93ea62fa1fc123ccb9b7577129cf415e005a243f5b0a5,06e0354f65a8cd1cc50f1367554339d652f77e430c295997639e24c09419fc0e,glm-4.7-flash:q8_0,a035bf4bc812e1408631c2d2b14581b99dfe39f71d895aceb269b4a886080196,0.33.2,off,16384,9.18
3hop1__389069_132457_47686|dropped_note|12,3hop1__389069_132457_47686,dropped_note,state,write_note,12,1,20,0.6,diff,lossless,second,0,0,0,18,12,0,0,evidence,state,,1,1,0,3938,181,12127,580493953bfd9de6d0b2d1d8a4f1e43ab9de066daab1e45d308f79bb0263f1ee,4e30e5763f246ba32159d21f4b83b8fe86484bf0bbfc41d9b5e3c4d144c1c9af,glm-4.7-flash:q8_0,a035bf4bc812e1408631c2d2b14581b99dfe39f71d895aceb269b4a886080196,0.33.2,off,16384,11.75
3hop1__389069_132457_47686|dropped_note|12,3hop1__389069_132457_47686,dropped_note,state,write_note,12,1,20,0.6,prov,lossless,second,0,0,0,18,12,0,0,evidence,state,,0,1,0,3872,178,11710,168bfa490b87987c32e9abf27aba2b17c5b1e85904f1f25d9f267c0979b5b569,897ac55b3b3b4886727e53bc02cc4cec2aa6937a12302f9efbfcc9260b327013,glm-4.7-flash:q8_0,a035bf4bc812e1408631c2d2b14581b99dfe39f71d895aceb269b4a886080196,0.33.2,off,16384,12.27
3hop1__389069_132457_47686|no_source|12,3hop1__389069_132457_47686,no_source,evidence,write_note,12,1,20,0.6,log,lossless,second,0,0,0,12,12,1,1,evidence,evidence,,1,1,0,3010,118,9073,ba8b77f02b64574ea7e93ea62fa1fc123ccb9b7577129cf415e005a243f5b0a5,c9c0695b0e4d1c648608bd8f6e12ff7b427fcec56d9bf99bca825e2fa7ccc82f,glm-4.7-flash:q8_0,a035bf4bc812e1408631c2d2b14581b99dfe39f71d895aceb269b4a886080196,0.33.2,off,16384,5.37
3hop1__389069_132457_47686|no_source|12,3hop1__389069_132457_47686,no_source,evidence,write_note,12,1,20,0.6,diff,lossless,second,0,0,0,12,12,1,1,evidence,evidence,,1,1,0,3926,111,12122,580493953bfd9de6d0b2d1d8a4f1e43ab9de066daab1e45d308f79bb0263f1ee,2bfc91642284a3836935237af8a7f10fa1c15dee24fa904fa555e357ebbf8dca,glm-4.7-flash:q8_0,a035bf4bc812e1408631c2d2b14581b99dfe39f71d895aceb269b4a886080196,0.33.2,off,16384,6.98
3hop1__389069_132457_47686|no_source|12,3hop1__389069_132457_47686,no_source,evidence,write_note,12,1,20,0.6,prov,lossless,second,0,0,0,12,12,1,1,evidence,evidence,,1,1,0,3865,194,11703,168bfa490b87987c32e9abf27aba2b17c5b1e85904f1f25d9f267c0979b5b569,95996dc89252952be8911b3e2eac12ee1e34c4dac98d99c6b0350f3b205bcc1c,glm-4.7-flash:q8_0,a035bf4bc812e1408631c2d2b14581b99dfe39f71d895aceb269b4a886080196,0.33.2,off,16384,9.11
3hop1__389069_132457_47686|overwritten_note|18,3hop1__389069_132457_47686,overwritten_note,state,write_note,18,2,20,0.9,log,lossless,second,0,0,0,18,18,1,1,state,state,,1,1,0,3032,95,9138,ba8b77f02b64574ea7e93ea62fa1fc123ccb9b7577129cf415e005a243f5b0a5,eb52de5c04385864a78d903c816ba6791b911773ae9539431fb7fc2c2a612609,glm-4.7-flash:q8_0,a035bf4bc812e1408631c2d2b14581b99dfe39f71d895aceb269b4a886080196,0.33.2,off,16384,4.88
3hop1__389069_132457_47686|overwritten_note|18,3hop1__389069_132457_47686,overwritten_note,state,write_note,18,2,20,0.9,diff,lossless,second,0,0,0,18,18,1,1,state,state,,1,1,0,3971,140,12233,580493953bfd9de6d0b2d1d8a4f1e43ab9de066daab1e45d308f79bb0263f1ee,65437a1989d06e0c8ef8a6f5501af25ecbfb66f6ca982ddefcfeec4672fcd08d,glm-4.7-flash:q8_0,a035bf4bc812e1408631c2d2b14581b99dfe39f71d895aceb269b4a886080196,0.33.2,off,16384,7.95
3hop1__389069_132457_47686|overwritten_note|18,3hop1__389069_132457_47686,overwritten_note,state,write_note,18,2,20,0.9,prov,lossless,second,0,0,0,,18,0,0,,state,,0,0,0,3904,1024,11783,168bfa490b87987c32e9abf27aba2b17c5b1e85904f1f25d9f267c0979b5b569,be3530abb3144b65bfdfd4b5c68ae5676371a5ad5da68e3de53fc69743a9de6a,glm-4.7-flash:q8_0,a035bf4bc812e1408631c2d2b14581b99dfe39f71d895aceb269b4a886080196,0.33.2,off,16384,32.03
3hop1__389069_132457_47686|sham|12,3hop1__389069_132457_47686,sham,none,write_note,12,1,20,0.6,log,lossless,second,0,1,0,,,,,none,none,0,0,1,0,3045,253,9159,ba8b77f02b64574ea7e93ea62fa1fc123ccb9b7577129cf415e005a243f5b0a5,78690cdab0d94180fa62cc8446b463f74ccd18aa1e91b83941a14473b98da354,glm-4.7-flash:q8_0,a035bf4bc812e1408631c2d2b14581b99dfe39f71d895aceb269b4a886080196,0.33.2,off,16384,7.19
3hop1__389069_132457_47686|sham|12,3hop1__389069_132457_47686,sham,none,write_note,12,1,20,0.6,diff,lossless,second,0,1,0,18,,,,evidence,none,1,1,1,0,3983,147,12254,580493953bfd9de6d0b2d1d8a4f1e43ab9de066daab1e45d308f79bb0263f1ee,e033bd2a2de10563b63965d48da6cdb48b77d9aabb0179c0021741fdb19eceaa,glm-4.7-flash:q8_0,a035bf4bc812e1408631c2d2b14581b99dfe39f71d895aceb269b4a886080196,0.33.2,off,16384,4.97
3hop1__389069_132457_47686|sham|12,3hop1__389069_132457_47686,sham,none,write_note,12,1,20,0.6,prov,lossless,second,0,1,0,20,,,,evidence,none,1,0,1,0,3947,355,11917,168bfa490b87987c32e9abf27aba2b17c5b1e85904f1f25d9f267c0979b5b569,090fcdb489f39ff958885c87cd33fe1b69d12d25e4cf18ff9465c29b5454ae2a,glm-4.7-flash:q8_0,a035bf4bc812e1408631c2d2b14581b99dfe39f71d895aceb269b4a886080196,0.33.2,off,16384,10.84
3hop1__389069_132457_47686|wrong_argument|14,3hop1__389069_132457_47686,wrong_argument,tool,search,14,2,24,0.583,log,lossless,second,0,0,0,12,14,0,1,evidence,tool,,0,1,0,3580,222,11146,ba8b77f02b64574ea7e93ea62fa1fc123ccb9b7577129cf415e005a243f5b0a5,cdccb37a3f36ac6a30d90dc6fae8d632403d3e5b3a564ac491e609b678535617,glm-4.7-flash:q8_0,a035bf4bc812e1408631c2d2b14581b99dfe39f71d895aceb269b4a886080196,0.33.2,off,16384,9.83
3hop1__389069_132457_47686|wrong_argument|14,3hop1__389069_132457_47686,wrong_argument,tool,search,14,2,24,0.583,diff,lossless,second,0,0,0,22,14,0,0,evidence,tool,,1,1,0,4609,161,14485,580493953bfd9de6d0b2d1d8a4f1e43ab9de066daab1e45d308f79bb0263f1ee,e11b2c1ecc9e0352c99fbe487e3b7169558758278104f928c4c90a125b6aa5f8,glm-4.7-flash:q8_0,a035bf4bc812e1408631c2d2b14581b99dfe39f71d895aceb269b4a886080196,0.33.2,off,16384,10.16
3hop1__389069_132457_47686|wrong_argument|14,3hop1__389069_132457_47686,wrong_argument,tool,search,14,2,24,0.583,prov,lossless,second,0,0,0,14,14,1,1,tool,tool,,0,1,0,4590,174,14260,168bfa490b87987c32e9abf27aba2b17c5b1e85904f1f25d9f267c0979b5b569,0f7bdb20d9e8bb303fb989393dc055f4f239d45900e54f01a0524ea0acf72dc1,glm-4.7-flash:q8_0,a035bf4bc812e1408631c2d2b14581b99dfe39f71d895aceb269b4a886080196,0.33.2,off,16384,10.37
3hop1__389069_132457_47686|wrong_source|12,3hop1__389069_132457_47686,wrong_source,evidence,write_note,12,0,20,0.6,log,lossless,second,0,0,0,12,12,1,1,evidence,evidence,,1,1,0,3038,174,9124,ba8b77f02b64574ea7e93ea62fa1fc123ccb9b7577129cf415e005a243f5b0a5,dc11340526cfead929511c019eaa62afd2e5bbfb3640b9a904758a6081c50456,glm-4.7-flash:q8_0,a035bf4bc812e1408631c2d2b14581b99dfe39f71d895aceb269b4a886080196,0.33.2,off,16384,6.92
3hop1__389069_132457_47686|wrong_source|12,3hop1__389069_132457_47686,wrong_source,evidence,write_note,12,0,20,0.6,diff,lossless,second,0,0,0,12,12,1,1,evidence,evidence,,1,1,0,3976,189,12219,580493953bfd9de6d0b2d1d8a4f1e43ab9de066daab1e45d308f79bb0263f1ee,f5d12510fc2607dc6987c5e848ba3a22e92a3c76c84618b36629be2e19b4e71e,glm-4.7-flash:q8_0,a035bf4bc812e1408631c2d2b14581b99dfe39f71d895aceb269b4a886080196,0.33.2,off,16384,9.25
3hop1__389069_132457_47686|wrong_source|12,3hop1__389069_132457_47686,wrong_source,evidence,write_note,12,0,20,0.6,prov,lossless,second,0,0,0,12,12,1,1,evidence,evidence,,1,1,0,3932,214,11854,168bfa490b87987c32e9abf27aba2b17c5b1e85904f1f25d9f267c0979b5b569,a0e38f54464b6f8b5e643bc83b60b8dda32fbe8fe27bf4fdf9fcf48f06bd15c7,glm-4.7-flash:q8_0,a035bf4bc812e1408631c2d2b14581b99dfe39f71d895aceb269b4a886080196,0.33.2,off,16384,9.85
4hop1__46196_497223_15840_36014|corrupted_output|14,4hop1__46196_497223_15840_36014,corrupted_output,tool,search,14,1,26,0.538,log,lossless,second,0,0,0,18,14,0,0,evidence,tool,,1,1,0,3837,156,12990,ba8b77f02b64574ea7e93ea62fa1fc123ccb9b7577129cf415e005a243f5b0a5,f13b5d1ce95e7e6248bf7412384a75abb72e697ad4f334a14ee8103218e3eb83,glm-4.7-flash:q8_0,a035bf4bc812e1408631c2d2b14581b99dfe39f71d895aceb269b4a886080196,0.33.2,off,16384,12.19
4hop1__46196_497223_15840_36014|corrupted_output|14,4hop1__46196_497223_15840_36014,corrupted_output,tool,search,14,1,26,0.538,diff,lossless,second,0,0,0,26,14,0,0,evidence,tool,,0,1,0,5122,205,17710,580493953bfd9de6d0b2d1d8a4f1e43ab9de066daab1e45d308f79bb0263f1ee,b46f4d58eea7a8c1dc78f076ea61665e17c4568a3b21fa4d82ae88b791826460,glm-4.7-flash:q8_0,a035bf4bc812e1408631c2d2b14581b99dfe39f71d895aceb269b4a886080196,0.33.2,off,16384,18.76
4hop1__46196_497223_15840_36014|corrupted_output|14,4hop1__46196_497223_15840_36014,corrupted_output,tool,search,14,1,26,0.538,prov,lossless,second,0,0,0,,14,0,0,none,tool,,0,1,0,4962,153,16394,168bfa490b87987c32e9abf27aba2b17c5b1e85904f1f25d9f267c0979b5b569,bbe8b8099956eb0cdffca4627cfd13a9425e4d80ebff29061b7d9c1cb51182dd,glm-4.7-flash:q8_0,a035bf4bc812e1408631c2d2b14581b99dfe39f71d895aceb269b4a886080196,0.33.2,off,16384,15.91
4hop1__46196_497223_15840_36014|dropped_note|24,4hop1__46196_497223_15840_36014,dropped_note,state,write_note,24,2,26,0.923,log,lossless,second,0,0,0,24,24,1,1,evidence,state,,1,1,0,3904,157,13427,ba8b77f02b64574ea7e93ea62fa1fc123ccb9b7577129cf415e005a243f5b0a5,8a0dc54701639feaaba3eb07796e60fcfb4c9896aa5ee133aa4357c9b0bdc7e8,glm-4.7-flash:q8_0,a035bf4bc812e1408631c2d2b14581b99dfe39f71d895aceb269b4a886080196,0.33.2,off,16384,9.66
4hop1__46196_497223_15840_36014|dropped_note|24,4hop1__46196_497223_15840_36014,dropped_note,state,write_note,24,2,26,0.923,diff,lossless,second,0,0,0,24,24,1,1,evidence,state,,1,1,0,5255,202,18462,580493953bfd9de6d0b2d1d8a4f1e43ab9de066daab1e45d308f79bb0263f1ee,3a0bbf9311b246ae9f84b55bfa44c62b7c7e9064136cc418ec1792c97ca65c2a,glm-4.7-flash:q8_0,a035bf4bc812e1408631c2d2b14581b99dfe39f71d895aceb269b4a886080196,0.33.2,off,16384,13.45
4hop1__46196_497223_15840_36014|dropped_note|24,4hop1__46196_497223_15840_36014,dropped_note,state,write_note,24,2,26,0.923,prov,lossless,second,0,0,0,24,24,1,1,evidence,state,,0,1,0,4938,304,16587,168bfa490b87987c32e9abf27aba2b17c5b1e85904f1f25d9f267c0979b5b569,6d7ef0c905991e0c45e63ab4b637b9176012cce470820fa7c908a66616474d31,glm-4.7-flash:q8_0,a035bf4bc812e1408631c2d2b14581b99dfe39f71d895aceb269b4a886080196,0.33.2,off,16384,15.31
4hop1__46196_497223_15840_36014|no_source|24,4hop1__46196_497223_15840_36014,no_source,evidence,write_note,24,2,26,0.923,log,lossless,second,0,0,0,24,24,1,1,evidence,evidence,,1,1,0,3889,114,13403,ba8b77f02b64574ea7e93ea62fa1fc123ccb9b7577129cf415e005a243f5b0a5,8460ecdcd8f440a7813aabd763b8e6d6b3600dfffe7dd082ffcfbc7194e5e49e,glm-4.7-flash:q8_0,a035bf4bc812e1408631c2d2b14581b99dfe39f71d895aceb269b4a886080196,0.33.2,off,16384,3.76
4hop1__46196_497223_15840_36014|no_source|24,4hop1__46196_497223_15840_36014,no_source,evidence,write_note,24,2,26,0.923,diff,lossless,second,0,0,0,24,24,1,1,evidence,evidence,,1,1,0,5271,206,18567,580493953bfd9de6d0b2d1d8a4f1e43ab9de066daab1e45d308f79bb0263f1ee,bf89d24ea902d0c632702051c61909cef61a8213bf1a727a585a51ad6e7b5235,glm-4.7-flash:q8_0,a035bf4bc812e1408631c2d2b14581b99dfe39f71d895aceb269b4a886080196,0.33.2,off,16384,6.92
4hop1__46196_497223_15840_36014|no_source|24,4hop1__46196_497223_15840_36014,no_source,evidence,write_note,24,2,26,0.923,prov,lossless,second,0,0,0,24,24,1,1,evidence,evidence,,1,1,0,4986,179,16759,168bfa490b87987c32e9abf27aba2b17c5b1e85904f1f25d9f267c0979b5b569,6c1e62c72d84acad7d88c12c3c58e753a4278b6293a9d00570cb51c0faafd652,glm-4.7-flash:q8_0,a035bf4bc812e1408631c2d2b14581b99dfe39f71d895aceb269b4a886080196,0.33.2,off,16384,6.26
4hop1__46196_497223_15840_36014|overwritten_note|12,4hop1__46196_497223_15840_36014,overwritten_note,state,write_note,12,0,26,0.462,log,lossless,second,0,0,0,12,12,1,1,evidence,state,,1,1,0,3925,157,13471,ba8b77f02b64574ea7e93ea62fa1fc123ccb9b7577129cf415e005a243f5b0a5,fef8b9900416ea4fb7e2b4d5916e379709c970d1931267378704504fc9592cac,glm-4.7-flash:q8_0,a035bf4bc812e1408631c2d2b14581b99dfe39f71d895aceb269b4a886080196,0.33.2,off,16384,9.13
4hop1__46196_497223_15840_36014|overwritten_note|12,4hop1__46196_497223_15840_36014,overwritten_note,state,write_note,12,0,26,0.462,diff,lossless,second,0,0,0,12,12,1,1,evidence,state,,1,1,0,5315,163,18642,580493953bfd9de6d0b2d1d8a4f1e43ab9de066daab1e45d308f79bb0263f1ee,df6f041de0fe50b7f3e4e127cd12b048e56baa4f941ac41e3e4b89876ebdfb2c,glm-4.7-flash:q8_0,a035bf4bc812e1408631c2d2b14581b99dfe39f71d895aceb269b4a886080196,0.33.2,off,16384,12.86
4hop1__46196_497223_15840_36014|overwritten_note|12,4hop1__46196_497223_15840_36014,overwritten_note,state,write_note,12,0,26,0.462,prov,lossless,second,0,0,0,,12,0,0,,state,,0,0,0,5047,1024,16888,168bfa490b87987c32e9abf27aba2b17c5b1e85904f1f25d9f267c0979b5b569,b491887c249e9d9a90b4187d9ec1647d97e6a885f2179774933dc77728070246,glm-4.7-flash:q8_0,a035bf4bc812e1408631c2d2b14581b99dfe39f71d895aceb269b4a886080196,0.33.2,off,16384,37.18
4hop1__46196_497223_15840_36014|sham|18,4hop1__46196_497223_15840_36014,sham,none,write_note,18,1,26,0.692,log,lossless,second,0,1,0,24,,,,evidence,none,1,1,1,0,3925,157,13467,ba8b77f02b64574ea7e93ea62fa1fc123ccb9b7577129cf415e005a243f5b0a5,fe71190332681617f8c1eb5b569a320a43af0e8982929d788db591528185aa65,glm-4.7-flash:q8_0,a035bf4bc812e1408631c2d2b14581b99dfe39f71d895aceb269b4a886080196,0.33.2,off,16384,9.17
4hop1__46196_497223_15840_36014|sham|18,4hop1__46196_497223_15840_36014,sham,none,write_note,18,1,26,0.692,diff,lossless,second,0,1,0,24,,,,evidence,none,1,1,1,0,5315,196,18638,580493953bfd9de6d0b2d1d8a4f1e43ab9de066daab1e45d308f79bb0263f1ee,ac4cad1c4ebba9c38c3a77ea11c517bcaafbac18266f185b2045243920c6af81,glm-4.7-flash:q8_0,a035bf4bc812e1408631c2d2b14581b99dfe39f71d895aceb269b4a886080196,0.33.2,off,16384,13.86
4hop1__46196_497223_15840_36014|sham|18,4hop1__46196_497223_15840_36014,sham,none,write_note,18,1,26,0.692,prov,lossless,second,0,1,0,,,,,none,none,0,0,1,0,5047,113,16884,168bfa490b87987c32e9abf27aba2b17c5b1e85904f1f25d9f267c0979b5b569,f7eb02856e70bbb034bc6e04407c92b2fc620f4ddf897dbacc313ec4ed541fc1,glm-4.7-flash:q8_0,a035bf4bc812e1408631c2d2b14581b99dfe39f71d895aceb269b4a886080196,0.33.2,off,16384,10.76
4hop1__46196_497223_15840_36014|wrong_argument|4,4hop1__46196_497223_15840_36014,wrong_argument,tool,read,4,0,20,0.2,log,lossless,second,0,0,0,,4,0,0,,tool,,0,0,0,3065,1024,10030,ba8b77f02b64574ea7e93ea62fa1fc123ccb9b7577129cf415e005a243f5b0a5,88f70b475603dbd1a1997b343911ffa9336f094c9231d446047b886531b2e1ed,glm-4.7-flash:q8_0,a035bf4bc812e1408631c2d2b14581b99dfe39f71d895aceb269b4a886080196,0.33.2,off,16384,31.94
4hop1__46196_497223_15840_36014|wrong_argument|4,4hop1__46196_497223_15840_36014,wrong_argument,tool,read,4,0,20,0.2,diff,lossless,second,0,0,0,18,4,0,0,evidence,tool,,1,1,0,4052,206,13648,580493953bfd9de6d0b2d1d8a4f1e43ab9de066daab1e45d308f79bb0263f1ee,294abce271b7baec947295f9bd3c1043feeb68090402494d4fbc8b01b8ddac14,glm-4.7-flash:q8_0,a035bf4bc812e1408631c2d2b14581b99dfe39f71d895aceb269b4a886080196,0.33.2,off,16384,14.14
4hop1__46196_497223_15840_36014|wrong_argument|4,4hop1__46196_497223_15840_36014,wrong_argument,tool,read,4,0,20,0.2,prov,lossless,second,0,0,0,,4,0,0,none,tool,,0,1,0,3990,184,12914,168bfa490b87987c32e9abf27aba2b17c5b1e85904f1f25d9f267c0979b5b569,f0f244dacc34b430ec7e5ce6641a49795b6ca76a8b4d906b4ce8501fdb0d6d6d,glm-4.7-flash:q8_0,a035bf4bc812e1408631c2d2b14581b99dfe39f71d895aceb269b4a886080196,0.33.2,off,16384,13.86
4hop1__46196_497223_15840_36014|wrong_source|18,4hop1__46196_497223_15840_36014,wrong_source,evidence,write_note,18,1,26,0.692,log,lossless,second,0,0,0,18,18,1,1,evidence,evidence,,1,1,0,3920,170,13530,ba8b77f02b64574ea7e93ea62fa1fc123ccb9b7577129cf415e005a243f5b0a5,a5693341dc486a2c8284e53fddf21a3caa1f068f8911392768113a4e87797e36,glm-4.7-flash:q8_0,a035bf4bc812e1408631c2d2b14581b99dfe39f71d895aceb269b4a886080196,0.33.2,off,16384,11.68
4hop1__46196_497223_15840_36014|wrong_source|18,4hop1__46196_497223_15840_36014,wrong_source,evidence,write_note,18,1,26,0.692,diff,lossless,second,0,0,0,18,18,1,1,evidence,evidence,,1,1,0,5308,126,18692,580493953bfd9de6d0b2d1d8a4f1e43ab9de066daab1e45d308f79bb0263f1ee,9d61201866e7e5e821045d2f37d2369cf44da15e881336d849900e88a53837be,glm-4.7-flash:q8_0,a035bf4bc812e1408631c2d2b14581b99dfe39f71d895aceb269b4a886080196,0.33.2,off,16384,8.64
4hop1__46196_497223_15840_36014|wrong_source|18,4hop1__46196_497223_15840_36014,wrong_source,evidence,write_note,18,1,26,0.692,prov,lossless,second,0,0,0,18,18,1,1,evidence,evidence,,0,1,0,5043,182,16937,168bfa490b87987c32e9abf27aba2b17c5b1e85904f1f25d9f267c0979b5b569,de681941d6a9ad3651839f2368070d78c60ee512b05d7c159c12a16b0c1c5310,glm-4.7-flash:q8_0,a035bf4bc812e1408631c2d2b14581b99dfe39f71d895aceb269b4a886080196,0.33.2,off,16384,9.88
3hop1__139773_88110_21193|corrupted_output|10,3hop1__139773_88110_21193,corrupted_output,tool,read,10,2,38,0.263,log,lossless,second,0,0,0,8,10,0,1,tool,tool,,0,1,0,5950,255,20996,ba8b77f02b64574ea7e93ea62fa1fc123ccb9b7577129cf415e005a243f5b0a5,d41dde3f87e9e84d8adf6b9a42ffecb04f259843fb52ac7a849eefbdbf059f9f,glm-4.7-flash:q8_0,a035bf4bc812e1408631c2d2b14581b99dfe39f71d895aceb269b4a886080196,0.33.2,off,16384,22.83
3hop1__139773_88110_21193|corrupted_output|10,3hop1__139773_88110_21193,corrupted_output,tool,read,10,2,38,0.263,diff,lossless,second,0,0,0,2,10,0,0,tool,tool,,0,1,0,7298,217,25361,580493953bfd9de6d0b2d1d8a4f1e43ab9de066daab1e45d308f79bb0263f1ee,e9c665196847063a358e1f5809267056167ce8555e60b6b8c7bf1aa053967209,glm-4.7-flash:q8_0,a035bf4bc812e1408631c2d2b14581b99dfe39f71d895aceb269b4a886080196,0.33.2,off,16384,27.88
3hop1__139773_88110_21193|corrupted_output|10,3hop1__139773_88110_21193,corrupted_output,tool,read,10,2,38,0.263,prov,lossless,second,0,0,0,12,10,0,1,evidence,tool,,1,1,0,7260,248,25159,168bfa490b87987c32e9abf27aba2b17c5b1e85904f1f25d9f267c0979b5b569,aba5474590dd41fb67742cffa9c0e1cf57aa5aae4905949614371ccc665f9020,glm-4.7-flash:q8_0,a035bf4bc812e1408631c2d2b14581b99dfe39f71d895aceb269b4a886080196,0.33.2,off,16384,28.76
3hop1__139773_88110_21193|dropped_note|6,3hop1__139773_88110_21193,dropped_note,state,write_note,6,0,14,0.429,log,lossless,second,0,0,0,,6,0,0,none,state,,0,1,0,2451,120,7357,ba8b77f02b64574ea7e93ea62fa1fc123ccb9b7577129cf415e005a243f5b0a5,32f5289d26187204d0c91a1d385f7eb1341c62876f75fef1bc243daf831b55ec,glm-4.7-flash:q8_0,a035bf4bc812e1408631c2d2b14581b99dfe39f71d895aceb269b4a886080196,0.33.2,off,16384,7.03
3hop1__139773_88110_21193|dropped_note|6,3hop1__139773_88110_21193,dropped_note,state,write_note,6,0,14,0.429,diff,lossless,second,0,0,0,,6,0,0,,state,,0,0,0,3218,1024,10156,580493953bfd9de6d0b2d1d8a4f1e43ab9de066daab1e45d308f79bb0263f1ee,c632f71a57429429776ae1098bd795ea45a0e89bd0dee0d3785749d50db99d7e,glm-4.7-flash:q8_0,a035bf4bc812e1408631c2d2b14581b99dfe39f71d895aceb269b4a886080196,0.33.2,off,16384,33.63
3hop1__139773_88110_21193|dropped_note|6,3hop1__139773_88110_21193,dropped_note,state,write_note,6,0,14,0.429,prov,lossless,second,0,0,0,,6,0,0,none,state,,0,1,0,3035,179,9134,168bfa490b87987c32e9abf27aba2b17c5b1e85904f1f25d9f267c0979b5b569,02c1d163880a0b59367639b8e0ab3e4ee323a4074132232ad7993cf915df1eb3,glm-4.7-flash:q8_0,a035bf4bc812e1408631c2d2b14581b99dfe39f71d895aceb269b4a886080196,0.33.2,off,16384,10.72
3hop1__139773_88110_21193|no_source|6,3hop1__139773_88110_21193,no_source,evidence,write_note,6,0,38,0.158,log,lossless,second,0,0,0,6,6,1,1,evidence,evidence,,1,1,0,3685,133,13053,ba8b77f02b64574ea7e93ea62fa1fc123ccb9b7577129cf415e005a243f5b0a5,b39aad3b22ae835a894ab7d746d70a3fca181e335d52f65553d91a07075769d4,glm-4.7-flash:q8_0,a035bf4bc812e1408631c2d2b14581b99dfe39f71d895aceb269b4a886080196,0.33.2,off,16384,9.87
3hop1__139773_88110_21193|no_source|6,3hop1__139773_88110_21193,no_source,evidence,write_note,6,0,38,0.158,diff,lossless,second,0,0,0,,6,0,0,none,evidence,,0,1,0,5012,132,17426,580493953bfd9de6d0b2d1d8a4f1e43ab9de066daab1e45d308f79bb0263f1ee,45db66c72c1004a20aa1a8e5782894be1b849ef106176255cacc0aeade232093,glm-4.7-flash:q8_0,a035bf4bc812e1408631c2d2b14581b99dfe39f71d895aceb269b4a886080196,0.33.2,off,16384,13.22
3hop1__139773_88110_21193|no_source|6,3hop1__139773_88110_21193,no_source,evidence,write_note,6,0,38,0.158,prov,lossless,second,0,0,0,6,6,1,1,evidence,evidence,,0,1,0,4876,195,16643,168bfa490b87987c32e9abf27aba2b17c5b1e85904f1f25d9f267c0979b5b569,dc0879a636af1408c550d824c5793329b3a2f9c0ca0eb18928b2d3085329d721,glm-4.7-flash:q8_0,a035bf4bc812e1408631c2d2b14581b99dfe39f71d895aceb269b4a886080196,0.33.2,off,16384,14.71
3hop1__139773_88110_21193|overwritten_note|12,3hop1__139773_88110_21193,overwritten_note,state,write_note,12,1,14,0.857,log,lossless,second,0,0,0,12,12,1,1,state,state,,1,1,0,2456,213,7386,ba8b77f02b64574ea7e93ea62fa1fc123ccb9b7577129cf415e005a243f5b0a5,adb33f63e66c3db033d15be58da9aafaeced3444eb164b1ced3d278871d47edc,glm-4.7-flash:q8_0,a035bf4bc812e1408631c2d2b14581b99dfe39f71d895aceb269b4a886080196,0.33.2,off,16384,7.57
3hop1__139773_88110_21193|overwritten_note|12,3hop1__139773_88110_21193,overwritten_note,state,write_note,12,1,14,0.857,diff,lossless,second,0,0,0,12,12,1,1,state,state,,1,1,0,3268,153,10338,580493953bfd9de6d0b2d1d8a4f1e43ab9de066daab1e45d308f79bb0263f1ee,fb71efb2a6f0ef735764d77facaefc564317f3d1f20446c9754252c5510eaae9,glm-4.7-flash:q8_0,a035bf4bc812e1408631c2d2b14581b99dfe39f71d895aceb269b4a886080196,0.33.2,off,16384,6.25
3hop1__139773_88110_21193|overwritten_note|12,3hop1__139773_88110_21193,overwritten_note,state,write_note,12,1,14,0.857,prov,lossless,second,0,0,0,12,12,1,1,evidence,state,,1,1,0,3110,167,9327,168bfa490b87987c32e9abf27aba2b17c5b1e85904f1f25d9f267c0979b5b569,01cd948c49a2141dc83a29adff6f5463026ae5509d9cc3ce5ea4582abf3facc3,glm-4.7-flash:q8_0,a035bf4bc812e1408631c2d2b14581b99dfe39f71d895aceb269b4a886080196,0.33.2,off,16384,6.14
3hop1__139773_88110_21193|sham|12,3hop1__139773_88110_21193,sham,none,write_note,12,1,14,0.857,log,lossless,second,0,1,0,12,,,,evidence,none,1,1,1,0,2465,437,7400,ba8b77f02b64574ea7e93ea62fa1fc123ccb9b7577129cf415e005a243f5b0a5,095e7abdd67ea5f867993c71e7959ba134ec7144f399bed0bdbb54e5ed4ad1ce,glm-4.7-flash:q8_0,a035bf4bc812e1408631c2d2b14581b99dfe39f71d895aceb269b4a886080196,0.33.2,off,16384,11.63
3hop1__139773_88110_21193|sham|12,3hop1__139773_88110_21193,sham,none,write_note,12,1,14,0.857,diff,lossless,second,0,1,0,12,,,,evidence,none,1,1,1,0,3276,216,10352,580493953bfd9de6d0b2d1d8a4f1e43ab9de066daab1e45d308f79bb0263f1ee,9b725f83ad01efa1e86c9b31a79cefc2f08ae69d1d616238a7c8bd3fea1de0c8,glm-4.7-flash:q8_0,a035bf4bc812e1408631c2d2b14581b99dfe39f71d895aceb269b4a886080196,0.33.2,off,16384,6.64
3hop1__139773_88110_21193|sham|12,3hop1__139773_88110_21193,sham,none,write_note,12,1,14,0.857,prov,lossless,second,0,1,0,,,,,none,none,0,0,1,0,3136,126,9436,168bfa490b87987c32e9abf27aba2b17c5b1e85904f1f25d9f267c0979b5b569,1d47f52b5baabd2272312339770dff3beb74ae4c0381cf292ff7515c814c7920,glm-4.7-flash:q8_0,a035bf4bc812e1408631c2d2b14581b99dfe39f71d895aceb269b4a886080196,0.33.2,off,16384,4.25
3hop1__139773_88110_21193|wrong_argument|8,3hop1__139773_88110_21193,wrong_argument,tool,search,8,1,20,0.4,log,lossless,second,0,0,0,,8,0,0,none,tool,,0,1,0,3215,499,10350,ba8b77f02b64574ea7e93ea62fa1fc123ccb9b7577129cf415e005a243f5b0a5,b6b4f9b81e78febb48c0b1177765e3937fb51fe623fb930683f01ab96741f45a,glm-4.7-flash:q8_0,a035bf4bc812e1408631c2d2b14581b99dfe39f71d895aceb269b4a886080196,0.33.2,off,16384,17.39
3hop1__139773_88110_21193|wrong_argument|8,3hop1__139773_88110_21193,wrong_argument,tool,search,8,1,20,0.4,diff,lossless,second,0,0,0,,8,0,0,none,tool,,0,1,0,4310,276,14230,580493953bfd9de6d0b2d1d8a4f1e43ab9de066daab1e45d308f79bb0263f1ee,03f150546c8c173fc366a725575171f13b672e8c7a434c3384d5d8ada3b83668,glm-4.7-flash:q8_0,a035bf4bc812e1408631c2d2b14581b99dfe39f71d895aceb269b4a886080196,0.33.2,off,16384,14.26
3hop1__139773_88110_21193|wrong_argument|8,3hop1__139773_88110_21193,wrong_argument,tool,search,8,1,20,0.4,prov,lossless,second,0,0,0,18,8,0,0,evidence,tool,,1,1,0,4118,195,13083,168bfa490b87987c32e9abf27aba2b17c5b1e85904f1f25d9f267c0979b5b569,7562acd02d01699dd5756f7e390c481c69c33b6cc78e165ff9f8cf7946fdd754,glm-4.7-flash:q8_0,a035bf4bc812e1408631c2d2b14581b99dfe39f71d895aceb269b4a886080196,0.33.2,off,16384,11.42
3hop1__139773_88110_21193|wrong_source|12,3hop1__139773_88110_21193,wrong_source,evidence,write_note,12,1,14,0.857,log,lossless,second,0,0,0,12,12,1,1,evidence,evidence,,1,1,0,2465,157,7400,ba8b77f02b64574ea7e93ea62fa1fc123ccb9b7577129cf415e005a243f5b0a5,ce8d9ffc2de7b0fffe871d1480d9e7b945ac4ad8ecfdf68c5d6e2f7283395c0c,glm-4.7-flash:q8_0,a035bf4bc812e1408631c2d2b14581b99dfe39f71d895aceb269b4a886080196,0.33.2,off,16384,6.04
3hop1__139773_88110_21193|wrong_source|12,3hop1__139773_88110_21193,wrong_source,evidence,write_note,12,1,14,0.857,diff,lossless,second,0,0,0,12,12,1,1,evidence,evidence,,1,1,0,3276,159,10352,580493953bfd9de6d0b2d1d8a4f1e43ab9de066daab1e45d308f79bb0263f1ee,6d8483fdd65633f863376b14b6839028ea3162a3c44cb19cb0653ee3637836c2,glm-4.7-flash:q8_0,a035bf4bc812e1408631c2d2b14581b99dfe39f71d895aceb269b4a886080196,0.33.2,off,16384,7.69
3hop1__139773_88110_21193|wrong_source|12,3hop1__139773_88110_21193,wrong_source,evidence,write_note,12,1,14,0.857,prov,lossless,second,0,0,0,12,12,1,1,evidence,evidence,,1,1,0,3136,215,9436,168bfa490b87987c32e9abf27aba2b17c5b1e85904f1f25d9f267c0979b5b569,b5de3ef1f62cc83757d538d6967816c353c4bb2187208018f7dd07d31e512474,glm-4.7-flash:q8_0,a035bf4bc812e1408631c2d2b14581b99dfe39f71d895aceb269b4a886080196,0.33.2,off,16384,8.79
3hop2__655849_467331_162182|corrupted_output|2,3hop2__655849_467331_162182,corrupted_output,tool,search,2,0,20,0.1,log,lossless,second,0,0,0,6,2,0,0,evidence,tool,,0,1,0,3108,220,9056,ba8b77f02b64574ea7e93ea62fa1fc123ccb9b7577129cf415e005a243f5b0a5,3f3d69d83910bf29a1ea3b1202dddd914f3eeffe795514218745335803813500,glm-4.7-flash:q8_0,a035bf4bc812e1408631c2d2b14581b99dfe39f71d895aceb269b4a886080196,0.33.2,off,16384,11.41
3hop2__655849_467331_162182|corrupted_output|2,3hop2__655849_467331_162182,corrupted_output,tool,search,2,0,20,0.1,diff,lossless,second,0,0,0,6,2,0,0,evidence,tool,,1,1,0,3962,158,11822,580493953bfd9de6d0b2d1d8a4f1e43ab9de066daab1e45d308f79bb0263f1ee,350e416ee51a325af2cfff29f0c3d3b9f32c73a07bdc71359fa2feabce87c466,glm-4.7-flash:q8_0,a035bf4bc812e1408631c2d2b14581b99dfe39f71d895aceb269b4a886080196,0.33.2,off,16384,12.5
3hop2__655849_467331_162182|corrupted_output|2,3hop2__655849_467331_162182,corrupted_output,tool,search,2,0,20,0.1,prov,lossless,second,0,0,0,6,2,0,0,evidence,tool,,0,1,0,4018,157,11750,168bfa490b87987c32e9abf27aba2b17c5b1e85904f1f25d9f267c0979b5b569,f0ddb0975e0fa513fcf1b1c12f80d016ba949e9ebb676af55c87da84c3f1090d,glm-4.7-flash:q8_0,a035bf4bc812e1408631c2d2b14581b99dfe39f71d895aceb269b4a886080196,0.33.2,off,16384,12.64
3hop2__655849_467331_162182|dropped_note|12,3hop2__655849_467331_162182,dropped_note,state,write_note,12,1,20,0.6,log,lossless,second,0,0,0,12,12,1,1,evidence,state,,0,1,0,3124,214,9440,ba8b77f02b64574ea7e93ea62fa1fc123ccb9b7577129cf415e005a243f5b0a5,d0f9946d0402c225128f44bac6e797c96cdd03c05e3f78c1992b2e353a2f4458,glm-4.7-flash:q8_0,a035bf4bc812e1408631c2d2b14581b99dfe39f71d895aceb269b4a886080196,0.33.2,off,16384,11.38
3hop2__655849_467331_162182|dropped_note|12,3hop2__655849_467331_162182,dropped_note,state,write_note,12,1,20,0.6,diff,lossless,second,0,0,0,18,12,0,0,state,state,,1,1,0,4014,134,12405,580493953bfd9de6d0b2d1d8a4f1e43ab9de066daab1e45d308f79bb0263f1ee,5fb5a9c7a77936d97e9eeac7ea60306b702e0a3aac4b6e9d39c7e7904dca1fea,glm-4.7-flash:q8_0,a035bf4bc812e1408631c2d2b14581b99dfe39f71d895aceb269b4a886080196,0.33.2,off,16384,12.06
3hop2__655849_467331_162182|dropped_note|12,3hop2__655849_467331_162182,dropped_note,state,write_note,12,1,20,0.6,prov,lossless,second,0,0,0,12,12,1,1,tool,state,,1,1,0,3961,376,12009,168bfa490b87987c32e9abf27aba2b17c5b1e85904f1f25d9f267c0979b5b569,42b77bf0af1e1c2ccadcf6cfceef0386d0ab34c8f74703f2fe3e81fa705a41c4,glm-4.7-flash:q8_0,a035bf4bc812e1408631c2d2b14581b99dfe39f71d895aceb269b4a886080196,0.33.2,off,16384,19.3
3hop2__655849_467331_162182|no_source|12,3hop2__655849_467331_162182,no_source,evidence,write_note,12,1,20,0.6,log,lossless,second,0,0,0,12,12,1,1,evidence,evidence,,1,1,0,3123,160,9438,ba8b77f02b64574ea7e93ea62fa1fc123ccb9b7577129cf415e005a243f5b0a5,711fd5790b8ceff5f98ca6bb06a163201e25cce41bbb1da99a5077be3ac60830,glm-4.7-flash:q8_0,a035bf4bc812e1408631c2d2b14581b99dfe39f71d895aceb269b4a886080196,0.33.2,off,16384,6.69
3hop2__655849_467331_162182|no_source|12,3hop2__655849_467331_162182,no_source,evidence,write_note,12,1,20,0.6,diff,lossless,second,0,0,0,18,12,0,0,evidence,evidence,,1,1,0,4043,145,12508,580493953bfd9de6d0b2d1d8a4f1e43ab9de066daab1e45d308f79bb0263f1ee,68086bfc7a82e710dff9b8c7e93dc0dd83209a86fd853ce2215ce0c8bf01c464,glm-4.7-flash:q8_0,a035bf4bc812e1408631c2d2b14581b99dfe39f71d895aceb269b4a886080196,0.33.2,off,16384,7.96
3hop2__655849_467331_162182|no_source|12,3hop2__655849_467331_162182,no_source,evidence,write_note,12,1,20,0.6,prov,lossless,second,0,0,0,12,12,1,1,tool,evidence,,1,1,0,4013,190,12174,168bfa490b87987c32e9abf27aba2b17c5b1e85904f1f25d9f267c0979b5b569,505d552eaf775c525c3395627d53a06669e16c7923de280d243d254d31118d06,glm-4.7-flash:q8_0,a035bf4bc812e1408631c2d2b14581b99dfe39f71d895aceb269b4a886080196,0.33.2,off,16384,9.36
3hop2__655849_467331_162182|overwritten_note|18,3hop2__655849_467331_162182,overwritten_note,state,write_note,18,2,20,0.9,log,lossless,second,0,0,0,18,18,1,1,state,state,,1,1,0,3132,158,9493,ba8b77f02b64574ea7e93ea62fa1fc123ccb9b7577129cf415e005a243f5b0a5,c991859798020745de32c9248995ff7c0aa81c3288f34cc0a6c4f3a00121b4eb,glm-4.7-flash:q8_0,a035bf4bc812e1408631c2d2b14581b99dfe39f71d895aceb269b4a886080196,0.33.2,off,16384,6.68
3hop2__655849_467331_162182|overwritten_note|18,3hop2__655849_467331_162182,overwritten_note,state,write_note,18,2,20,0.9,diff,lossless,second,0,0,0,18,18,1,1,state,state,,1,1,0,4062,187,12573,580493953bfd9de6d0b2d1d8a4f1e43ab9de066daab1e45d308f79bb0263f1ee,456894999615e750756c92587e19bf79cc498e7d5b849ad02628abe2510aeb8c,glm-4.7-flash:q8_0,a035bf4bc812e1408631c2d2b14581b99dfe39f71d895aceb269b4a886080196,0.33.2,off,16384,9.14
3hop2__655849_467331_162182|overwritten_note|18,3hop2__655849_467331_162182,overwritten_note,state,write_note,18,2,20,0.9,prov,lossless,second,0,0,0,18,18,1,1,state,state,,1,1,0,4038,146,12272,168bfa490b87987c32e9abf27aba2b17c5b1e85904f1f25d9f267c0979b5b569,535525753e8a9cd601079eece1c15dcfa1bffc993f4213dd5c876491a70c7b9f,glm-4.7-flash:q8_0,a035bf4bc812e1408631c2d2b14581b99dfe39f71d895aceb269b4a886080196,0.33.2,off,16384,8.11
3hop2__655849_467331_162182|sham|12,3hop2__655849_467331_162182,sham,none,write_note,12,1,20,0.6,log,lossless,second,0,1,0,,,,,none,none,0,0,1,0,3140,572,9491,ba8b77f02b64574ea7e93ea62fa1fc123ccb9b7577129cf415e005a243f5b0a5,2dea5de68c236e7ff371a6f82393c0815c093f1f48a8d26323fcc80feeee51f3,glm-4.7-flash:q8_0,a035bf4bc812e1408631c2d2b14581b99dfe39f71d895aceb269b4a886080196,0.33.2,off,16384,15.84
3hop2__655849_467331_162182|sham|12,3hop2__655849_467331_162182,sham,none,write_note,12,1,20,0.6,diff,lossless,second,0,1,0,14,,,,tool,none,1,1,1,0,4069,102,12571,580493953bfd9de6d0b2d1d8a4f1e43ab9de066daab1e45d308f79bb0263f1ee,06807f14614bafbc35e072a8e1bab986b5b97c95cd8c8137dcc72e5d999c45be,glm-4.7-flash:q8_0,a035bf4bc812e1408631c2d2b14581b99dfe39f71d895aceb269b4a886080196,0.33.2,off,16384,3.82
3hop2__655849_467331_162182|sham|12,3hop2__655849_467331_162182,sham,none,write_note,12,1,20,0.6,prov,lossless,second,0,1,0,18,,,,evidence,none,1,1,1,0,4061,214,12309,168bfa490b87987c32e9abf27aba2b17c5b1e85904f1f25d9f267c0979b5b569,4a8351633cf3e52a9187dca46f0c760ad3f98f5aafb4ee8b0df3f6301237c72c,glm-4.7-flash:q8_0,a035bf4bc812e1408631c2d2b14581b99dfe39f71d895aceb269b4a886080196,0.33.2,off,16384,7.04
3hop2__655849_467331_162182|wrong_argument|16,3hop2__655849_467331_162182,wrong_argument,tool,read,16,2,20,0.8,log,lossless,second,0,0,0,18,16,0,1,evidence,tool,,1,1,0,3089,258,9244,ba8b77f02b64574ea7e93ea62fa1fc123ccb9b7577129cf415e005a243f5b0a5,15267cdec777a4b6a475b83260fd59588126d9e08e75b5307b355f4439394f9f,glm-4.7-flash:q8_0,a035bf4bc812e1408631c2d2b14581b99dfe39f71d895aceb269b4a886080196,0.33.2,off,16384,7.94
3hop2__655849_467331_162182|wrong_argument|16,3hop2__655849_467331_162182,wrong_argument,tool,read,16,2,20,0.8,diff,lossless,second,0,0,0,16,16,1,1,tool,tool,,1,1,0,3992,271,12184,580493953bfd9de6d0b2d1d8a4f1e43ab9de066daab1e45d308f79bb0263f1ee,8d0f8ba34236b78f4cfe94cc903d5c19550a8b7ccab34b469f8855e3cf4ac991,glm-4.7-flash:q8_0,a035bf4bc812e1408631c2d2b14581b99dfe39f71d895aceb269b4a886080196,0.33.2,off,16384,9.35
3hop2__655849_467331_162182|wrong_argument|16,3hop2__655849_467331_162182,wrong_argument,tool,read,16,2,20,0.8,prov,lossless,second,0,0,0,16,16,1,1,tool,tool,,0,1,0,4010,143,12062,168bfa490b87987c32e9abf27aba2b17c5b1e85904f1f25d9f267c0979b5b569,63e98f36aee6c3a757d73eba61e6db0e48e593ea495aa375434c211669fb07df,glm-4.7-flash:q8_0,a035bf4bc812e1408631c2d2b14581b99dfe39f71d895aceb269b4a886080196,0.33.2,off,16384,5.91
3hop2__655849_467331_162182|wrong_source|12,3hop2__655849_467331_162182,wrong_source,evidence,write_note,12,0,20,0.6,log,lossless,second,0,0,0,12,12,1,1,evidence,evidence,,1,1,0,3140,224,9491,ba8b77f02b64574ea7e93ea62fa1fc123ccb9b7577129cf415e005a243f5b0a5,aae5203105de738658f3f85057cda10106639ced9ef58553d36182808b9e58d5,glm-4.7-flash:q8_0,a035bf4bc812e1408631c2d2b14581b99dfe39f71d895aceb269b4a886080196,0.33.2,off,16384,8.38
3hop2__655849_467331_162182|wrong_source|12,3hop2__655849_467331_162182,wrong_source,evidence,write_note,12,0,20,0.6,diff,lossless,second,0,0,0,12,12,1,1,evidence,evidence,,1,1,0,4069,158,12571,580493953bfd9de6d0b2d1d8a4f1e43ab9de066daab1e45d308f79bb0263f1ee,d0838fa9c97644353cf1823e9ee4d367bb45d23db2e3a046998b0936b6fb4c73,glm-4.7-flash:q8_0,a035bf4bc812e1408631c2d2b14581b99dfe39f71d895aceb269b4a886080196,0.33.2,off,16384,8.36
3hop2__655849_467331_162182|wrong_source|12,3hop2__655849_467331_162182,wrong_source,evidence,write_note,12,0,20,0.6,prov,lossless,second,0,0,0,18,12,0,0,evidence,evidence,,1,1,0,4061,197,12309,168bfa490b87987c32e9abf27aba2b17c5b1e85904f1f25d9f267c0979b5b569,21d07278be8f0135a3b2e8e290274cb66446496ae6b4bddd1ef93641b7cb13cf,glm-4.7-flash:q8_0,a035bf4bc812e1408631c2d2b14581b99dfe39f71d895aceb269b4a886080196,0.33.2,off,16384,9.51
4hop3__160230_470287_345497_72134|corrupted_output|16,4hop3__160230_470287_345497_72134,corrupted_output,tool,read,16,1,30,0.533,log,lossless,second,0,0,0,18,16,0,1,evidence,tool,,0,1,0,4735,201,15900,ba8b77f02b64574ea7e93ea62fa1fc123ccb9b7577129cf415e005a243f5b0a5,dbfb8c83dd2c888b4525d894e13368bed5e778d0d84ee7a3fd6ed136823ae94c,glm-4.7-flash:q8_0,a035bf4bc812e1408631c2d2b14581b99dfe39f71d895aceb269b4a886080196,0.33.2,off,16384,16.5
4hop3__160230_470287_345497_72134|corrupted_output|16,4hop3__160230_470287_345497_72134,corrupted_output,tool,read,16,1,30,0.533,diff,lossless,second,0,0,0,28,16,0,0,evidence,tool,,1,1,0,6327,165,21614,580493953bfd9de6d0b2d1d8a4f1e43ab9de066daab1e45d308f79bb0263f1ee,c611e8feaa3c4acf0650584b35faf2ebc3853e94ab32811163a6f51e5a04d29b,glm-4.7-flash:q8_0,a035bf4bc812e1408631c2d2b14581b99dfe39f71d895aceb269b4a886080196,0.33.2,off,16384,21.7
4hop3__160230_470287_345497_72134|corrupted_output|16,4hop3__160230_470287_345497_72134,corrupted_output,tool,read,16,1,30,0.533,prov,lossless,second,0,0,0,28,16,0,0,evidence,tool,,1,1,0,6008,166,19851,168bfa490b87987c32e9abf27aba2b17c5b1e85904f1f25d9f267c0979b5b569,c13614d1e3bd244a2259cf78f53e0449013e2bc7c66750ad0439e660bc4cf3d5,glm-4.7-flash:q8_0,a035bf4bc812e1408631c2d2b14581b99dfe39f71d895aceb269b4a886080196,0.33.2,off,16384,20.42
4hop3__160230_470287_345497_72134|dropped_note|24,4hop3__160230_470287_345497_72134,dropped_note,state,write_note,24,2,26,0.923,log,lossless,second,0,0,0,24,24,1,1,evidence,state,,1,1,0,4174,167,13806,ba8b77f02b64574ea7e93ea62fa1fc123ccb9b7577129cf415e005a243f5b0a5,877b2d7679f16cd8d027799a8b3dc13ca05caf77d4b57ec9e85d2b5e6b4ac1d8,glm-4.7-flash:q8_0,a035bf4bc812e1408631c2d2b14581b99dfe39f71d895aceb269b4a886080196,0.33.2,off,16384,9.34
4hop3__160230_470287_345497_72134|dropped_note|24,4hop3__160230_470287_345497_72134,dropped_note,state,write_note,24,2,26,0.923,diff,lossless,second,0,0,0,18,24,0,0,evidence,state,,1,1,0,5653,126,19181,580493953bfd9de6d0b2d1d8a4f1e43ab9de066daab1e45d308f79bb0263f1ee,44497f7fd0a1a263cff5cbd06db873e8271432672fcabe38d0a87c75fc285628,glm-4.7-flash:q8_0,a035bf4bc812e1408631c2d2b14581b99dfe39f71d895aceb269b4a886080196,0.33.2,off,16384,10.91
4hop3__160230_470287_345497_72134|dropped_note|24,4hop3__160230_470287_345497_72134,dropped_note,state,write_note,24,2,26,0.923,prov,lossless,second,0,0,0,24,24,1,1,evidence,state,,0,1,0,5251,199,17118,168bfa490b87987c32e9abf27aba2b17c5b1e85904f1f25d9f267c0979b5b569,a196be45b0500662211de2ded49efd63492b532228ca0d121e27413874461746,glm-4.7-flash:q8_0,a035bf4bc812e1408631c2d2b14581b99dfe39f71d895aceb269b4a886080196,0.33.2,off,16384,11.51
4hop3__160230_470287_345497_72134|no_source|24,4hop3__160230_470287_345497_72134,no_source,evidence,write_note,24,2,26,0.923,log,lossless,second,0,0,0,24,24,1,1,evidence,evidence,,1,1,0,4170,115,13823,ba8b77f02b64574ea7e93ea62fa1fc123ccb9b7577129cf415e005a243f5b0a5,5a90df00d5194135f5c456a369c61645ecbed449066537a11358fa10475130b3,glm-4.7-flash:q8_0,a035bf4bc812e1408631c2d2b14581b99dfe39f71d895aceb269b4a886080196,0.33.2,off,16384,3.84
4hop3__160230_470287_345497_72134|no_source|24,4hop3__160230_470287_345497_72134,no_source,evidence,write_note,24,2,26,0.923,diff,lossless,second,0,0,0,24,24,1,1,evidence,evidence,,1,1,0,5676,161,19295,580493953bfd9de6d0b2d1d8a4f1e43ab9de066daab1e45d308f79bb0263f1ee,f932325d9104d84b1ca9e8a3ad7e6d7370271c4162e4b0bfaf153945aeb6a856,glm-4.7-flash:q8_0,a035bf4bc812e1408631c2d2b14581b99dfe39f71d895aceb269b4a886080196,0.33.2,off,16384,5.86
4hop3__160230_470287_345497_72134|no_source|24,4hop3__160230_470287_345497_72134,no_source,evidence,write_note,24,2,26,0.923,prov,lossless,second,0,0,0,24,24,1,1,evidence,evidence,,0,1,0,5306,161,17333,168bfa490b87987c32e9abf27aba2b17c5b1e85904f1f25d9f267c0979b5b569,b45457b36eb450b5f04e78a11b5318bd170ed9511c918b77dc27507b4ad5d63d,glm-4.7-flash:q8_0,a035bf4bc812e1408631c2d2b14581b99dfe39f71d895aceb269b4a886080196,0.33.2,off,16384,5.9
4hop3__160230_470287_345497_72134|overwritten_note|12,4hop3__160230_470287_345497_72134,overwritten_note,state,write_note,12,0,26,0.462,log,lossless,second,0,0,0,12,12,1,1,evidence,state,,0,1,0,4197,250,13858,ba8b77f02b64574ea7e93ea62fa1fc123ccb9b7577129cf415e005a243f5b0a5,b72da184e6a40db76426264b42ae6e423a770b1d2085bde370e2417004b16caa,glm-4.7-flash:q8_0,a035bf4bc812e1408631c2d2b14581b99dfe39f71d895aceb269b4a886080196,0.33.2,off,16384,12.18
4hop3__160230_470287_345497_72134|overwritten_note|12,4hop3__160230_470287_345497_72134,overwritten_note,state,write_note,12,0,26,0.462,diff,lossless,second,0,0,0,12,12,1,1,state,state,,1,1,0,5712,224,19340,580493953bfd9de6d0b2d1d8a4f1e43ab9de066daab1e45d308f79bb0263f1ee,ef57fc8092f6ecc68f17c7fa95abea90fa6b4867078581fb107b7afeaa82795a,glm-4.7-flash:q8_0,a035bf4bc812e1408631c2d2b14581b99dfe39f71d895aceb269b4a886080196,0.33.2,off,16384,15.95
4hop3__160230_470287_345497_72134|overwritten_note|12,4hop3__160230_470287_345497_72134,overwritten_note,state,write_note,12,0,26,0.462,prov,lossless,second,0,0,0,12,12,1,1,evidence,state,,1,1,0,5360,162,17433,168bfa490b87987c32e9abf27aba2b17c5b1e85904f1f25d9f267c0979b5b569,ed38f28b869e077ead103ceeacc17d8faa6a5212616269a5c11d17b0f98553c0,glm-4.7-flash:q8_0,a035bf4bc812e1408631c2d2b14581b99dfe39f71d895aceb269b4a886080196,0.33.2,off,16384,12.99
4hop3__160230_470287_345497_72134|sham|18,4hop3__160230_470287_345497_72134,sham,none,write_note,18,1,26,0.692,log,lossless,second,0,1,0,18,,,,evidence,none,1,0,1,0,4197,181,13857,ba8b77f02b64574ea7e93ea62fa1fc123ccb9b7577129cf415e005a243f5b0a5,2d035cc848e49d85f094621c22414aeadabf43b580d2caf62257ebd6f9c22e6c,glm-4.7-flash:q8_0,a035bf4bc812e1408631c2d2b14581b99dfe39f71d895aceb269b4a886080196,0.33.2,off,16384,10.32
4hop3__160230_470287_345497_72134|sham|18,4hop3__160230_470287_345497_72134,sham,none,write_note,18,1,26,0.692,diff,lossless,second,0,1,0,12,,,,evidence,none,1,1,1,0,5712,153,19339,580493953bfd9de6d0b2d1d8a4f1e43ab9de066daab1e45d308f79bb0263f1ee,66d53d54828c667b5a749e7ad3554298c67fd45d0b82f3e836fc9c4c5f66eedc,glm-4.7-flash:q8_0,a035bf4bc812e1408631c2d2b14581b99dfe39f71d895aceb269b4a886080196,0.33.2,off,16384,13.77
4hop3__160230_470287_345497_72134|sham|18,4hop3__160230_470287_345497_72134,sham,none,write_note,18,1,26,0.692,prov,lossless,second,0,1,0,24,,,,evidence,none,1,0,1,0,5360,187,17441,168bfa490b87987c32e9abf27aba2b17c5b1e85904f1f25d9f267c0979b5b569,7dbab81367d6b67dc0b930128e3e7be2ee243f7e2df8d0a649f740590481a162,glm-4.7-flash:q8_0,a035bf4bc812e1408631c2d2b14581b99dfe39f71d895aceb269b4a886080196,0.33.2,off,16384,13.59
4hop3__160230_470287_345497_72134|wrong_argument|8,4hop3__160230_470287_345497_72134,wrong_argument,tool,search,8,0,26,0.308,log,lossless,second,0,0,0,24,8,0,0,evidence,tool,,1,1,0,4205,168,13859,ba8b77f02b64574ea7e93ea62fa1fc123ccb9b7577129cf415e005a243f5b0a5,59ef163f46e553c377c2995bbcb4c6c0b6b279003b8c164e2b06cf02eacbdbd2,glm-4.7-flash:q8_0,a035bf4bc812e1408631c2d2b14581b99dfe39f71d895aceb269b4a886080196,0.33.2,off,16384,11.71
4hop3__160230_470287_345497_72134|wrong_argument|8,4hop3__160230_470287_345497_72134,wrong_argument,tool,search,8,0,26,0.308,diff,lossless,second,0,0,0,8,8,1,1,tool,tool,,0,1,0,5720,258,19341,580493953bfd9de6d0b2d1d8a4f1e43ab9de066daab1e45d308f79bb0263f1ee,6de9efbf8ad606b188458d228a3e705660c9c470afc31ee94841940525f5d5e7,glm-4.7-flash:q8_0,a035bf4bc812e1408631c2d2b14581b99dfe39f71d895aceb269b4a886080196,0.33.2,off,16384,19.39
4hop3__160230_470287_345497_72134|wrong_argument|8,4hop3__160230_470287_345497_72134,wrong_argument,tool,search,8,0,26,0.308,prov,lossless,second,0,0,0,8,8,1,1,tool,tool,,0,1,0,5375,208,17442,168bfa490b87987c32e9abf27aba2b17c5b1e85904f1f25d9f267c0979b5b569,4d0dd5cc20c9d332ffdebef9faa41a13a8fc126d510e3181385c0091528fe7d9,glm-4.7-flash:q8_0,a035bf4bc812e1408631c2d2b14581b99dfe39f71d895aceb269b4a886080196,0.33.2,off,16384,16.54
4hop3__160230_470287_345497_72134|wrong_source|18,4hop3__160230_470287_345497_72134,wrong_source,evidence,write_note,18,1,26,0.692,log,lossless,second,0,0,0,18,18,1,1,evidence,evidence,,0,1,0,4196,184,13859,ba8b77f02b64574ea7e93ea62fa1fc123ccb9b7577129cf415e005a243f5b0a5,c258d97f2e3517dc0fb6d9eafa9d719e83012bf29735e1e6e19551224958a65d,glm-4.7-flash:q8_0,a035bf4bc812e1408631c2d2b14581b99dfe39f71d895aceb269b4a886080196,0.33.2,off,16384,12.09
4hop3__160230_470287_345497_72134|wrong_source|18,4hop3__160230_470287_345497_72134,wrong_source,evidence,write_note,18,1,26,0.692,diff,lossless,second,0,0,0,18,18,1,1,evidence,evidence,,1,1,0,5710,139,19341,580493953bfd9de6d0b2d1d8a4f1e43ab9de066daab1e45d308f79bb0263f1ee,b168894cb73fff8be9271a0109957e448718a3e2d6eb8133257f53babaa07dcc,glm-4.7-flash:q8_0,a035bf4bc812e1408631c2d2b14581b99dfe39f71d895aceb269b4a886080196,0.33.2,off,16384,15.83
4hop3__160230_470287_345497_72134|wrong_source|18,4hop3__160230_470287_345497_72134,wrong_source,evidence,write_note,18,1,26,0.692,prov,lossless,second,0,0,0,18,18,1,1,evidence,evidence,,0,1,0,5359,251,17443,168bfa490b87987c32e9abf27aba2b17c5b1e85904f1f25d9f267c0979b5b569,92df5bf7ebf43e74e439bca37b805f89588dbd21a5b5577e4cb7d71df1949eea,glm-4.7-flash:q8_0,a035bf4bc812e1408631c2d2b14581b99dfe39f71d895aceb269b4a886080196,0.33.2,off,16384,17.75
3hop1__504362_443779_52195|corrupted_output|14,3hop1__504362_443779_52195,corrupted_output,tool,search,14,2,24,0.583,log,lossless,second,0,0,0,22,14,0,0,evidence,tool,,1,1,0,4084,215,13169,ba8b77f02b64574ea7e93ea62fa1fc123ccb9b7577129cf415e005a243f5b0a5,0baf48fd642d91ce6b009b0a0345e30072525fc1c799351ec6f16a644af599a4,glm-4.7-flash:q8_0,a035bf4bc812e1408631c2d2b14581b99dfe39f71d895aceb269b4a886080196,0.33.2,off,16384,14.4
3hop1__504362_443779_52195|corrupted_output|14,3hop1__504362_443779_52195,corrupted_output,tool,search,14,2,24,0.583,diff,lossless,second,0,0,0,14,14,1,1,tool,tool,,0,1,0,5585,236,18154,580493953bfd9de6d0b2d1d8a4f1e43ab9de066daab1e45d308f79bb0263f1ee,a5d9f8e9a49b95708caf3294eea9c69de35dd7ba3a4bb5c07f76427ac5cd31b9,glm-4.7-flash:q8_0,a035bf4bc812e1408631c2d2b14581b99dfe39f71d895aceb269b4a886080196,0.33.2,off,16384,20.77
3hop1__504362_443779_52195|corrupted_output|14,3hop1__504362_443779_52195,corrupted_output,tool,search,14,2,24,0.583,prov,lossless,second,0,0,0,22,14,0,0,evidence,tool,,1,1,0,5088,182,16299,168bfa490b87987c32e9abf27aba2b17c5b1e85904f1f25d9f267c0979b5b569,4ff029bc09810c9a24d209ea145e41b18584ab15fd2ef07c7286b3cdc7d6c8da,glm-4.7-flash:q8_0,a035bf4bc812e1408631c2d2b14581b99dfe39f71d895aceb269b4a886080196,0.33.2,off,16384,17.19
3hop1__504362_443779_52195|dropped_note|6,3hop1__504362_443779_52195,dropped_note,state,write_note,6,0,20,0.3,log,lossless,second,0,0,0,18,6,0,0,evidence,state,,0,1,0,3584,249,11171,ba8b77f02b64574ea7e93ea62fa1fc123ccb9b7577129cf415e005a243f5b0a5,05228487e086a0008d71574f0ae9f77a460d8690edaafde46df4f02e4210e8f8,glm-4.7-flash:q8_0,a035bf4bc812e1408631c2d2b14581b99dfe39f71d895aceb269b4a886080196,0.33.2,off,16384,13.13
3hop1__504362_443779_52195|dropped_note|6,3hop1__504362_443779_52195,dropped_note,state,write_note,6,0,20,0.3,diff,lossless,second,0,0,0,14,6,0,0,tool,state,,0,1,0,4964,360,15828,580493953bfd9de6d0b2d1d8a4f1e43ab9de066daab1e45d308f79bb0263f1ee,19197a66b1e1f628b21dd34982275bf493c9ed7b13bfda74d7e707479cbcf82b,glm-4.7-flash:q8_0,a035bf4bc812e1408631c2d2b14581b99dfe39f71d895aceb269b4a886080196,0.33.2,off,16384,19.94
3hop1__504362_443779_52195|dropped_note|6,3hop1__504362_443779_52195,dropped_note,state,write_note,6,0,20,0.3,prov,lossless,second,0,0,0,18,6,0,0,evidence,state,,0,1,0,4417,179,13764,168bfa490b87987c32e9abf27aba2b17c5b1e85904f1f25d9f267c0979b5b569,553a7d5ef5bd22db17052f714d51481db5bc742752f7559f84ce82811c577278,glm-4.7-flash:q8_0,a035bf4bc812e1408631c2d2b14581b99dfe39f71d895aceb269b4a886080196,0.33.2,off,16384,12.58
3hop1__504362_443779_52195|no_source|6,3hop1__504362_443779_52195,no_source,evidence,write_note,6,0,20,0.3,log,lossless,second,0,0,0,6,6,1,1,evidence,evidence,,1,1,0,3641,128,11434,ba8b77f02b64574ea7e93ea62fa1fc123ccb9b7577129cf415e005a243f5b0a5,d1168eeb3cf8a88bcb4b4572b7b71be7f06e4792b7a811e675f242c4eaaf97c8,glm-4.7-flash:q8_0,a035bf4bc812e1408631c2d2b14581b99dfe39f71d895aceb269b4a886080196,0.33.2,off,16384,9.4
3hop1__504362_443779_52195|no_source|6,3hop1__504362_443779_52195,no_source,evidence,write_note,6,0,20,0.3,diff,lossless,second,0,0,0,6,6,1,1,evidence,evidence,,1,1,0,5043,224,16165,580493953bfd9de6d0b2d1d8a4f1e43ab9de066daab1e45d308f79bb0263f1ee,5898bb89722dc64bf3e4b4c43d8d0468b2b69790c665eac520b984ec12f3d25d,glm-4.7-flash:q8_0,a035bf4bc812e1408631c2d2b14581b99dfe39f71d895aceb269b4a886080196,0.33.2,off,16384,16.37
3hop1__504362_443779_52195|no_source|6,3hop1__504362_443779_52195,no_source,evidence,write_note,6,0,20,0.3,prov,lossless,second,0,0,0,6,6,1,1,evidence,evidence,,0,1,0,4512,191,14142,168bfa490b87987c32e9abf27aba2b17c5b1e85904f1f25d9f267c0979b5b569,03127ddf15a63976f29a1aa1216c64d09a0750172f0919df076dacceab250c61,glm-4.7-flash:q8_0,a035bf4bc812e1408631c2d2b14581b99dfe39f71d895aceb269b4a886080196,0.33.2,off,16384,13.3
3hop1__504362_443779_52195|overwritten_note|18,3hop1__504362_443779_52195,overwritten_note,state,write_note,18,2,20,0.9,log,lossless,second,0,0,0,18,18,1,1,state,state,,1,1,0,3582,171,11207,ba8b77f02b64574ea7e93ea62fa1fc123ccb9b7577129cf415e005a243f5b0a5,78c91bfe18af5435173ca1edd02ef9e58d4081eac3dbfaa543349070df13d6f2,glm-4.7-flash:q8_0,a035bf4bc812e1408631c2d2b14581b99dfe39f71d895aceb269b4a886080196,0.33.2,off,16384,10.31
3hop1__504362_443779_52195|overwritten_note|18,3hop1__504362_443779_52195,overwritten_note,state,write_note,18,2,20,0.9,diff,lossless,second,0,0,0,18,18,1,1,state,state,,1,1,0,4993,157,15948,580493953bfd9de6d0b2d1d8a4f1e43ab9de066daab1e45d308f79bb0263f1ee,ac91c4fbf16a4f10656a3d85be61276d877f60ba4296a9171d29c2d91274c484,glm-4.7-flash:q8_0,a035bf4bc812e1408631c2d2b14581b99dfe39f71d895aceb269b4a886080196,0.33.2,off,16384,14.27
3hop1__504362_443779_52195|overwritten_note|18,3hop1__504362_443779_52195,overwritten_note,state,write_note,18,2,20,0.9,prov,lossless,second,0,0,0,18,18,1,1,state,state,,1,1,0,4448,128,13918,168bfa490b87987c32e9abf27aba2b17c5b1e85904f1f25d9f267c0979b5b569,473418794df051adba9d628a09f5a348f3fa696248fc0583567364632dd3c469,glm-4.7-flash:q8_0,a035bf4bc812e1408631c2d2b14581b99dfe39f71d895aceb269b4a886080196,0.33.2,off,16384,11.35
3hop1__504362_443779_52195|sham|12,3hop1__504362_443779_52195,sham,none,write_note,12,1,20,0.6,log,lossless,second,0,1,0,,,,,,none,1,0,0,0,3596,1024,11213,ba8b77f02b64574ea7e93ea62fa1fc123ccb9b7577129cf415e005a243f5b0a5,be65d3f8734a26cb0870e90460b485391415d0301cdd34b84aa73eada6ab534a,glm-4.7-flash:q8_0,a035bf4bc812e1408631c2d2b14581b99dfe39f71d895aceb269b4a886080196,0.33.2,off,16384,28.58
3hop1__504362_443779_52195|sham|12,3hop1__504362_443779_52195,sham,none,write_note,12,1,20,0.6,diff,lossless,second,0,1,0,6,,,,state,none,1,0,1,0,5006,335,15954,580493953bfd9de6d0b2d1d8a4f1e43ab9de066daab1e45d308f79bb0263f1ee,ca52932b12d1c1364c8118ee7d7e46d879f855c6525f07b2462873bacae7127d,glm-4.7-flash:q8_0,a035bf4bc812e1408631c2d2b14581b99dfe39f71d895aceb269b4a886080196,0.33.2,off,16384,10.73
3hop1__504362_443779_52195|sham|12,3hop1__504362_443779_52195,sham,none,write_note,12,1,20,0.6,prov,lossless,second,0,1,0,20,,,,tool,none,1,1,1,0,4493,232,13993,168bfa490b87987c32e9abf27aba2b17c5b1e85904f1f25d9f267c0979b5b569,0aead1986853450ebf2c8441e37214ce91d575249d359c19aa2b2deb4781052e,glm-4.7-flash:q8_0,a035bf4bc812e1408631c2d2b14581b99dfe39f71d895aceb269b4a886080196,0.33.2,off,16384,7.74
3hop1__504362_443779_52195|wrong_argument|10,3hop1__504362_443779_52195,wrong_argument,tool,read,10,1,38,0.263,log,lossless,second,0,0,0,12,10,0,1,evidence,tool,,1,1,0,5779,230,20557,ba8b77f02b64574ea7e93ea62fa1fc123ccb9b7577129cf415e005a243f5b0a5,2b4ee8c0581eb3e9c811546f86f9b40e069cf954a7bcde0e618df9c784223c11,glm-4.7-flash:q8_0,a035bf4bc812e1408631c2d2b14581b99dfe39f71d895aceb269b4a886080196,0.33.2,off,16384,18.73
3hop1__504362_443779_52195|wrong_argument|10,3hop1__504362_443779_52195,wrong_argument,tool,read,10,1,38,0.263,diff,lossless,second,0,0,0,12,10,0,1,evidence,tool,,1,1,0,7437,139,26417,580493953bfd9de6d0b2d1d8a4f1e43ab9de066daab1e45d308f79bb0263f1ee,31caea83e8eb700adb9e622565327f8cd4d246beb4455bf74cab732ea1630b7a,glm-4.7-flash:q8_0,a035bf4bc812e1408631c2d2b14581b99dfe39f71d895aceb269b4a886080196,0.33.2,off,16384,22.9
3hop1__504362_443779_52195|wrong_argument|10,3hop1__504362_443779_52195,wrong_argument,tool,read,10,1,38,0.263,prov,lossless,second,0,0,0,12,10,0,1,evidence,tool,,0,1,0,7324,202,25412,168bfa490b87987c32e9abf27aba2b17c5b1e85904f1f25d9f267c0979b5b569,707fb03d5d1c25e79fc217a8c94558673efe6b83f8b8bca0f2ef6ed66968c1a2,glm-4.7-flash:q8_0,a035bf4bc812e1408631c2d2b14581b99dfe39f71d895aceb269b4a886080196,0.33.2,off,16384,23.94
3hop1__504362_443779_52195|wrong_source|18,3hop1__504362_443779_52195,wrong_source,evidence,write_note,18,2,20,0.9,log,lossless,second,0,0,0,18,18,1,1,evidence,evidence,,1,1,0,3592,198,11213,ba8b77f02b64574ea7e93ea62fa1fc123ccb9b7577129cf415e005a243f5b0a5,7d6b954b2d964f87be50e35fe6ee011a1fcad2f83428a0c4473bcb3228bd949d,glm-4.7-flash:q8_0,a035bf4bc812e1408631c2d2b14581b99dfe39f71d895aceb269b4a886080196,0.33.2,off,16384,9.93
3hop1__504362_443779_52195|wrong_source|18,3hop1__504362_443779_52195,wrong_source,evidence,write_note,18,2,20,0.9,diff,lossless,second,0,0,0,18,18,1,1,evidence,evidence,,1,1,0,5000,161,15954,580493953bfd9de6d0b2d1d8a4f1e43ab9de066daab1e45d308f79bb0263f1ee,ebcfc8cf534dd329084078be3f67550b78b67a41c1c772a22c12469752051d13,glm-4.7-flash:q8_0,a035bf4bc812e1408631c2d2b14581b99dfe39f71d895aceb269b4a886080196,0.33.2,off,16384,12.93
3hop1__504362_443779_52195|wrong_source|18,3hop1__504362_443779_52195,wrong_source,evidence,write_note,18,2,20,0.9,prov,lossless,second,0,0,0,18,18,1,1,evidence,evidence,,1,1,0,4487,174,13993,168bfa490b87987c32e9abf27aba2b17c5b1e85904f1f25d9f267c0979b5b569,128f727f20ff2e40d15b2680c62414be065d112ed2b76c089bd4415a135da486,glm-4.7-flash:q8_0,a035bf4bc812e1408631c2d2b14581b99dfe39f71d895aceb269b4a886080196,0.33.2,off,16384,12.06
3hop1__315504_629431_124169|corrupted_output|4,3hop1__315504_629431_124169,corrupted_output,tool,read,4,0,28,0.143,log,lossless,second,0,0,0,6,4,0,1,evidence,tool,,1,1,0,4438,235,13848,ba8b77f02b64574ea7e93ea62fa1fc123ccb9b7577129cf415e005a243f5b0a5,85ba7277e5f2498b49767f0eb92ac589196479fdb30cd7352f62ada4071cf49e,glm-4.7-flash:q8_0,a035bf4bc812e1408631c2d2b14581b99dfe39f71d895aceb269b4a886080196,0.33.2,off,16384,16.14
3hop1__315504_629431_124169|corrupted_output|4,3hop1__315504_629431_124169,corrupted_output,tool,read,4,0,28,0.143,diff,lossless,second,0,0,0,4,4,1,1,tool,tool,,0,1,0,5989,559,19082,580493953bfd9de6d0b2d1d8a4f1e43ab9de066daab1e45d308f79bb0263f1ee,c8e8ef6849e8bb1a6e45d488c496cb34f89b5f8e0d841250e69353445b566895,glm-4.7-flash:q8_0,a035bf4bc812e1408631c2d2b14581b99dfe39f71d895aceb269b4a886080196,0.33.2,off,16384,32.05
3hop1__315504_629431_124169|corrupted_output|4,3hop1__315504_629431_124169,corrupted_output,tool,read,4,0,28,0.143,prov,lossless,second,0,0,0,,4,0,0,none,tool,,0,1,0,5679,166,17636,168bfa490b87987c32e9abf27aba2b17c5b1e85904f1f25d9f267c0979b5b569,85f97b78152f0b8e0907008c90a0b7a5f2a346a48327019a17452ca2d08e72bb,glm-4.7-flash:q8_0,a035bf4bc812e1408631c2d2b14581b99dfe39f71d895aceb269b4a886080196,0.33.2,off,16384,19.27
3hop1__315504_629431_124169|dropped_note|12,3hop1__315504_629431_124169,dropped_note,state,write_note,12,1,20,0.6,log,lossless,second,0,0,0,12,12,1,1,evidence,state,,1,1,0,3399,206,10100,ba8b77f02b64574ea7e93ea62fa1fc123ccb9b7577129cf415e005a243f5b0a5,f5fcb59a32066b0680d6e5d79afbe618890b707c5bb3ff00c862b01df91efbbc,glm-4.7-flash:q8_0,a035bf4bc812e1408631c2d2b14581b99dfe39f71d895aceb269b4a886080196,0.33.2,off,16384,12.03
3hop1__315504_629431_124169|dropped_note|12,3hop1__315504_629431_124169,dropped_note,state,write_note,12,1,20,0.6,diff,lossless,second,0,0,0,,12,0,0,none,state,,0,1,0,4498,160,13911,580493953bfd9de6d0b2d1d8a4f1e43ab9de066daab1e45d308f79bb0263f1ee,c0fa7ccd23ec5757f277a74fef4ee5521c45f6b01aa9cc04b3c38b455bdd5a7d,glm-4.7-flash:q8_0,a035bf4bc812e1408631c2d2b14581b99dfe39f71d895aceb269b4a886080196,0.33.2,off,16384,14.77
3hop1__315504_629431_124169|dropped_note|12,3hop1__315504_629431_124169,dropped_note,state,write_note,12,1,20,0.6,prov,lossless,second,0,0,0,18,12,0,0,evidence,state,,0,1,0,4253,198,12704,168bfa490b87987c32e9abf27aba2b17c5b1e85904f1f25d9f267c0979b5b569,d4b1f5ba7b89953198dc5b2c45683d9427b65a77adfd1ed6a88f8d4667cbac13,glm-4.7-flash:q8_0,a035bf4bc812e1408631c2d2b14581b99dfe39f71d895aceb269b4a886080196,0.33.2,off,16384,14.49
3hop1__315504_629431_124169|no_source|12,3hop1__315504_629431_124169,no_source,evidence,write_note,12,1,20,0.6,log,lossless,second,0,0,0,12,12,1,1,evidence,evidence,,1,1,0,3416,122,10170,ba8b77f02b64574ea7e93ea62fa1fc123ccb9b7577129cf415e005a243f5b0a5,e6bd75b24b127103a0817e439e41d29a27120e29273c0fa76e8d22017180643a,glm-4.7-flash:q8_0,a035bf4bc812e1408631c2d2b14581b99dfe39f71d895aceb269b4a886080196,0.33.2,off,16384,7.04
3hop1__315504_629431_124169|no_source|12,3hop1__315504_629431_124169,no_source,evidence,write_note,12,1,20,0.6,diff,lossless,second,0,0,0,12,12,1,1,evidence,evidence,,0,1,0,4544,152,14068,580493953bfd9de6d0b2d1d8a4f1e43ab9de066daab1e45d308f79bb0263f1ee,68f4f10afbafbd4aa64f74d7cd4d7b3c700c0c2eb1d58b9528ecad95689bf978,glm-4.7-flash:q8_0,a035bf4bc812e1408631c2d2b14581b99dfe39f71d895aceb269b4a886080196,0.33.2,off,16384,8.71
3hop1__315504_629431_124169|no_source|12,3hop1__315504_629431_124169,no_source,evidence,write_note,12,1,20,0.6,prov,lossless,second,0,0,0,12,12,1,1,evidence,evidence,,1,1,0,4320,184,12921,168bfa490b87987c32e9abf27aba2b17c5b1e85904f1f25d9f267c0979b5b569,e6911a326a2e3dcfd30bc2bcaf90a648e124e949d19c4e0bcb2091e4ae87fbc5,glm-4.7-flash:q8_0,a035bf4bc812e1408631c2d2b14581b99dfe39f71d895aceb269b4a886080196,0.33.2,off,16384,9.46
3hop1__315504_629431_124169|overwritten_note|18,3hop1__315504_629431_124169,overwritten_note,state,write_note,18,2,20,0.9,log,lossless,second,0,0,0,,18,0,0,,state,,0,0,0,3403,1024,10140,ba8b77f02b64574ea7e93ea62fa1fc123ccb9b7577129cf415e005a243f5b0a5,1c4d0e9338088c449ff6e053652839dd85645bcaa833f1127405120c8fba3798,glm-4.7-flash:q8_0,a035bf4bc812e1408631c2d2b14581b99dfe39f71d895aceb269b4a886080196,0.33.2,off,16384,30.57
3hop1__315504_629431_124169|overwritten_note|18,3hop1__315504_629431_124169,overwritten_note,state,write_note,18,2,20,0.9,diff,lossless,second,0,0,0,18,18,1,1,state,state,,1,1,0,4541,154,14044,580493953bfd9de6d0b2d1d8a4f1e43ab9de066daab1e45d308f79bb0263f1ee,da89073b9b6483f8de976d69c4f0929456e53c3f4e5ee496dfbb6047f21de924,glm-4.7-flash:q8_0,a035bf4bc812e1408631c2d2b14581b99dfe39f71d895aceb269b4a886080196,0.33.2,off,16384,8.77
3hop1__315504_629431_124169|overwritten_note|18,3hop1__315504_629431_124169,overwritten_note,state,write_note,18,2,20,0.9,prov,lossless,second,0,0,0,,18,0,0,,state,,0,0,0,4310,1024,12882,168bfa490b87987c32e9abf27aba2b17c5b1e85904f1f25d9f267c0979b5b569,076068855707298da9e50134eecc9573eb7c84ab2a97148269b05e87fbc1ca46,glm-4.7-flash:q8_0,a035bf4bc812e1408631c2d2b14581b99dfe39f71d895aceb269b4a886080196,0.33.2,off,16384,33.05
3hop1__315504_629431_124169|sham|12,3hop1__315504_629431_124169,sham,none,write_note,12,1,20,0.6,log,lossless,second,0,1,0,12,,,,evidence,none,1,1,1,0,3414,192,10150,ba8b77f02b64574ea7e93ea62fa1fc123ccb9b7577129cf415e005a243f5b0a5,748a30eaf42efaaf9f211809251453831a8047cfb0e767878ea0d2d6ae97fa01,glm-4.7-flash:q8_0,a035bf4bc812e1408631c2d2b14581b99dfe39f71d895aceb269b4a886080196,0.33.2,off,16384,5.95
3hop1__315504_629431_124169|sham|12,3hop1__315504_629431_124169,sham,none,write_note,12,1,20,0.6,diff,lossless,second,0,1,0,12,,,,evidence,none,1,1,1,0,4551,152,14054,580493953bfd9de6d0b2d1d8a4f1e43ab9de066daab1e45d308f79bb0263f1ee,fd11eb6c7fac47c14e4793544a986ced8e9ac4dec8d316f660ef38f38e9c1c7e,glm-4.7-flash:q8_0,a035bf4bc812e1408631c2d2b14581b99dfe39f71d895aceb269b4a886080196,0.33.2,off,16384,5.31
3hop1__315504_629431_124169|sham|12,3hop1__315504_629431_124169,sham,none,write_note,12,1,20,0.6,prov,lossless,second,0,1,0,,,,,none,none,0,0,1,0,4348,138,12978,168bfa490b87987c32e9abf27aba2b17c5b1e85904f1f25d9f267c0979b5b569,5a0e0de85a0db58c6eebf3989f7c3a892b155b15344736795a0f269e596815bd,glm-4.7-flash:q8_0,a035bf4bc812e1408631c2d2b14581b99dfe39f71d895aceb269b4a886080196,0.33.2,off,16384,5.06
3hop1__315504_629431_124169|wrong_argument|14,3hop1__315504_629431_124169,wrong_argument,tool,search,14,2,26,0.538,log,lossless,second,0,0,0,14,14,1,1,tool,tool,,0,1,0,4346,119,13459,ba8b77f02b64574ea7e93ea62fa1fc123ccb9b7577129cf415e005a243f5b0a5,0e9f4836a302e989e6752fe9967427424a8875fb0358a4314ab23936c4b36328,glm-4.7-flash:q8_0,a035bf4bc812e1408631c2d2b14581b99dfe39f71d895aceb269b4a886080196,0.33.2,off,16384,8.62
3hop1__315504_629431_124169|wrong_argument|14,3hop1__315504_629431_124169,wrong_argument,tool,search,14,2,26,0.538,diff,lossless,second,0,0,0,14,14,1,1,tool,tool,,0,1,0,5844,150,18529,580493953bfd9de6d0b2d1d8a4f1e43ab9de066daab1e45d308f79bb0263f1ee,3494d9cbab1d6f50b4759e66305b5a0741e3e59c71a6f3918646d3685841b254,glm-4.7-flash:q8_0,a035bf4bc812e1408631c2d2b14581b99dfe39f71d895aceb269b4a886080196,0.33.2,off,16384,13.1
3hop1__315504_629431_124169|wrong_argument|14,3hop1__315504_629431_124169,wrong_argument,tool,search,14,2,26,0.538,prov,lossless,second,0,0,0,14,14,1,1,tool,tool,,0,1,0,5539,189,17072,168bfa490b87987c32e9abf27aba2b17c5b1e85904f1f25d9f267c0979b5b569,d747eb5acdb51e8e90fbba26ec005e230379b28f3aa7684341568c43e1f81ab4,glm-4.7-flash:q8_0,a035bf4bc812e1408631c2d2b14581b99dfe39f71d895aceb269b4a886080196,0.33.2,off,16384,13.56
3hop1__315504_629431_124169|wrong_source|12,3hop1__315504_629431_124169,wrong_source,evidence,write_note,12,0,26,0.462,log,lossless,second,0,0,0,12,12,1,1,evidence,evidence,,1,1,0,4293,194,13271,ba8b77f02b64574ea7e93ea62fa1fc123ccb9b7577129cf415e005a243f5b0a5,282405d6641d3978abff70e35858bb0ac8a491ad1757cb22f1cceac4bf2e9228,glm-4.7-flash:q8_0,a035bf4bc812e1408631c2d2b14581b99dfe39f71d895aceb269b4a886080196,0.33.2,off,16384,10.82
3hop1__315504_629431_124169|wrong_source|12,3hop1__315504_629431_124169,wrong_source,evidence,write_note,12,0,26,0.462,diff,lossless,second,0,0,0,12,12,1,1,evidence,evidence,,1,1,0,5778,127,18308,580493953bfd9de6d0b2d1d8a4f1e43ab9de066daab1e45d308f79bb0263f1ee,09678255b8ad2cfb966b331a9603b897b926d76b2ef114d7b6680c2aad6a53e2,glm-4.7-flash:q8_0,a035bf4bc812e1408631c2d2b14581b99dfe39f71d895aceb269b4a886080196,0.33.2,off,16384,12.72
3hop1__315504_629431_124169|wrong_source|12,3hop1__315504_629431_124169,wrong_source,evidence,write_note,12,0,26,0.462,prov,lossless,second,0,0,0,12,12,1,1,evidence,evidence,,1,1,0,5474,155,16863,168bfa490b87987c32e9abf27aba2b17c5b1e85904f1f25d9f267c0979b5b569,ea4778edcb11b865258c5c34470f5b0b9f9bf088e1def097070d79d19c7f7ea7,glm-4.7-flash:q8_0,a035bf4bc812e1408631c2d2b14581b99dfe39f71d895aceb269b4a886080196,0.33.2,off,16384,12.9
3hop2__11282_57233_56883|corrupted_output|8,3hop2__11282_57233_56883,corrupted_output,tool,search,8,2,38,0.211,log,lossless,second,0,0,0,12,8,0,0,evidence,tool,,1,1,0,3059,171,9705,ba8b77f02b64574ea7e93ea62fa1fc123ccb9b7577129cf415e005a243f5b0a5,ccff13a8830e2dfafffcdd50efe6b52a37a9fdff1b5bc0628f542bc9a54d7d4f,glm-4.7-flash:q8_0,a035bf4bc812e1408631c2d2b14581b99dfe39f71d895aceb269b4a886080196,0.33.2,off,16384,9.99
3hop2__11282_57233_56883|corrupted_output|8,3hop2__11282_57233_56883,corrupted_output,tool,search,8,2,38,0.211,diff,lossless,second,0,0,0,12,8,0,0,evidence,tool,,1,1,0,4132,141,12890,580493953bfd9de6d0b2d1d8a4f1e43ab9de066daab1e45d308f79bb0263f1ee,11a3350e2e6a68276dc088d000cfc4a5b1fa6d4d318cc555197ec75214e34875,glm-4.7-flash:q8_0,a035bf4bc812e1408631c2d2b14581b99dfe39f71d895aceb269b4a886080196,0.33.2,off,16384,12.52
3hop2__11282_57233_56883|corrupted_output|8,3hop2__11282_57233_56883,corrupted_output,tool,search,8,2,38,0.211,prov,lossless,second,0,0,0,6,8,0,1,evidence,tool,,0,1,0,4249,167,13294,168bfa490b87987c32e9abf27aba2b17c5b1e85904f1f25d9f267c0979b5b569,b78bdee065c4b54cf25de698b6fd179029482581d2f883618c21cde882dd3057,glm-4.7-flash:q8_0,a035bf4bc812e1408631c2d2b14581b99dfe39f71d895aceb269b4a886080196,0.33.2,off,16384,14.59
3hop2__11282_57233_56883|dropped_note|12,3hop2__11282_57233_56883,dropped_note,state,write_note,12,2,14,0.857,log,lossless,second,0,0,0,6,12,0,0,evidence,state,,1,1,0,2175,248,6119,ba8b77f02b64574ea7e93ea62fa1fc123ccb9b7577129cf415e005a243f5b0a5,aef1428e9d4862c8bded8444481bf181204fc86002545234692813f5f3f3d8ff,glm-4.7-flash:q8_0,a035bf4bc812e1408631c2d2b14581b99dfe39f71d895aceb269b4a886080196,0.33.2,off,16384,7.85
3hop2__11282_57233_56883|dropped_note|12,3hop2__11282_57233_56883,dropped_note,state,write_note,12,2,14,0.857,diff,lossless,second,0,0,0,12,12,1,1,evidence,state,,1,1,0,2748,131,8070,580493953bfd9de6d0b2d1d8a4f1e43ab9de066daab1e45d308f79bb0263f1ee,9c54b90217ee868808a279178943f04d72e67963bd5246110ecf2b18f237f012,glm-4.7-flash:q8_0,a035bf4bc812e1408631c2d2b14581b99dfe39f71d895aceb269b4a886080196,0.33.2,off,16384,6.2
3hop2__11282_57233_56883|dropped_note|12,3hop2__11282_57233_56883,dropped_note,state,write_note,12,2,14,0.857,prov,lossless,second,0,0,0,6,12,0,0,evidence,state,,1,1,0,2725,206,7774,168bfa490b87987c32e9abf27aba2b17c5b1e85904f1f25d9f267c0979b5b569,32c7de6c24b2388a277f7566fe18035df6376501bba558dde60ab641e4d2048d,glm-4.7-flash:q8_0,a035bf4bc812e1408631c2d2b14581b99dfe39f71d895aceb269b4a886080196,0.33.2,off,16384,7.51
3hop2__11282_57233_56883|no_source|12,3hop2__11282_57233_56883,no_source,evidence,write_note,12,2,14,0.857,log,lossless,second,0,0,0,12,12,1,1,state,evidence,,0,1,0,2180,159,6154,ba8b77f02b64574ea7e93ea62fa1fc123ccb9b7577129cf415e005a243f5b0a5,1f02d496d8e7557cb676de473791d7b6add24562898d0fcc1afbb80ec0ab16fb,glm-4.7-flash:q8_0,a035bf4bc812e1408631c2d2b14581b99dfe39f71d895aceb269b4a886080196,0.33.2,off,16384,4.36
3hop2__11282_57233_56883|no_source|12,3hop2__11282_57233_56883,no_source,evidence,write_note,12,2,14,0.857,diff,lossless,second,0,0,0,12,12,1,1,evidence,evidence,,1,1,0,2788,146,8238,580493953bfd9de6d0b2d1d8a4f1e43ab9de066daab1e45d308f79bb0263f1ee,ecd9a3373399ea2cd8cb77caad5d8f12e6dc92df5ea026dd1155cce4931153c8,glm-4.7-flash:q8_0,a035bf4bc812e1408631c2d2b14581b99dfe39f71d895aceb269b4a886080196,0.33.2,off,16384,4.44
3hop2__11282_57233_56883|no_source|12,3hop2__11282_57233_56883,no_source,evidence,write_note,12,2,14,0.857,prov,lossless,second,0,0,0,12,12,1,1,evidence,evidence,,0,1,0,2802,137,8055,168bfa490b87987c32e9abf27aba2b17c5b1e85904f1f25d9f267c0979b5b569,237485053fa035f3eaeea1f2171a6dd16db0f1d0ee2b1807383ec90b5aae6fb4,glm-4.7-flash:q8_0,a035bf4bc812e1408631c2d2b14581b99dfe39f71d895aceb269b4a886080196,0.33.2,off,16384,4.31
3hop2__11282_57233_56883|overwritten_note|12,3hop2__11282_57233_56883,overwritten_note,state,write_note,12,1,14,0.857,log,lossless,second,0,0,0,12,12,1,1,state,state,,1,1,0,2187,243,6163,ba8b77f02b64574ea7e93ea62fa1fc123ccb9b7577129cf415e005a243f5b0a5,cfaf01df213f887f5233d20eb442587dd94949880996159f1c723ed9790ec24b,glm-4.7-flash:q8_0,a035bf4bc812e1408631c2d2b14581b99dfe39f71d895aceb269b4a886080196,0.33.2,off,16384,6.5
3hop2__11282_57233_56883|overwritten_note|12,3hop2__11282_57233_56883,overwritten_note,state,write_note,12,1,14,0.857,diff,lossless,second,0,0,0,12,12,1,1,state,state,,1,1,0,2804,150,8257,580493953bfd9de6d0b2d1d8a4f1e43ab9de066daab1e45d308f79bb0263f1ee,af5ed9c1e4e71a30301fc8edf4877c5a9902a8afc9c895503f9798cddfb25cb8,glm-4.7-flash:q8_0,a035bf4bc812e1408631c2d2b14581b99dfe39f71d895aceb269b4a886080196,0.33.2,off,16384,4.64
3hop2__11282_57233_56883|overwritten_note|12,3hop2__11282_57233_56883,overwritten_note,state,write_note,12,1,14,0.857,prov,lossless,second,0,0,0,12,12,1,1,state,state,,1,1,0,2814,252,8062,168bfa490b87987c32e9abf27aba2b17c5b1e85904f1f25d9f267c0979b5b569,9a0dd9407a0e0035b881c945e59626f89e5b0db879c49efa31e9df5c0f52ee64,glm-4.7-flash:q8_0,a035bf4bc812e1408631c2d2b14581b99dfe39f71d895aceb269b4a886080196,0.33.2,off,16384,7.37
3hop2__11282_57233_56883|sham|12,3hop2__11282_57233_56883,sham,none,write_note,12,1,14,0.857,log,lossless,second,0,1,0,6,,,,evidence,none,1,0,1,0,2197,175,6174,ba8b77f02b64574ea7e93ea62fa1fc123ccb9b7577129cf415e005a243f5b0a5,f346b931e49628f2c9393d2df924fa7c1b685973b3cb86d3e8fd05f5bccece9f,glm-4.7-flash:q8_0,a035bf4bc812e1408631c2d2b14581b99dfe39f71d895aceb269b4a886080196,0.33.2,off,16384,4.77
3hop2__11282_57233_56883|sham|12,3hop2__11282_57233_56883,sham,none,write_note,12,1,14,0.857,diff,lossless,second,0,1,0,12,,,,evidence,none,1,1,1,0,2813,141,8268,580493953bfd9de6d0b2d1d8a4f1e43ab9de066daab1e45d308f79bb0263f1ee,cca4f2550b7dc3c8066e68a69d10da4b502a50b7c2d80cb44f5fd60cafbbbff1,glm-4.7-flash:q8_0,a035bf4bc812e1408631c2d2b14581b99dfe39f71d895aceb269b4a886080196,0.33.2,off,16384,4.31
3hop2__11282_57233_56883|sham|12,3hop2__11282_57233_56883,sham,none,write_note,12,1,14,0.857,prov,lossless,second,0,1,0,6,,,,evidence,none,1,0,1,0,2847,176,8153,168bfa490b87987c32e9abf27aba2b17c5b1e85904f1f25d9f267c0979b5b569,84ff8d18e6fdaed037326efb889c64902749ebe2fe9a9c78d6273e6fd98a8b6c,glm-4.7-flash:q8_0,a035bf4bc812e1408631c2d2b14581b99dfe39f71d895aceb269b4a886080196,0.33.2,off,16384,5.35
3hop2__11282_57233_56883|wrong_argument|4,3hop2__11282_57233_56883,wrong_argument,tool,read,4,0,14,0.286,log,lossless,second,0,0,0,6,4,0,1,evidence,tool,,0,1,0,2183,251,6104,ba8b77f02b64574ea7e93ea62fa1fc123ccb9b7577129cf415e005a243f5b0a5,2eb218b0c7ae250186d14532a33d111b21828f54db4f1dfde2c946c3fbe867dc,glm-4.7-flash:q8_0,a035bf4bc812e1408631c2d2b14581b99dfe39f71d895aceb269b4a886080196,0.33.2,off,16384,8.61
3hop2__11282_57233_56883|wrong_argument|4,3hop2__11282_57233_56883,wrong_argument,tool,read,4,0,14,0.286,diff,lossless,second,0,0,0,6,4,0,1,evidence,tool,,1,1,0,2776,182,8079,580493953bfd9de6d0b2d1d8a4f1e43ab9de066daab1e45d308f79bb0263f1ee,f271bae8b45776ac0ae4149a0714dd75a97bd8d0af474524b84ed10c359af259,glm-4.7-flash:q8_0,a035bf4bc812e1408631c2d2b14581b99dfe39f71d895aceb269b4a886080196,0.33.2,off,16384,8.29
3hop2__11282_57233_56883|wrong_argument|4,3hop2__11282_57233_56883,wrong_argument,tool,read,4,0,14,0.286,prov,lossless,second,0,0,0,,4,0,0,none,tool,,0,1,0,2837,124,8121,168bfa490b87987c32e9abf27aba2b17c5b1e85904f1f25d9f267c0979b5b569,8ff4c4f472af1e97c6d16e9d9f26fabb5ffab5a8bf2f8e6fce4e8e44dffaa6a0,glm-4.7-flash:q8_0,a035bf4bc812e1408631c2d2b14581b99dfe39f71d895aceb269b4a886080196,0.33.2,off,16384,6.81
3hop2__11282_57233_56883|wrong_source|12,3hop2__11282_57233_56883,wrong_source,evidence,write_note,12,1,14,0.857,log,lossless,second,0,0,0,12,12,1,1,evidence,evidence,,1,1,0,2199,175,6174,ba8b77f02b64574ea7e93ea62fa1fc123ccb9b7577129cf415e005a243f5b0a5,9a395948d4250a344de9cf070e885267cdb4ae363393e997a925caeadaf97943,glm-4.7-flash:q8_0,a035bf4bc812e1408631c2d2b14581b99dfe39f71d895aceb269b4a886080196,0.33.2,off,16384,6.79
3hop2__11282_57233_56883|wrong_source|12,3hop2__11282_57233_56883,wrong_source,evidence,write_note,12,1,14,0.857,diff,lossless,second,0,0,0,12,12,1,1,evidence,evidence,,1,1,0,2816,151,8268,580493953bfd9de6d0b2d1d8a4f1e43ab9de066daab1e45d308f79bb0263f1ee,944629775ec828d873407b3c57ce482cf1d323244d9e7b7d383e89b569b10d4c,glm-4.7-flash:q8_0,a035bf4bc812e1408631c2d2b14581b99dfe39f71d895aceb269b4a886080196,0.33.2,off,16384,7.61
3hop2__11282_57233_56883|wrong_source|12,3hop2__11282_57233_56883,wrong_source,evidence,write_note,12,1,14,0.857,prov,lossless,second,0,0,0,12,12,1,1,evidence,evidence,,1,1,0,2850,153,8153,168bfa490b87987c32e9abf27aba2b17c5b1e85904f1f25d9f267c0979b5b569,0d54a0894804677bf9cffb37bd38cacfcc6c7c9acd8bff3a69b529684709392c,glm-4.7-flash:q8_0,a035bf4bc812e1408631c2d2b14581b99dfe39f71d895aceb269b4a886080196,0.33.2,off,16384,7.61
3hop1__529164_567566_84283|corrupted_output|16,3hop1__529164_567566_84283,corrupted_output,tool,read,16,2,28,0.571,log,lossless,second,0,0,0,18,16,0,1,evidence,tool,,1,1,0,3957,286,12765,ba8b77f02b64574ea7e93ea62fa1fc123ccb9b7577129cf415e005a243f5b0a5,88a79fb8c7467ef6c4b231cd01f0ba98290e19d647d67feeb7693a572ad59202,glm-4.7-flash:q8_0,a035bf4bc812e1408631c2d2b14581b99dfe39f71d895aceb269b4a886080196,0.33.2,off,16384,16.0
3hop1__529164_567566_84283|corrupted_output|16,3hop1__529164_567566_84283,corrupted_output,tool,read,16,2,28,0.571,diff,lossless,second,0,0,0,12,16,0,0,evidence,tool,,1,1,0,5373,210,17613,580493953bfd9de6d0b2d1d8a4f1e43ab9de066daab1e45d308f79bb0263f1ee,cf779eb557a75bd27480ce34e3957c035e6e3c596890f9fb227d201c75c46423,glm-4.7-flash:q8_0,a035bf4bc812e1408631c2d2b14581b99dfe39f71d895aceb269b4a886080196,0.33.2,off,16384,19.05
3hop1__529164_567566_84283|corrupted_output|16,3hop1__529164_567566_84283,corrupted_output,tool,read,16,2,28,0.571,prov,lossless,second,0,0,0,26,16,0,0,evidence,tool,,0,1,0,5178,174,16492,168bfa490b87987c32e9abf27aba2b17c5b1e85904f1f25d9f267c0979b5b569,39ebf358bcd0973f54722e7db971df28eaa6c894b78bf350bb2cb1df6147be6a,glm-4.7-flash:q8_0,a035bf4bc812e1408631c2d2b14581b99dfe39f71d895aceb269b4a886080196,0.33.2,off,16384,17.28
3hop1__529164_567566_84283|dropped_note|6,3hop1__529164_567566_84283,dropped_note,state,write_note,6,0,20,0.3,log,lossless,second,0,0,0,,6,0,0,none,state,,0,1,0,3053,744,9353,ba8b77f02b64574ea7e93ea62fa1fc123ccb9b7577129cf415e005a243f5b0a5,800cae295c02b350bbf3c9e4346b593181dffec21a074864075208c41c487a36,glm-4.7-flash:q8_0,a035bf4bc812e1408631c2d2b14581b99dfe39f71d895aceb269b4a886080196,0.33.2,off,16384,23.79
3hop1__529164_567566_84283|dropped_note|6,3hop1__529164_567566_84283,dropped_note,state,write_note,6,0,20,0.3,diff,lossless,second,0,0,0,,6,0,0,none,state,,0,1,0,4051,143,12750,580493953bfd9de6d0b2d1d8a4f1e43ab9de066daab1e45d308f79bb0263f1ee,7d2c7205276d46345de50fcc25cdad5b41b0be3ea617c0ed3f30c395151e0c5d,glm-4.7-flash:q8_0,a035bf4bc812e1408631c2d2b14581b99dfe39f71d895aceb269b4a886080196,0.33.2,off,16384,10.86
3hop1__529164_567566_84283|dropped_note|6,3hop1__529164_567566_84283,dropped_note,state,write_note,6,0,20,0.3,prov,lossless,second,0,0,0,,6,0,0,,state,,0,0,0,3895,1024,11907,168bfa490b87987c32e9abf27aba2b17c5b1e85904f1f25d9f267c0979b5b569,03ab13e6c6981e021b5ba7fbd87d328c64db82b347a102751984af1bfae7cdd4,glm-4.7-flash:q8_0,a035bf4bc812e1408631c2d2b14581b99dfe39f71d895aceb269b4a886080196,0.33.2,off,16384,34.12
3hop1__529164_567566_84283|no_source|6,3hop1__529164_567566_84283,no_source,evidence,write_note,6,0,38,0.158,log,lossless,second,0,0,0,38,6,0,0,evidence,evidence,,1,1,0,5489,178,18722,ba8b77f02b64574ea7e93ea62fa1fc123ccb9b7577129cf415e005a243f5b0a5,eb25a7e9c55ed6fd902565cbaac6e2177535f3587f9abc55bad7db1b57aa0105,glm-4.7-flash:q8_0,a035bf4bc812e1408631c2d2b14581b99dfe39f71d895aceb269b4a886080196,0.33.2,off,16384,17.29
3hop1__529164_567566_84283|no_source|6,3hop1__529164_567566_84283,no_source,evidence,write_note,6,0,38,0.158,diff,lossless,second,0,0,0,38,6,0,0,evidence,evidence,,1,1,0,7216,174,24528,580493953bfd9de6d0b2d1d8a4f1e43ab9de066daab1e45d308f79bb0263f1ee,52bf8af78997395843cabe76f2a668ec7143d43a00c49bab000dbded15f554e7,glm-4.7-flash:q8_0,a035bf4bc812e1408631c2d2b14581b99dfe39f71d895aceb269b4a886080196,0.33.2,off,16384,24.07
3hop1__529164_567566_84283|no_source|6,3hop1__529164_567566_84283,no_source,evidence,write_note,6,0,38,0.158,prov,lossless,second,0,0,0,6,6,1,1,evidence,evidence,,0,1,0,7003,306,23403,168bfa490b87987c32e9abf27aba2b17c5b1e85904f1f25d9f267c0979b5b569,93d1e5ae7933260a88771d37eb7b04ed287b8797acfcfc5252db15a9f3fdda82,glm-4.7-flash:q8_0,a035bf4bc812e1408631c2d2b14581b99dfe39f71d895aceb269b4a886080196,0.33.2,off,16384,27.26
3hop1__529164_567566_84283|overwritten_note|18,3hop1__529164_567566_84283,overwritten_note,state,write_note,18,2,20,0.9,log,lossless,second,0,0,0,12,18,0,0,evidence,state,,0,1,0,3058,205,9392,ba8b77f02b64574ea7e93ea62fa1fc123ccb9b7577129cf415e005a243f5b0a5,27fb50a62948bb9f742a1fbe03bb130171115e770ee2e009632d846836d0ef4a,glm-4.7-flash:q8_0,a035bf4bc812e1408631c2d2b14581b99dfe39f71d895aceb269b4a886080196,0.33.2,off,16384,10.95
3hop1__529164_567566_84283|overwritten_note|18,3hop1__529164_567566_84283,overwritten_note,state,write_note,18,2,20,0.9,diff,lossless,second,0,0,0,18,18,1,1,evidence,state,,1,1,0,4097,173,12912,580493953bfd9de6d0b2d1d8a4f1e43ab9de066daab1e45d308f79bb0263f1ee,2cd8efaa7ae342c901bcf880bf7ef1b80692c7edaa334487316005e22484fc11,glm-4.7-flash:q8_0,a035bf4bc812e1408631c2d2b14581b99dfe39f71d895aceb269b4a886080196,0.33.2,off,16384,14.04
3hop1__529164_567566_84283|overwritten_note|18,3hop1__529164_567566_84283,overwritten_note,state,write_note,18,2,20,0.9,prov,lossless,second,0,0,0,18,18,1,1,evidence,state,,1,1,0,3958,207,12127,168bfa490b87987c32e9abf27aba2b17c5b1e85904f1f25d9f267c0979b5b569,4c9d7109abecc57f704cb98bce51f96144571912e0076ee9e82b56559a61e29f,glm-4.7-flash:q8_0,a035bf4bc812e1408631c2d2b14581b99dfe39f71d895aceb269b4a886080196,0.33.2,off,16384,14.35
3hop1__529164_567566_84283|sham|12,3hop1__529164_567566_84283,sham,none,write_note,12,1,20,0.6,log,lossless,second,0,1,0,12,,,,evidence,none,1,1,1,0,3065,191,9391,ba8b77f02b64574ea7e93ea62fa1fc123ccb9b7577129cf415e005a243f5b0a5,7accf989b95371ae96363841029fa8b6a3333bcde024df9dab2c090f9f2884ff,glm-4.7-flash:q8_0,a035bf4bc812e1408631c2d2b14581b99dfe39f71d895aceb269b4a886080196,0.33.2,off,16384,6.18
3hop1__529164_567566_84283|sham|12,3hop1__529164_567566_84283,sham,none,write_note,12,1,20,0.6,diff,lossless,second,0,1,0,12,,,,evidence,none,1,1,1,0,4103,116,12911,580493953bfd9de6d0b2d1d8a4f1e43ab9de066daab1e45d308f79bb0263f1ee,0f23a23aea5fae2e1ba29350a042ba0833be62da374599240076c055326accd4,glm-4.7-flash:q8_0,a035bf4bc812e1408631c2d2b14581b99dfe39f71d895aceb269b4a886080196,0.33.2,off,16384,4.09
3hop1__529164_567566_84283|sham|12,3hop1__529164_567566_84283,sham,none,write_note,12,1,20,0.6,prov,lossless,second,0,1,0,12,,,,evidence,none,1,0,1,0,3980,252,12159,168bfa490b87987c32e9abf27aba2b17c5b1e85904f1f25d9f267c0979b5b569,cd2655b55810cde6ab529a6adfd3e239c022cbffce0aa8934352038b10c6d554,glm-4.7-flash:q8_0,a035bf4bc812e1408631c2d2b14581b99dfe39f71d895aceb269b4a886080196,0.33.2,off,16384,7.96
3hop1__529164_567566_84283|wrong_argument|14,3hop1__529164_567566_84283,wrong_argument,tool,search,14,2,38,0.368,log,lossless,second,0,0,0,30,14,0,0,tool,tool,,0,1,0,5543,227,19021,ba8b77f02b64574ea7e93ea62fa1fc123ccb9b7577129cf415e005a243f5b0a5,aaa54100a2dd5e3126c7d476eb4be5a0972df8b06fbe7389af507917ac1b4e9d,glm-4.7-flash:q8_0,a035bf4bc812e1408631c2d2b14581b99dfe39f71d895aceb269b4a886080196,0.33.2,off,16384,16.94
3hop1__529164_567566_84283|wrong_argument|14,3hop1__529164_567566_84283,wrong_argument,tool,search,14,2,38,0.368,diff,lossless,second,0,0,0,14,14,1,1,tool,tool,,0,1,0,7274,153,24809,580493953bfd9de6d0b2d1d8a4f1e43ab9de066daab1e45d308f79bb0263f1ee,46d7c07c13b1a2b9b1d85cc70e608507ccde64d8e9cdd2a01cea0a3369b6d074,glm-4.7-flash:q8_0,a035bf4bc812e1408631c2d2b14581b99dfe39f71d895aceb269b4a886080196,0.33.2,off,16384,20.63
3hop1__529164_567566_84283|wrong_argument|14,3hop1__529164_567566_84283,wrong_argument,tool,search,14,2,38,0.368,prov,lossless,second,0,0,0,14,14,1,1,tool,tool,,0,1,0,7105,154,23892,168bfa490b87987c32e9abf27aba2b17c5b1e85904f1f25d9f267c0979b5b569,88f645d411471b70524214d27e3c05a0cc8550ce35994eaf1acc3aec2c53454e,glm-4.7-flash:q8_0,a035bf4bc812e1408631c2d2b14581b99dfe39f71d895aceb269b4a886080196,0.33.2,off,16384,20.19
3hop1__529164_567566_84283|wrong_source|18,3hop1__529164_567566_84283,wrong_source,evidence,write_note,18,2,20,0.9,log,lossless,second,0,0,0,18,18,1,1,evidence,evidence,,1,1,0,3065,198,9391,ba8b77f02b64574ea7e93ea62fa1fc123ccb9b7577129cf415e005a243f5b0a5,664fe210639d74dee4c28cf8d5c4600ccc0b090dab66f526cf17c2f3e7a9685d,glm-4.7-flash:q8_0,a035bf4bc812e1408631c2d2b14581b99dfe39f71d895aceb269b4a886080196,0.33.2,off,16384,7.48
3hop1__529164_567566_84283|wrong_source|18,3hop1__529164_567566_84283,wrong_source,evidence,write_note,18,2,20,0.9,diff,lossless,second,0,0,0,18,18,1,1,evidence,evidence,,1,1,0,4103,169,12911,580493953bfd9de6d0b2d1d8a4f1e43ab9de066daab1e45d308f79bb0263f1ee,48413185ec9d9cff966a9c7944950fce9776a4178437a242737ee8eb25d8597c,glm-4.7-flash:q8_0,a035bf4bc812e1408631c2d2b14581b99dfe39f71d895aceb269b4a886080196,0.33.2,off,16384,8.18
3hop1__529164_567566_84283|wrong_source|18,3hop1__529164_567566_84283,wrong_source,evidence,write_note,18,2,20,0.9,prov,lossless,second,0,0,0,18,18,1,1,evidence,evidence,,1,1,0,3980,151,12159,168bfa490b87987c32e9abf27aba2b17c5b1e85904f1f25d9f267c0979b5b569,ab924a709666aab256c210dfa141c95463ae84310540ccb0f79d121c718f1ec0,glm-4.7-flash:q8_0,a035bf4bc812e1408631c2d2b14581b99dfe39f71d895aceb269b4a886080196,0.33.2,off,16384,7.54
3hop2__792915_223623_162182|corrupted_output|2,3hop2__792915_223623_162182,corrupted_output,tool,search,2,0,26,0.077,log,lossless,second,0,0,0,24,2,0,0,evidence,tool,,0,1,0,3925,224,12359,ba8b77f02b64574ea7e93ea62fa1fc123ccb9b7577129cf415e005a243f5b0a5,98c17283580b7d59d3b9f582cf92f056f2735334480a675b3877169952501dbc,glm-4.7-flash:q8_0,a035bf4bc812e1408631c2d2b14581b99dfe39f71d895aceb269b4a886080196,0.33.2,off,16384,14.24
3hop2__792915_223623_162182|corrupted_output|2,3hop2__792915_223623_162182,corrupted_output,tool,search,2,0,26,0.077,diff,lossless,second,0,0,0,2,2,1,1,tool,tool,,0,1,0,5086,171,16220,580493953bfd9de6d0b2d1d8a4f1e43ab9de066daab1e45d308f79bb0263f1ee,ce66d6ee2ba60db78b73e44de151bd739ad12ba8f2086b84d42f894ca1c2967e,glm-4.7-flash:q8_0,a035bf4bc812e1408631c2d2b14581b99dfe39f71d895aceb269b4a886080196,0.33.2,off,16384,16.87
3hop2__792915_223623_162182|corrupted_output|2,3hop2__792915_223623_162182,corrupted_output,tool,search,2,0,26,0.077,prov,lossless,second,0,0,0,,2,0,0,none,tool,,0,1,0,5090,164,15965,168bfa490b87987c32e9abf27aba2b17c5b1e85904f1f25d9f267c0979b5b569,733a3cc5e4f07b391c406a1f0f309e827ad9aac8df4e074b8f510461d14c1f53,glm-4.7-flash:q8_0,a035bf4bc812e1408631c2d2b14581b99dfe39f71d895aceb269b4a886080196,0.33.2,off,16384,16.68
3hop2__792915_223623_162182|dropped_note|12,3hop2__792915_223623_162182,dropped_note,state,write_note,12,1,20,0.6,log,lossless,second,0,0,0,18,12,0,0,evidence,state,,1,1,0,2930,218,8386,ba8b77f02b64574ea7e93ea62fa1fc123ccb9b7577129cf415e005a243f5b0a5,359b1a55b44b6b11870e7830c75be3fbc755795df43b662105e80c60d1b5ab79,glm-4.7-flash:q8_0,a035bf4bc812e1408631c2d2b14581b99dfe39f71d895aceb269b4a886080196,0.33.2,off,16384,10.88
3hop2__792915_223623_162182|dropped_note|12,3hop2__792915_223623_162182,dropped_note,state,write_note,12,1,20,0.6,diff,lossless,second,0,0,0,2,12,0,0,tool,state,,0,1,0,3714,190,10854,580493953bfd9de6d0b2d1d8a4f1e43ab9de066daab1e45d308f79bb0263f1ee,6548f538980f485ecfdb969f7902d920d7e0c8f0dd6fd70b994b06155a870daa,glm-4.7-flash:q8_0,a035bf4bc812e1408631c2d2b14581b99dfe39f71d895aceb269b4a886080196,0.33.2,off,16384,13.31
3hop2__792915_223623_162182|dropped_note|12,3hop2__792915_223623_162182,dropped_note,state,write_note,12,1,20,0.6,prov,lossless,second,0,0,0,12,12,1,1,evidence,state,,0,1,0,3737,236,10819,168bfa490b87987c32e9abf27aba2b17c5b1e85904f1f25d9f267c0979b5b569,1743db406042e9ce5126a276a435d6d3197f04c7d708b8cecef6cb6755d44f4c,glm-4.7-flash:q8_0,a035bf4bc812e1408631c2d2b14581b99dfe39f71d895aceb269b4a886080196,0.33.2,off,16384,14.05
3hop2__792915_223623_162182|no_source|12,3hop2__792915_223623_162182,no_source,evidence,write_note,12,1,20,0.6,log,lossless,second,0,0,0,12,12,1,1,evidence,evidence,,1,1,0,2945,140,8510,ba8b77f02b64574ea7e93ea62fa1fc123ccb9b7577129cf415e005a243f5b0a5,3d39dee5de618ad771d268f5c39b3e57887b88d59b3497351811602905315973,glm-4.7-flash:q8_0,a035bf4bc812e1408631c2d2b14581b99dfe39f71d895aceb269b4a886080196,0.33.2,off,16384,6.0
3hop2__792915_223623_162182|no_source|12,3hop2__792915_223623_162182,no_source,evidence,write_note,12,1,20,0.6,diff,lossless,second,0,0,0,12,12,1,1,evidence,evidence,,1,1,0,3757,127,11086,580493953bfd9de6d0b2d1d8a4f1e43ab9de066daab1e45d308f79bb0263f1ee,5d919d5b150465bff701d30510bcb6bbdee1df7915317721f36acdeb9e291a9d,glm-4.7-flash:q8_0,a035bf4bc812e1408631c2d2b14581b99dfe39f71d895aceb269b4a886080196,0.33.2,off,16384,7.18
3hop2__792915_223623_162182|no_source|12,3hop2__792915_223623_162182,no_source,evidence,write_note,12,1,20,0.6,prov,lossless,second,0,0,0,12,12,1,1,evidence,evidence,,0,1,0,3792,303,11071,168bfa490b87987c32e9abf27aba2b17c5b1e85904f1f25d9f267c0979b5b569,4ff8d970afe4b9119552a2125fa8644e4e430edab4499dcbdf15c0d5c2340291,glm-4.7-flash:q8_0,a035bf4bc812e1408631c2d2b14581b99dfe39f71d895aceb269b4a886080196,0.33.2,off,16384,12.06
3hop2__792915_223623_162182|overwritten_note|18,3hop2__792915_223623_162182,overwritten_note,state,write_note,18,2,20,0.9,log,lossless,second,0,0,0,18,18,1,1,state,state,,1,1,0,2931,130,8410,ba8b77f02b64574ea7e93ea62fa1fc123ccb9b7577129cf415e005a243f5b0a5,c2aa1bfb7fc552788a08a57b038beb8c4cec29d04123982a038ddaa4c3b612bf,glm-4.7-flash:q8_0,a035bf4bc812e1408631c2d2b14581b99dfe39f71d895aceb269b4a886080196,0.33.2,off,16384,5.67
3hop2__792915_223623_162182|overwritten_note|18,3hop2__792915_223623_162182,overwritten_note,state,write_note,18,2,20,0.9,diff,lossless,second,0,0,0,18,18,1,1,state,state,,1,1,0,3752,180,10974,580493953bfd9de6d0b2d1d8a4f1e43ab9de066daab1e45d308f79bb0263f1ee,940f5397e94a289e6e5a28085f6805dd069a119991e2eace84121547cc9d9397,glm-4.7-flash:q8_0,a035bf4bc812e1408631c2d2b14581b99dfe39f71d895aceb269b4a886080196,0.33.2,off,16384,8.65
3hop2__792915_223623_162182|overwritten_note|18,3hop2__792915_223623_162182,overwritten_note,state,write_note,18,2,20,0.9,prov,lossless,second,0,0,0,18,18,1,1,state,state,,1,1,0,3786,170,10960,168bfa490b87987c32e9abf27aba2b17c5b1e85904f1f25d9f267c0979b5b569,e9ab4082f81596243410802cf90706705d6d97863abb424b36669c76a812e6f9,glm-4.7-flash:q8_0,a035bf4bc812e1408631c2d2b14581b99dfe39f71d895aceb269b4a886080196,0.33.2,off,16384,8.48
3hop2__792915_223623_162182|sham|12,3hop2__792915_223623_162182,sham,none,write_note,12,1,20,0.6,log,lossless,second,0,1,0,,,,,none,none,0,0,1,0,2941,296,8416,ba8b77f02b64574ea7e93ea62fa1fc123ccb9b7577129cf415e005a243f5b0a5,fa8ecb14891d6626d1031639785b39707fd710f2268c9999ca09df327f6ff418,glm-4.7-flash:q8_0,a035bf4bc812e1408631c2d2b14581b99dfe39f71d895aceb269b4a886080196,0.33.2,off,16384,8.28
3hop2__792915_223623_162182|sham|12,3hop2__792915_223623_162182,sham,none,write_note,12,1,20,0.6,diff,lossless,second,0,1,0,,,,,none,none,0,0,1,0,3761,164,10980,580493953bfd9de6d0b2d1d8a4f1e43ab9de066daab1e45d308f79bb0263f1ee,66d70b05bf398f2943689f55164aa735516576ad5e0f4b1464b9947f825e554e,glm-4.7-flash:q8_0,a035bf4bc812e1408631c2d2b14581b99dfe39f71d895aceb269b4a886080196,0.33.2,off,16384,5.42
3hop2__792915_223623_162182|sham|12,3hop2__792915_223623_162182,sham,none,write_note,12,1,20,0.6,prov,lossless,second,0,1,0,20,,,,evidence,none,1,1,1,0,3814,166,11016,168bfa490b87987c32e9abf27aba2b17c5b1e85904f1f25d9f267c0979b5b569,4227f66fcfd153257d2009a6f2d1cb34947e15f077a108062fe114b32a40313f,glm-4.7-flash:q8_0,a035bf4bc812e1408631c2d2b14581b99dfe39f71d895aceb269b4a886080196,0.33.2,off,16384,5.64
3hop2__792915_223623_162182|wrong_argument|16,3hop2__792915_223623_162182,wrong_argument,tool,read,16,2,28,0.571,log,lossless,second,0,0,0,18,16,0,1,evidence,tool,,0,1,0,3773,153,11424,ba8b77f02b64574ea7e93ea62fa1fc123ccb9b7577129cf415e005a243f5b0a5,8ccfacb0c2de7c97167ed475cc8e6dc40eaa5a516fa270a0a7752c0235d2be90,glm-4.7-flash:q8_0,a035bf4bc812e1408631c2d2b14581b99dfe39f71d895aceb269b4a886080196,0.33.2,off,16384,7.74
3hop2__792915_223623_162182|wrong_argument|16,3hop2__792915_223623_162182,wrong_argument,tool,read,16,2,28,0.571,diff,lossless,second,0,0,0,18,16,0,1,tool,tool,,0,1,0,4909,260,14967,580493953bfd9de6d0b2d1d8a4f1e43ab9de066daab1e45d308f79bb0263f1ee,4d6e094b849e52d59a036aac0b898998ecfd463e18775ff18ebab180feb3ec99,glm-4.7-flash:q8_0,a035bf4bc812e1408631c2d2b14581b99dfe39f71d895aceb269b4a886080196,0.33.2,off,16384,13.07
3hop2__792915_223623_162182|wrong_argument|16,3hop2__792915_223623_162182,wrong_argument,tool,read,16,2,28,0.571,prov,lossless,second,0,0,0,16,16,1,1,tool,tool,,0,1,0,4929,311,14858,168bfa490b87987c32e9abf27aba2b17c5b1e85904f1f25d9f267c0979b5b569,8eb7191102f5d39bb034aaf4cd87b7f5a3c3f8c1379a80fe8c3509c970b1c935,glm-4.7-flash:q8_0,a035bf4bc812e1408631c2d2b14581b99dfe39f71d895aceb269b4a886080196,0.33.2,off,16384,14.43
3hop2__792915_223623_162182|wrong_source|12,3hop2__792915_223623_162182,wrong_source,evidence,write_note,12,0,20,0.6,log,lossless,second,0,0,0,12,12,1,1,evidence,evidence,,1,1,0,2940,178,8401,ba8b77f02b64574ea7e93ea62fa1fc123ccb9b7577129cf415e005a243f5b0a5,6519243dbb1d1140776dba78973c8154a9c4b475b630329f52ab5fb75f6d48d9,glm-4.7-flash:q8_0,a035bf4bc812e1408631c2d2b14581b99dfe39f71d895aceb269b4a886080196,0.33.2,off,16384,6.91
3hop2__792915_223623_162182|wrong_source|12,3hop2__792915_223623_162182,wrong_source,evidence,write_note,12,0,20,0.6,diff,lossless,second,0,0,0,12,12,1,1,evidence,evidence,,1,1,0,3761,137,10965,580493953bfd9de6d0b2d1d8a4f1e43ab9de066daab1e45d308f79bb0263f1ee,4dedb572e17a037ea65ef2b69edc25327982a38f02da18d5cb61bc212535cd44,glm-4.7-flash:q8_0,a035bf4bc812e1408631c2d2b14581b99dfe39f71d895aceb269b4a886080196,0.33.2,off,16384,7.95
3hop2__792915_223623_162182|wrong_source|12,3hop2__792915_223623_162182,wrong_source,evidence,write_note,12,0,20,0.6,prov,lossless,second,0,0,0,12,12,1,1,evidence,evidence,,1,1,0,3813,155,11001,168bfa490b87987c32e9abf27aba2b17c5b1e85904f1f25d9f267c0979b5b569,7981a8e7a44b778182b904e8b0e99eb4b89b4b73bb017a4a0b9a3d0d6b412e38,glm-4.7-flash:q8_0,a035bf4bc812e1408631c2d2b14581b99dfe39f71d895aceb269b4a886080196,0.33.2,off,16384,8.05
3hop1__337705_132457_51423|corrupted_output|16,3hop1__337705_132457_51423,corrupted_output,tool,read,16,1,26,0.615,log,lossless,second,0,0,0,18,16,0,1,evidence,tool,,0,1,0,3661,191,11177,ba8b77f02b64574ea7e93ea62fa1fc123ccb9b7577129cf415e005a243f5b0a5,693378c26f698d32cb75a64ff6b8fba16d0fa62d287c43c2c3d1d327f67357cf,glm-4.7-flash:q8_0,a035bf4bc812e1408631c2d2b14581b99dfe39f71d895aceb269b4a886080196,0.33.2,off,16384,12.55
3hop1__337705_132457_51423|corrupted_output|16,3hop1__337705_132457_51423,corrupted_output,tool,read,16,1,26,0.615,diff,lossless,second,0,0,0,24,16,0,0,evidence,tool,,1,1,0,4795,192,14803,580493953bfd9de6d0b2d1d8a4f1e43ab9de066daab1e45d308f79bb0263f1ee,a6550a494b99585868d0053faa556b34cec845e5c18f2cc5547b9567c80d10ef,glm-4.7-flash:q8_0,a035bf4bc812e1408631c2d2b14581b99dfe39f71d895aceb269b4a886080196,0.33.2,off,16384,16.38
3hop1__337705_132457_51423|corrupted_output|16,3hop1__337705_132457_51423,corrupted_output,tool,read,16,1,26,0.615,prov,lossless,second,0,0,0,24,16,0,0,evidence,tool,,1,1,0,4786,163,14608,168bfa490b87987c32e9abf27aba2b17c5b1e85904f1f25d9f267c0979b5b569,95c8f74ce18414acbee2d2fa78a4e3dfab5a1c0f989dd08410a9800aa7985d26,glm-4.7-flash:q8_0,a035bf4bc812e1408631c2d2b14581b99dfe39f71d895aceb269b4a886080196,0.33.2,off,16384,15.53
3hop1__337705_132457_51423|dropped_note|24,3hop1__337705_132457_51423,dropped_note,state,write_note,24,2,26,0.923,log,lossless,second,0,0,0,26,24,0,1,evidence,state,,1,1,0,3651,268,11185,ba8b77f02b64574ea7e93ea62fa1fc123ccb9b7577129cf415e005a243f5b0a5,44fc7c26a49f5104f1ecc55f70a8aee8a29635bf0b83bb00ad5c43de30c0f7bd,glm-4.7-flash:q8_0,a035bf4bc812e1408631c2d2b14581b99dfe39f71d895aceb269b4a886080196,0.33.2,off,16384,10.53
3hop1__337705_132457_51423|dropped_note|24,3hop1__337705_132457_51423,dropped_note,state,write_note,24,2,26,0.923,diff,lossless,second,0,0,0,24,24,1,1,evidence,state,,1,1,0,4753,187,14726,580493953bfd9de6d0b2d1d8a4f1e43ab9de066daab1e45d308f79bb0263f1ee,3d86ba6e47d04ea544a9266a6d12a13ce6ec81bcda243934ef56c1b5ca84bb7a,glm-4.7-flash:q8_0,a035bf4bc812e1408631c2d2b14581b99dfe39f71d895aceb269b4a886080196,0.33.2,off,16384,11.68
3hop1__337705_132457_51423|dropped_note|24,3hop1__337705_132457_51423,dropped_note,state,write_note,24,2,26,0.923,prov,lossless,second,0,0,0,26,24,0,1,tool,state,,0,1,0,4691,242,14375,168bfa490b87987c32e9abf27aba2b17c5b1e85904f1f25d9f267c0979b5b569,4bd6bc309d24ce79835b3afdbc4e7cba98d659293531e341ce7eaff5bdff0523,glm-4.7-flash:q8_0,a035bf4bc812e1408631c2d2b14581b99dfe39f71d895aceb269b4a886080196,0.33.2,off,16384,11.52
3hop1__337705_132457_51423|no_source|24,3hop1__337705_132457_51423,no_source,evidence,write_note,24,2,26,0.923,log,lossless,second,0,0,0,24,24,1,1,evidence,evidence,,1,1,0,3655,154,11215,ba8b77f02b64574ea7e93ea62fa1fc123ccb9b7577129cf415e005a243f5b0a5,1481889522f05f7a6badc8f7f16f8e67c5f7b3641a807dc417b231c29230797c,glm-4.7-flash:q8_0,a035bf4bc812e1408631c2d2b14581b99dfe39f71d895aceb269b4a886080196,0.33.2,off,16384,4.78
3hop1__337705_132457_51423|no_source|24,3hop1__337705_132457_51423,no_source,evidence,write_note,24,2,26,0.923,diff,lossless,second,0,0,0,24,24,1,1,evidence,evidence,,1,1,0,4792,134,14888,580493953bfd9de6d0b2d1d8a4f1e43ab9de066daab1e45d308f79bb0263f1ee,764e90dc7c6d46115ec05747b9ee0bf6fb884afc7f609424e2abf8a7d736f2d3,glm-4.7-flash:q8_0,a035bf4bc812e1408631c2d2b14581b99dfe39f71d895aceb269b4a886080196,0.33.2,off,16384,4.75
3hop1__337705_132457_51423|no_source|24,3hop1__337705_132457_51423,no_source,evidence,write_note,24,2,26,0.923,prov,lossless,second,0,0,0,24,24,1,1,evidence,evidence,,1,1,0,4764,198,14635,168bfa490b87987c32e9abf27aba2b17c5b1e85904f1f25d9f267c0979b5b569,b1f1bde89f7ea1af0191507abea91ebcd90529f941df054dcbefec585279a3d5,glm-4.7-flash:q8_0,a035bf4bc812e1408631c2d2b14581b99dfe39f71d895aceb269b4a886080196,0.33.2,off,16384,6.65
3hop1__337705_132457_51423|overwritten_note|12,3hop1__337705_132457_51423,overwritten_note,state,write_note,12,0,26,0.462,log,lossless,second,0,0,0,12,12,1,1,tool,state,,0,1,0,3673,543,11244,ba8b77f02b64574ea7e93ea62fa1fc123ccb9b7577129cf415e005a243f5b0a5,d88bdf2f8f05aa9afa000cd7affaeaed4927c69b3bb7d0af218cfdad35f61af5,glm-4.7-flash:q8_0,a035bf4bc812e1408631c2d2b14581b99dfe39f71d895aceb269b4a886080196,0.33.2,off,16384,19.29
3hop1__337705_132457_51423|overwritten_note|12,3hop1__337705_132457_51423,overwritten_note,state,write_note,12,0,26,0.462,diff,lossless,second,0,0,0,12,12,1,1,evidence,state,,1,1,0,4818,142,14927,580493953bfd9de6d0b2d1d8a4f1e43ab9de066daab1e45d308f79bb0263f1ee,6724ba2c8a5c03863613a4496d6a89c572e8353bfd14b67e9ec341bb6eba8621,glm-4.7-flash:q8_0,a035bf4bc812e1408631c2d2b14581b99dfe39f71d895aceb269b4a886080196,0.33.2,off,16384,11.19
3hop1__337705_132457_51423|overwritten_note|12,3hop1__337705_132457_51423,overwritten_note,state,write_note,12,0,26,0.462,prov,lossless,second,0,0,0,12,12,1,1,state,state,,1,1,0,4811,142,14752,168bfa490b87987c32e9abf27aba2b17c5b1e85904f1f25d9f267c0979b5b569,432e109722928acbadc785c3b4730ce065e387d2a09d904a24a663f444813ab3,glm-4.7-flash:q8_0,a035bf4bc812e1408631c2d2b14581b99dfe39f71d895aceb269b4a886080196,0.33.2,off,16384,11.07
3hop1__337705_132457_51423|sham|18,3hop1__337705_132457_51423,sham,none,write_note,18,1,26,0.692,log,lossless,second,0,1,0,18,,,,evidence,none,1,1,1,0,3672,184,11235,ba8b77f02b64574ea7e93ea62fa1fc123ccb9b7577129cf415e005a243f5b0a5,84a6040143e4087e7ec6c8bce077dc7cdc2225d8a86220d63092bf3662cfebc9,glm-4.7-flash:q8_0,a035bf4bc812e1408631c2d2b14581b99dfe39f71d895aceb269b4a886080196,0.33.2,off,16384,9.43
3hop1__337705_132457_51423|sham|18,3hop1__337705_132457_51423,sham,none,write_note,18,1,26,0.692,diff,lossless,second,0,1,0,18,,,,evidence,none,1,1,1,0,4817,165,14918,580493953bfd9de6d0b2d1d8a4f1e43ab9de066daab1e45d308f79bb0263f1ee,177ef1750411029b545b4950c3f2baeccfec2947151a408b65e9a1062d2cd4d9,glm-4.7-flash:q8_0,a035bf4bc812e1408631c2d2b14581b99dfe39f71d895aceb269b4a886080196,0.33.2,off,16384,12.53
3hop1__337705_132457_51423|sham|18,3hop1__337705_132457_51423,sham,none,write_note,18,1,26,0.692,prov,lossless,second,0,1,0,24,,,,evidence,none,1,1,1,0,4807,268,14728,168bfa490b87987c32e9abf27aba2b17c5b1e85904f1f25d9f267c0979b5b569,a77a87bb9177d7536e13f63a96ca8d5c13fd126ac788bd49132f5b836669a525,glm-4.7-flash:q8_0,a035bf4bc812e1408631c2d2b14581b99dfe39f71d895aceb269b4a886080196,0.33.2,off,16384,14.59
3hop1__337705_132457_51423|wrong_argument|8,3hop1__337705_132457_51423,wrong_argument,tool,search,8,0,32,0.25,log,lossless,second,0,0,0,12,8,0,0,evidence,tool,,0,1,0,4473,181,14139,ba8b77f02b64574ea7e93ea62fa1fc123ccb9b7577129cf415e005a243f5b0a5,a18e60838820f30e09a7b0003e5bf64437b56831ef4a386bb54a053f7c013602,glm-4.7-flash:q8_0,a035bf4bc812e1408631c2d2b14581b99dfe39f71d895aceb269b4a886080196,0.33.2,off,16384,13.55
3hop1__337705_132457_51423|wrong_argument|8,3hop1__337705_132457_51423,wrong_argument,tool,search,8,0,32,0.25,diff,lossless,second,0,0,0,12,8,0,0,evidence,tool,,1,1,0,5882,139,18662,580493953bfd9de6d0b2d1d8a4f1e43ab9de066daab1e45d308f79bb0263f1ee,222da842b883d721ddcf64a41a3e37c62319ecaa4e6c72bdd7b919cb496c9b8a,glm-4.7-flash:q8_0,a035bf4bc812e1408631c2d2b14581b99dfe39f71d895aceb269b4a886080196,0.33.2,off,16384,17.2
3hop1__337705_132457_51423|wrong_argument|8,3hop1__337705_132457_51423,wrong_argument,tool,search,8,0,32,0.25,prov,lossless,second,0,0,0,12,8,0,0,evidence,tool,,0,1,0,5831,278,18253,168bfa490b87987c32e9abf27aba2b17c5b1e85904f1f25d9f267c0979b5b569,fe603b7697537b25a9c5be06031d76ce3248f84867c255ced6aa0863df9485f8,glm-4.7-flash:q8_0,a035bf4bc812e1408631c2d2b14581b99dfe39f71d895aceb269b4a886080196,0.33.2,off,16384,20.94
3hop1__337705_132457_51423|wrong_source|18,3hop1__337705_132457_51423,wrong_source,evidence,write_note,18,1,34,0.529,log,lossless,second,0,0,0,18,18,1,1,evidence,evidence,,1,1,0,4575,177,14400,ba8b77f02b64574ea7e93ea62fa1fc123ccb9b7577129cf415e005a243f5b0a5,203305cc4b2c937d532ad3df70aa19b19bef64463c0228589bca5ea8f0729789,glm-4.7-flash:q8_0,a035bf4bc812e1408631c2d2b14581b99dfe39f71d895aceb269b4a886080196,0.33.2,off,16384,13.78
3hop1__337705_132457_51423|wrong_source|18,3hop1__337705_132457_51423,wrong_source,evidence,write_note,18,1,34,0.529,diff,lossless,second,0,0,0,18,18,1,1,evidence,evidence,,0,1,0,6019,125,19043,580493953bfd9de6d0b2d1d8a4f1e43ab9de066daab1e45d308f79bb0263f1ee,d504fcf0d9451b01d08b009145b59035448c981822d067de51c106d3c1ac85a7,glm-4.7-flash:q8_0,a035bf4bc812e1408631c2d2b14581b99dfe39f71d895aceb269b4a886080196,0.33.2,off,16384,17.26
3hop1__337705_132457_51423|wrong_source|18,3hop1__337705_132457_51423,wrong_source,evidence,write_note,18,1,34,0.529,prov,lossless,second,0,0,0,24,18,0,0,state,evidence,,0,1,0,6004,177,18795,168bfa490b87987c32e9abf27aba2b17c5b1e85904f1f25d9f267c0979b5b569,01cad796858562663fbf2cde4dd49dabb71a312448fa0eaac95014797e5a8128,glm-4.7-flash:q8_0,a035bf4bc812e1408631c2d2b14581b99dfe39f71d895aceb269b4a886080196,0.33.2,off,16384,18.71
3hop1__222497_309482_41132|corrupted_output|20,3hop1__222497_309482_41132,corrupted_output,tool,search,20,2,30,0.667,log,lossless,second,0,0,0,18,20,0,1,evidence,tool,,1,1,0,4839,493,15278,ba8b77f02b64574ea7e93ea62fa1fc123ccb9b7577129cf415e005a243f5b0a5,12fa2b56216d9c148c6aae069c82915d5842cdd3f4b510bc47e51233842aca78,glm-4.7-flash:q8_0,a035bf4bc812e1408631c2d2b14581b99dfe39f71d895aceb269b4a886080196,0.33.2,off,16384,25.21
3hop1__222497_309482_41132|corrupted_output|20,3hop1__222497_309482_41132,corrupted_output,tool,search,20,2,30,0.667,diff,lossless,second,0,0,0,28,20,0,0,evidence,tool,,1,1,0,6581,154,20944,580493953bfd9de6d0b2d1d8a4f1e43ab9de066daab1e45d308f79bb0263f1ee,c6278cbdb393db707508cec0e1f5f61d29e52fd0603c9197e836674dd8ae65da,glm-4.7-flash:q8_0,a035bf4bc812e1408631c2d2b14581b99dfe39f71d895aceb269b4a886080196,0.33.2,off,16384,22.45
3hop1__222497_309482_41132|corrupted_output|20,3hop1__222497_309482_41132,corrupted_output,tool,search,20,2,30,0.667,prov,lossless,second,0,0,0,28,20,0,0,evidence,tool,,1,1,0,6115,151,19185,168bfa490b87987c32e9abf27aba2b17c5b1e85904f1f25d9f267c0979b5b569,57d03ec8b5de5114a1a9962d3f7d0225dd703e8841458f9aff108760611bc7bc,glm-4.7-flash:q8_0,a035bf4bc812e1408631c2d2b14581b99dfe39f71d895aceb269b4a886080196,0.33.2,off,16384,20.44
3hop1__222497_309482_41132|dropped_note|6,3hop1__222497_309482_41132,dropped_note,state,write_note,6,0,26,0.231,log,lossless,second,0,0,0,12,6,0,0,evidence,state,,0,1,0,4289,216,13186,ba8b77f02b64574ea7e93ea62fa1fc123ccb9b7577129cf415e005a243f5b0a5,aa00212b9d9f783e26c49358b6e57f860674aa60c2699f15223ac454927a09b3,glm-4.7-flash:q8_0,a035bf4bc812e1408631c2d2b14581b99dfe39f71d895aceb269b4a886080196,0.33.2,off,16384,13.41
3hop1__222497_309482_41132|dropped_note|6,3hop1__222497_309482_41132,dropped_note,state,write_note,6,0,26,0.231,diff,lossless,second,0,0,0,12,6,0,0,evidence,state,,1,1,0,5899,154,18493,580493953bfd9de6d0b2d1d8a4f1e43ab9de066daab1e45d308f79bb0263f1ee,31a3b5e735640a4f41c43b9abd6ccc9c44cfdbb1502065d9d398c44501c287ac,glm-4.7-flash:q8_0,a035bf4bc812e1408631c2d2b14581b99dfe39f71d895aceb269b4a886080196,0.33.2,off,16384,17.31
3hop1__222497_309482_41132|dropped_note|6,3hop1__222497_309482_41132,dropped_note,state,write_note,6,0,26,0.231,prov,lossless,second,0,0,0,24,6,0,0,evidence,state,,0,1,0,5386,191,16540,168bfa490b87987c32e9abf27aba2b17c5b1e85904f1f25d9f267c0979b5b569,2fa597bcde2bfb2788a41048a60491417d302021cb30874c661782e9d1279e87,glm-4.7-flash:q8_0,a035bf4bc812e1408631c2d2b14581b99dfe39f71d895aceb269b4a886080196,0.33.2,off,16384,16.39
3hop1__222497_309482_41132|no_source|6,3hop1__222497_309482_41132,no_source,evidence,write_note,6,0,26,0.231,log,lossless,second,0,0,0,,6,0,0,,evidence,,0,0,0,4341,1024,13470,ba8b77f02b64574ea7e93ea62fa1fc123ccb9b7577129cf415e005a243f5b0a5,bc07f27a15cdb9d389c37316aa7d0aaebc31cb2273ca662386e003e82aa8a0b6,glm-4.7-flash:q8_0,a035bf4bc812e1408631c2d2b14581b99dfe39f71d895aceb269b4a886080196,0.33.2,off,16384,36.35
3hop1__222497_309482_41132|no_source|6,3hop1__222497_309482_41132,no_source,evidence,write_note,6,0,26,0.231,diff,lossless,second,0,0,0,6,6,1,1,evidence,evidence,,1,1,0,5986,171,18868,580493953bfd9de6d0b2d1d8a4f1e43ab9de066daab1e45d308f79bb0263f1ee,a0c719cd97d5aab4b32cc61238b56e06d9bec1d4447193a65a84ff164266109e,glm-4.7-flash:q8_0,a035bf4bc812e1408631c2d2b14581b99dfe39f71d895aceb269b4a886080196,0.33.2,off,16384,18.36
3hop1__222497_309482_41132|no_source|6,3hop1__222497_309482_41132,no_source,evidence,write_note,6,0,26,0.231,prov,lossless,second,0,0,0,6,6,1,1,evidence,evidence,,0,1,0,5484,304,16921,168bfa490b87987c32e9abf27aba2b17c5b1e85904f1f25d9f267c0979b5b569,5a537ff679ceb9b2d72d79ae40fe4f2a3ea420afc2b38cc36eb9f83a3f0962ea,glm-4.7-flash:q8_0,a035bf4bc812e1408631c2d2b14581b99dfe39f71d895aceb269b4a886080196,0.33.2,off,16384,20.15
3hop1__222497_309482_41132|overwritten_note|18,3hop1__222497_309482_41132,overwritten_note,state,write_note,18,1,26,0.692,log,lossless,second,0,0,0,18,18,1,1,tool,state,,0,1,0,4298,145,13220,ba8b77f02b64574ea7e93ea62fa1fc123ccb9b7577129cf415e005a243f5b0a5,b44c21a325f9671e5117f2112b50d0addc66c9466b84b064c5a3f4599093da13,glm-4.7-flash:q8_0,a035bf4bc812e1408631c2d2b14581b99dfe39f71d895aceb269b4a886080196,0.33.2,off,16384,11.46
3hop1__222497_309482_41132|overwritten_note|18,3hop1__222497_309482_41132,overwritten_note,state,write_note,18,1,26,0.692,diff,lossless,second,0,0,0,18,18,1,1,state,state,,1,1,0,5949,168,18642,580493953bfd9de6d0b2d1d8a4f1e43ab9de066daab1e45d308f79bb0263f1ee,ad58442b0275c863b5154f93106d82c89208c6f2e8afdc69ce513f3cd759f4cc,glm-4.7-flash:q8_0,a035bf4bc812e1408631c2d2b14581b99dfe39f71d895aceb269b4a886080196,0.33.2,off,16384,18.09
3hop1__222497_309482_41132|overwritten_note|18,3hop1__222497_309482_41132,overwritten_note,state,write_note,18,1,26,0.692,prov,lossless,second,0,0,0,,18,0,0,none,state,,0,1,0,5460,407,16756,168bfa490b87987c32e9abf27aba2b17c5b1e85904f1f25d9f267c0979b5b569,888392ea49e67b3ec708fab5d1a39b2317b6c78f9eada1554df3f4f8c49ead99,glm-4.7-flash:q8_0,a035bf4bc812e1408631c2d2b14581b99dfe39f71d895aceb269b4a886080196,0.33.2,off,16384,23.45
3hop1__222497_309482_41132|sham|18,3hop1__222497_309482_41132,sham,none,write_note,18,1,26,0.692,log,lossless,second,0,1,0,18,,,,evidence,none,1,0,1,0,4300,558,13223,ba8b77f02b64574ea7e93ea62fa1fc123ccb9b7577129cf415e005a243f5b0a5,b57985d05b82ca23682eb6bd0d0f9c0c3e86b5522ff9ace2ebd75972debfa1df,glm-4.7-flash:q8_0,a035bf4bc812e1408631c2d2b14581b99dfe39f71d895aceb269b4a886080196,0.33.2,off,16384,19.61
3hop1__222497_309482_41132|sham|18,3hop1__222497_309482_41132,sham,none,write_note,18,1,26,0.692,diff,lossless,second,0,1,0,24,,,,evidence,none,1,1,1,0,5951,156,18645,580493953bfd9de6d0b2d1d8a4f1e43ab9de066daab1e45d308f79bb0263f1ee,dcad426a180df709b0a3352ca677b59b3748a0b0044d72bb807e0af8204dd2a7,glm-4.7-flash:q8_0,a035bf4bc812e1408631c2d2b14581b99dfe39f71d895aceb269b4a886080196,0.33.2,off,16384,10.98
3hop1__222497_309482_41132|sham|18,3hop1__222497_309482_41132,sham,none,write_note,18,1,26,0.692,prov,lossless,second,0,1,0,,,,,none,none,0,0,1,0,5468,200,16780,168bfa490b87987c32e9abf27aba2b17c5b1e85904f1f25d9f267c0979b5b569,8d510814c82c1d973685b20e62ffe2588f4c605300f3ce1a5f78bd72d58d01e7,glm-4.7-flash:q8_0,a035bf4bc812e1408631c2d2b14581b99dfe39f71d895aceb269b4a886080196,0.33.2,off,16384,11.31
3hop1__222497_309482_41132|wrong_argument|16,3hop1__222497_309482_41132,wrong_argument,tool,read,16,1,20,0.8,log,lossless,second,0,0,0,12,16,0,0,evidence,tool,,0,1,0,3548,212,10289,ba8b77f02b64574ea7e93ea62fa1fc123ccb9b7577129cf415e005a243f5b0a5,9cb38a0edb37d9f6a348c292bae29bfb0a0e6f04a3d064685839c17649cd9773,glm-4.7-flash:q8_0,a035bf4bc812e1408631c2d2b14581b99dfe39f71d895aceb269b4a886080196,0.33.2,off,16384,7.69
3hop1__222497_309482_41132|wrong_argument|16,3hop1__222497_309482_41132,wrong_argument,tool,read,16,1,20,0.8,diff,lossless,second,0,0,0,12,16,0,0,evidence,tool,,1,1,0,4907,155,14634,580493953bfd9de6d0b2d1d8a4f1e43ab9de066daab1e45d308f79bb0263f1ee,51af491fa0101e9a5767baf559dd86e5f775ab3bfbfa0518bd03432e8221d2cb,glm-4.7-flash:q8_0,a035bf4bc812e1408631c2d2b14581b99dfe39f71d895aceb269b4a886080196,0.33.2,off,16384,7.93
3hop1__222497_309482_41132|wrong_argument|16,3hop1__222497_309482_41132,wrong_argument,tool,read,16,1,20,0.8,prov,lossless,second,0,0,0,,16,0,0,none,tool,,0,1,0,4467,219,13051,168bfa490b87987c32e9abf27aba2b17c5b1e85904f1f25d9f267c0979b5b569,2916d5dbbd725f797de7f19e0e464756e10a5c20efceed6385fe91c7b6a946b6,glm-4.7-flash:q8_0,a035bf4bc812e1408631c2d2b14581b99dfe39f71d895aceb269b4a886080196,0.33.2,off,16384,8.96
3hop1__222497_309482_41132|wrong_source|24,3hop1__222497_309482_41132,wrong_source,evidence,write_note,24,2,26,0.923,log,lossless,second,0,0,0,24,24,1,1,evidence,evidence,,1,1,0,4316,170,13290,ba8b77f02b64574ea7e93ea62fa1fc123ccb9b7577129cf415e005a243f5b0a5,06cf0a37d7fdc3ce05c67b4358c2589a867539eccba58448dc32df50675906b7,glm-4.7-flash:q8_0,a035bf4bc812e1408631c2d2b14581b99dfe39f71d895aceb269b4a886080196,0.33.2,off,16384,8.99
3hop1__222497_309482_41132|wrong_source|24,3hop1__222497_309482_41132,wrong_source,evidence,write_note,24,2,26,0.923,diff,lossless,second,0,0,0,24,24,1,1,evidence,evidence,,1,1,0,5966,153,18712,580493953bfd9de6d0b2d1d8a4f1e43ab9de066daab1e45d308f79bb0263f1ee,fd0a803cb19e904a9d952fdb4721a5260d14ea547452216168963ca3f1324129,glm-4.7-flash:q8_0,a035bf4bc812e1408631c2d2b14581b99dfe39f71d895aceb269b4a886080196,0.33.2,off,16384,12.28
3hop1__222497_309482_41132|wrong_source|24,3hop1__222497_309482_41132,wrong_source,evidence,write_note,24,2,26,0.923,prov,lossless,second,0,0,0,24,24,1,1,evidence,evidence,,1,1,0,5483,137,16847,168bfa490b87987c32e9abf27aba2b17c5b1e85904f1f25d9f267c0979b5b569,4b19fbb20fe811f6963c1a36c5f0cf61b5181ece7e481072a93fd7fd85d87dd4,glm-4.7-flash:q8_0,a035bf4bc812e1408631c2d2b14581b99dfe39f71d895aceb269b4a886080196,0.33.2,off,16384,10.54
3hop1__145194_160545_34754|corrupted_output|4,3hop1__145194_160545_34754,corrupted_output,tool,read,4,0,20,0.2,log,lossless,second,0,0,0,6,4,0,1,evidence,tool,,0,1,0,3181,215,9710,ba8b77f02b64574ea7e93ea62fa1fc123ccb9b7577129cf415e005a243f5b0a5,36dd627baf6c797c69a5b0c6616ddebe114c85d30bc1a3655da588639023c3d2,glm-4.7-flash:q8_0,a035bf4bc812e1408631c2d2b14581b99dfe39f71d895aceb269b4a886080196,0.33.2,off,16384,11.82
3hop1__145194_160545_34754|corrupted_output|4,3hop1__145194_160545_34754,corrupted_output,tool,read,4,0,20,0.2,diff,lossless,second,0,0,0,6,4,0,1,evidence,tool,,1,1,0,4170,163,13171,580493953bfd9de6d0b2d1d8a4f1e43ab9de066daab1e45d308f79bb0263f1ee,79db297ae84ced8729a51d9e0384047b9c5247b8d3dba1554895ab26409e594d,glm-4.7-flash:q8_0,a035bf4bc812e1408631c2d2b14581b99dfe39f71d895aceb269b4a886080196,0.33.2,off,16384,13.44
3hop1__145194_160545_34754|corrupted_output|4,3hop1__145194_160545_34754,corrupted_output,tool,read,4,0,20,0.2,prov,lossless,second,0,0,0,6,4,0,1,evidence,tool,,1,1,0,4095,143,12556,168bfa490b87987c32e9abf27aba2b17c5b1e85904f1f25d9f267c0979b5b569,0275b277c351f8a9596e1ae7df20ed2fe7fa31af88dafc16e87a20c1b43114fc,glm-4.7-flash:q8_0,a035bf4bc812e1408631c2d2b14581b99dfe39f71d895aceb269b4a886080196,0.33.2,off,16384,13.36
3hop1__145194_160545_34754|dropped_note|18,3hop1__145194_160545_34754,dropped_note,state,write_note,18,1,34,0.529,log,lossless,second,0,0,0,32,18,0,0,evidence,state,,1,1,0,4922,190,16421,ba8b77f02b64574ea7e93ea62fa1fc123ccb9b7577129cf415e005a243f5b0a5,1a853350aa79eaeb9d3e4e3cdcf41c6bda268bfe029546db82ea194f1153538a,glm-4.7-flash:q8_0,a035bf4bc812e1408631c2d2b14581b99dfe39f71d895aceb269b4a886080196,0.33.2,off,16384,15.87
3hop1__145194_160545_34754|dropped_note|18,3hop1__145194_160545_34754,dropped_note,state,write_note,18,1,34,0.529,diff,lossless,second,0,0,0,32,18,0,0,state,state,,1,1,0,6695,183,22719,580493953bfd9de6d0b2d1d8a4f1e43ab9de066daab1e45d308f79bb0263f1ee,da2c0b42cfdaaad6eb04692ed55da66367417b79850dd12e23375711aa17f82d,glm-4.7-flash:q8_0,a035bf4bc812e1408631c2d2b14581b99dfe39f71d895aceb269b4a886080196,0.33.2,off,16384,22.98
3hop1__145194_160545_34754|dropped_note|18,3hop1__145194_160545_34754,dropped_note,state,write_note,18,1,34,0.529,prov,lossless,second,0,0,0,32,18,0,0,evidence,state,,1,1,0,6277,182,20588,168bfa490b87987c32e9abf27aba2b17c5b1e85904f1f25d9f267c0979b5b569,46e625d59f807dbee667fddd61d94bd53dc79ea47d3d6df31a3a05f6ac071244,glm-4.7-flash:q8_0,a035bf4bc812e1408631c2d2b14581b99dfe39f71d895aceb269b4a886080196,0.33.2,off,16384,20.71
3hop1__145194_160545_34754|no_source|18,3hop1__145194_160545_34754,no_source,evidence,write_note,18,1,26,0.692,log,lossless,second,0,0,0,18,18,1,1,evidence,evidence,,1,1,0,4047,130,13013,ba8b77f02b64574ea7e93ea62fa1fc123ccb9b7577129cf415e005a243f5b0a5,3633c5441a6d1fcf410bd5c05c44b2a604058f8e4d5b8b37ee1acd0afdab8e9c,glm-4.7-flash:q8_0,a035bf4bc812e1408631c2d2b14581b99dfe39f71d895aceb269b4a886080196,0.33.2,off,16384,6.62
3hop1__145194_160545_34754|no_source|18,3hop1__145194_160545_34754,no_source,evidence,write_note,18,1,26,0.692,diff,lossless,second,0,0,0,18,18,1,1,evidence,evidence,,1,1,0,5481,114,18121,580493953bfd9de6d0b2d1d8a4f1e43ab9de066daab1e45d308f79bb0263f1ee,7f8a8d0ad0a06f66111f4521ba0fd0e62c7012dc6dec01418acd67412f0020a4,glm-4.7-flash:q8_0,a035bf4bc812e1408631c2d2b14581b99dfe39f71d895aceb269b4a886080196,0.33.2,off,16384,8.38
3hop1__145194_160545_34754|no_source|18,3hop1__145194_160545_34754,no_source,evidence,write_note,18,1,26,0.692,prov,lossless,second,0,0,0,18,18,1,1,evidence,evidence,,0,1,0,5143,128,16361,168bfa490b87987c32e9abf27aba2b17c5b1e85904f1f25d9f267c0979b5b569,577370517bbef4562d8acfc9bb577d91669a40162790a684d43c0a8841e76866,glm-4.7-flash:q8_0,a035bf4bc812e1408631c2d2b14581b99dfe39f71d895aceb269b4a886080196,0.33.2,off,16384,9.44
3hop1__145194_160545_34754|overwritten_note|32,3hop1__145194_160545_34754,overwritten_note,state,write_note,32,2,34,0.941,log,lossless,second,0,0,0,32,32,1,1,state,state,,0,1,0,4925,221,16449,ba8b77f02b64574ea7e93ea62fa1fc123ccb9b7577129cf415e005a243f5b0a5,771a734e09f093cb282f3ec239f875f48fa04eb2d34f00957802558d9df61109,glm-4.7-flash:q8_0,a035bf4bc812e1408631c2d2b14581b99dfe39f71d895aceb269b4a886080196,0.33.2,off,16384,12.25
3hop1__145194_160545_34754|overwritten_note|32,3hop1__145194_160545_34754,overwritten_note,state,write_note,32,2,34,0.941,diff,lossless,second,0,0,0,32,32,1,1,state,state,,1,1,0,6728,181,22829,580493953bfd9de6d0b2d1d8a4f1e43ab9de066daab1e45d308f79bb0263f1ee,2b909e4fb308cbfd08d822fe359d0fe451dacd5b4bec80ec11ce5e135f5e9389,glm-4.7-flash:q8_0,a035bf4bc812e1408631c2d2b14581b99dfe39f71d895aceb269b4a886080196,0.33.2,off,16384,15.65
3hop1__145194_160545_34754|overwritten_note|32,3hop1__145194_160545_34754,overwritten_note,state,write_note,32,2,34,0.941,prov,lossless,second,0,0,0,32,32,1,1,state,state,,1,1,0,6323,169,20727,168bfa490b87987c32e9abf27aba2b17c5b1e85904f1f25d9f267c0979b5b569,7954295f23b3aab9d35171ab0527fd2ef52aad3ca3b1144b1de89ea0f08a8c61,glm-4.7-flash:q8_0,a035bf4bc812e1408631c2d2b14581b99dfe39f71d895aceb269b4a886080196,0.33.2,off,16384,14.62
3hop1__145194_160545_34754|sham|18,3hop1__145194_160545_34754,sham,none,write_note,18,1,34,0.529,log,lossless,second,0,1,0,32,,,,evidence,none,1,0,1,0,4934,234,16455,ba8b77f02b64574ea7e93ea62fa1fc123ccb9b7577129cf415e005a243f5b0a5,c78a31a48f05d653375647f4fbf4cce328abf22744fd83abce9925c3d326dbfa,glm-4.7-flash:q8_0,a035bf4bc812e1408631c2d2b14581b99dfe39f71d895aceb269b4a886080196,0.33.2,off,16384,7.63
3hop1__145194_160545_34754|sham|18,3hop1__145194_160545_34754,sham,none,write_note,18,1,34,0.529,diff,lossless,second,0,1,0,32,,,,evidence,none,1,1,1,0,6736,315,22835,580493953bfd9de6d0b2d1d8a4f1e43ab9de066daab1e45d308f79bb0263f1ee,4e21bafdf2f5ecd30aa65b1eaea5c8e96692822b3a3580766f3e40b16d14d090,glm-4.7-flash:q8_0,a035bf4bc812e1408631c2d2b14581b99dfe39f71d895aceb269b4a886080196,0.33.2,off,16384,11.2
3hop1__145194_160545_34754|sham|18,3hop1__145194_160545_34754,sham,none,write_note,18,1,34,0.529,prov,lossless,second,0,1,0,18,,,,evidence,none,1,0,1,0,6351,189,20787,168bfa490b87987c32e9abf27aba2b17c5b1e85904f1f25d9f267c0979b5b569,ddd8f5a610877377761280249382662cc6add1cb1b8e57f0f18101919af466f3,glm-4.7-flash:q8_0,a035bf4bc812e1408631c2d2b14581b99dfe39f71d895aceb269b4a886080196,0.33.2,off,16384,7.37
3hop1__145194_160545_34754|wrong_argument|28,3hop1__145194_160545_34754,wrong_argument,tool,search,28,2,34,0.824,log,lossless,second,0,0,0,18,28,0,0,evidence,tool,,1,1,0,4924,156,16370,ba8b77f02b64574ea7e93ea62fa1fc123ccb9b7577129cf415e005a243f5b0a5,a93457a4f7e249f04bce4dfa29550c21f0b081d3fd03ceffc98eb145deadddc8,glm-4.7-flash:q8_0,a035bf4bc812e1408631c2d2b14581b99dfe39f71d895aceb269b4a886080196,0.33.2,off,16384,7.5
3hop1__145194_160545_34754|wrong_argument|28,3hop1__145194_160545_34754,wrong_argument,tool,search,28,2,34,0.824,diff,lossless,second,0,0,0,32,28,0,0,state,tool,,1,1,0,6719,200,22703,580493953bfd9de6d0b2d1d8a4f1e43ab9de066daab1e45d308f79bb0263f1ee,36bc6bbe05dbe4b625aebd2ab584798da97ed81bbf8b0ac3d57d648f22076ed2,glm-4.7-flash:q8_0,a035bf4bc812e1408631c2d2b14581b99dfe39f71d895aceb269b4a886080196,0.33.2,off,16384,11.37
3hop1__145194_160545_34754|wrong_argument|28,3hop1__145194_160545_34754,wrong_argument,tool,search,28,2,34,0.824,prov,lossless,second,0,0,0,32,28,0,0,evidence,tool,,1,1,0,6335,204,20655,168bfa490b87987c32e9abf27aba2b17c5b1e85904f1f25d9f267c0979b5b569,a5d8555d5eb63546ca1af6c97718d878a156658293cf4baadb16a121feb4f4ef,glm-4.7-flash:q8_0,a035bf4bc812e1408631c2d2b14581b99dfe39f71d895aceb269b4a886080196,0.33.2,off,16384,11.06
3hop1__145194_160545_34754|wrong_source|12,3hop1__145194_160545_34754,wrong_source,evidence,write_note,12,0,38,0.316,log,lossless,second,0,0,0,12,12,1,1,evidence,evidence,,1,1,0,4278,154,13910,ba8b77f02b64574ea7e93ea62fa1fc123ccb9b7577129cf415e005a243f5b0a5,33fd502750cb63cfdbe635efba222c8d5849c02c1b0386433d5cdfa6db5d995c,glm-4.7-flash:q8_0,a035bf4bc812e1408631c2d2b14581b99dfe39f71d895aceb269b4a886080196,0.33.2,off,16384,10.3
3hop1__145194_160545_34754|wrong_source|12,3hop1__145194_160545_34754,wrong_source,evidence,write_note,12,0,38,0.316,diff,lossless,second,0,0,0,22,12,0,0,evidence,evidence,,1,1,0,5724,211,18622,580493953bfd9de6d0b2d1d8a4f1e43ab9de066daab1e45d308f79bb0263f1ee,5d6787af483660eef5ec8df205ee943827c5b844134fbc57e1bb153d61491869,glm-4.7-flash:q8_0,a035bf4bc812e1408631c2d2b14581b99dfe39f71d895aceb269b4a886080196,0.33.2,off,16384,15.88
3hop1__145194_160545_34754|wrong_source|12,3hop1__145194_160545_34754,wrong_source,evidence,write_note,12,0,38,0.316,prov,lossless,second,0,0,0,12,12,1,1,evidence,evidence,,1,1,0,5581,360,17872,168bfa490b87987c32e9abf27aba2b17c5b1e85904f1f25d9f267c0979b5b569,41466a0d6bff68643c18bbd115709ac36434f6a23ac34f4d5c0b9c8167648915,glm-4.7-flash:q8_0,a035bf4bc812e1408631c2d2b14581b99dfe39f71d895aceb269b4a886080196,0.33.2,off,16384,20.23
3hop1__639955_834494_34088|corrupted_output|8,3hop1__639955_834494_34088,corrupted_output,tool,search,8,1,20,0.4,log,lossless,second,0,0,0,12,8,0,0,evidence,tool,,0,1,0,2926,275,8860,ba8b77f02b64574ea7e93ea62fa1fc123ccb9b7577129cf415e005a243f5b0a5,4b916b4480ddaf77245c36a1e4e43fcb2adcada78dabf115f774903c8b97d959,glm-4.7-flash:q8_0,a035bf4bc812e1408631c2d2b14581b99dfe39f71d895aceb269b4a886080196,0.33.2,off,16384,12.68
3hop1__639955_834494_34088|corrupted_output|8,3hop1__639955_834494_34088,corrupted_output,tool,search,8,1,20,0.4,diff,lossless,second,0,0,0,,8,0,0,none,tool,,0,1,0,3780,273,11731,580493953bfd9de6d0b2d1d8a4f1e43ab9de066daab1e45d308f79bb0263f1ee,ab7c60b32e38f1e2ab6d124e2d36ea96da14ebe9e5f5626ab40a6f5f6f3c9b80,glm-4.7-flash:q8_0,a035bf4bc812e1408631c2d2b14581b99dfe39f71d895aceb269b4a886080196,0.33.2,off,16384,15.53
3hop1__639955_834494_34088|corrupted_output|8,3hop1__639955_834494_34088,corrupted_output,tool,search,8,1,20,0.4,prov,lossless,second,0,0,0,12,8,0,0,evidence,tool,,0,1,0,3814,144,11598,168bfa490b87987c32e9abf27aba2b17c5b1e85904f1f25d9f267c0979b5b569,1db01d5ee5561e839b91cab9ca66e45079730846a68dda3bc4b3c1b48e969f07,glm-4.7-flash:q8_0,a035bf4bc812e1408631c2d2b14581b99dfe39f71d895aceb269b4a886080196,0.33.2,off,16384,12.47
3hop1__639955_834494_34088|dropped_note|18,3hop1__639955_834494_34088,dropped_note,state,write_note,18,2,20,0.9,log,lossless,second,0,0,0,12,18,0,0,evidence,state,,0,1,0,2953,229,8859,ba8b77f02b64574ea7e93ea62fa1fc123ccb9b7577129cf415e005a243f5b0a5,1b695f77b4a328cc701d19ada79d34d46452e7e183e4cb75f62bfb123ef38104,glm-4.7-flash:q8_0,a035bf4bc812e1408631c2d2b14581b99dfe39f71d895aceb269b4a886080196,0.33.2,off,16384,10.3
3hop1__639955_834494_34088|dropped_note|18,3hop1__639955_834494_34088,dropped_note,state,write_note,18,2,20,0.9,diff,lossless,second,0,0,0,12,18,0,0,evidence,state,,1,1,0,3751,172,11477,580493953bfd9de6d0b2d1d8a4f1e43ab9de066daab1e45d308f79bb0263f1ee,5e0f18ac40f566f1f690048873832dda2e142650b2a82d3fd6ca038a1e9cb1e4,glm-4.7-flash:q8_0,a035bf4bc812e1408631c2d2b14581b99dfe39f71d895aceb269b4a886080196,0.33.2,off,16384,10.38
3hop1__639955_834494_34088|dropped_note|18,3hop1__639955_834494_34088,dropped_note,state,write_note,18,2,20,0.9,prov,lossless,second,0,0,0,18,18,1,1,evidence,state,,0,1,0,3758,165,11337,168bfa490b87987c32e9abf27aba2b17c5b1e85904f1f25d9f267c0979b5b569,274bb11f517e3678f8addf381f73b9eafbdabb8e55960e5cc8ce66a42b1e2626,glm-4.7-flash:q8_0,a035bf4bc812e1408631c2d2b14581b99dfe39f71d895aceb269b4a886080196,0.33.2,off,16384,9.85
3hop1__639955_834494_34088|no_source|18,3hop1__639955_834494_34088,no_source,evidence,write_note,18,2,20,0.9,log,lossless,second,0,0,0,18,18,1,1,evidence,evidence,,1,1,0,2991,145,9041,ba8b77f02b64574ea7e93ea62fa1fc123ccb9b7577129cf415e005a243f5b0a5,11026d4e9bab7aec38dae76ba4667ffafcd8ad543bbbde1192216d1b565485a1,glm-4.7-flash:q8_0,a035bf4bc812e1408631c2d2b14581b99dfe39f71d895aceb269b4a886080196,0.33.2,off,16384,4.61
3hop1__639955_834494_34088|no_source|18,3hop1__639955_834494_34088,no_source,evidence,write_note,18,2,20,0.9,diff,lossless,second,0,0,0,18,18,1,1,evidence,evidence,,1,1,0,3818,156,11769,580493953bfd9de6d0b2d1d8a4f1e43ab9de066daab1e45d308f79bb0263f1ee,10d83916fe591baef5691bc39d19883ffb1a0ca234745faf3d492e8db1625ef4,glm-4.7-flash:q8_0,a035bf4bc812e1408631c2d2b14581b99dfe39f71d895aceb269b4a886080196,0.33.2,off,16384,5.47
3hop1__639955_834494_34088|no_source|18,3hop1__639955_834494_34088,no_source,evidence,write_note,18,2,20,0.9,prov,lossless,second,0,0,0,18,18,1,1,evidence,evidence,,0,1,0,3863,306,11733,168bfa490b87987c32e9abf27aba2b17c5b1e85904f1f25d9f267c0979b5b569,1f5c03b03035c1a4a258d1f3701698d4327164b53cd5161dd5fa880e4f4c2ecc,glm-4.7-flash:q8_0,a035bf4bc812e1408631c2d2b14581b99dfe39f71d895aceb269b4a886080196,0.33.2,off,16384,9.85
3hop1__639955_834494_34088|overwritten_note|12,3hop1__639955_834494_34088,overwritten_note,state,write_note,12,0,20,0.6,log,lossless,second,0,0,0,12,12,1,1,state,state,,1,1,0,2975,118,8914,ba8b77f02b64574ea7e93ea62fa1fc123ccb9b7577129cf415e005a243f5b0a5,e3b9645e3e0b64073dfddda933095a90e2d8788174b318744052cb8fc4d57147,glm-4.7-flash:q8_0,a035bf4bc812e1408631c2d2b14581b99dfe39f71d895aceb269b4a886080196,0.33.2,off,16384,5.58
3hop1__639955_834494_34088|overwritten_note|12,3hop1__639955_834494_34088,overwritten_note,state,write_note,12,0,20,0.6,diff,lossless,second,0,0,0,12,12,1,1,state,state,,0,1,0,3811,217,11652,580493953bfd9de6d0b2d1d8a4f1e43ab9de066daab1e45d308f79bb0263f1ee,7b7a7d4c5e8b174528cb8326a2664a97b8dbb6dccad226953cda1d03a0678289,glm-4.7-flash:q8_0,a035bf4bc812e1408631c2d2b14581b99dfe39f71d895aceb269b4a886080196,0.33.2,off,16384,10.11
3hop1__639955_834494_34088|overwritten_note|12,3hop1__639955_834494_34088,overwritten_note,state,write_note,12,0,20,0.6,prov,lossless,second,0,0,0,12,12,1,1,evidence,state,,1,1,0,3871,194,11678,168bfa490b87987c32e9abf27aba2b17c5b1e85904f1f25d9f267c0979b5b569,7406d7d720872ed6c92a3659e6f8e8a4fbf7bd91b42020639313489275559c97,glm-4.7-flash:q8_0,a035bf4bc812e1408631c2d2b14581b99dfe39f71d895aceb269b4a886080196,0.33.2,off,16384,9.47
3hop1__639955_834494_34088|sham|12,3hop1__639955_834494_34088,sham,none,write_note,12,1,20,0.6,log,lossless,second,0,1,0,12,,,,evidence,none,1,1,1,0,2976,181,8911,ba8b77f02b64574ea7e93ea62fa1fc123ccb9b7577129cf415e005a243f5b0a5,2c78db53cd5eea19873e60b8d3e4c57a136aa14216e8af5ecf0dc6afb451ef34,glm-4.7-flash:q8_0,a035bf4bc812e1408631c2d2b14581b99dfe39f71d895aceb269b4a886080196,0.33.2,off,16384,7.27
3hop1__639955_834494_34088|sham|12,3hop1__639955_834494_34088,sham,none,write_note,12,1,20,0.6,diff,lossless,second,0,1,0,12,,,,evidence,none,1,1,1,0,3812,176,11649,580493953bfd9de6d0b2d1d8a4f1e43ab9de066daab1e45d308f79bb0263f1ee,46759a21c81778e97d18d587a33c0902ea9d3ab36836fbc04a5f899b3cec1e48,glm-4.7-flash:q8_0,a035bf4bc812e1408631c2d2b14581b99dfe39f71d895aceb269b4a886080196,0.33.2,off,16384,8.96
3hop1__639955_834494_34088|sham|12,3hop1__639955_834494_34088,sham,none,write_note,12,1,20,0.6,prov,lossless,second,0,1,0,18,,,,evidence,none,1,1,1,0,3876,168,11678,168bfa490b87987c32e9abf27aba2b17c5b1e85904f1f25d9f267c0979b5b569,d825b1b8b44a89b275a4274d56befc46e2b87b87102c979734da1ffd02e30c48,glm-4.7-flash:q8_0,a035bf4bc812e1408631c2d2b14581b99dfe39f71d895aceb269b4a886080196,0.33.2,off,16384,8.8
3hop1__639955_834494_34088|wrong_argument|4,3hop1__639955_834494_34088,wrong_argument,tool,read,4,0,8,0.5,log,lossless,second,0,0,0,4,4,1,1,tool,tool,,0,1,0,1526,182,3640,ba8b77f02b64574ea7e93ea62fa1fc123ccb9b7577129cf415e005a243f5b0a5,94c6d0f6fbcfc98e49dfaecf1cfe4369e20169e74411f0d058539161409fce0f,glm-4.7-flash:q8_0,a035bf4bc812e1408631c2d2b14581b99dfe39f71d895aceb269b4a886080196,0.33.2,off,16384,5.51
3hop1__639955_834494_34088|wrong_argument|4,3hop1__639955_834494_34088,wrong_argument,tool,read,4,0,8,0.5,diff,lossless,second,0,0,0,6,4,0,1,evidence,tool,,1,1,0,1876,175,4799,580493953bfd9de6d0b2d1d8a4f1e43ab9de066daab1e45d308f79bb0263f1ee,70a7f189be5d976f3bb8501195cf78cc03120f98a5d2c8faeeda838090c43027,glm-4.7-flash:q8_0,a035bf4bc812e1408631c2d2b14581b99dfe39f71d895aceb269b4a886080196,0.33.2,off,16384,5.93
3hop1__639955_834494_34088|wrong_argument|4,3hop1__639955_834494_34088,wrong_argument,tool,read,4,0,8,0.5,prov,lossless,second,0,0,0,6,4,0,1,evidence,tool,,0,1,0,1934,232,4923,168bfa490b87987c32e9abf27aba2b17c5b1e85904f1f25d9f267c0979b5b569,05e748733337458e3730d7bf86c4dfa0348a07ba1bc908a7118a88b347b1a129,glm-4.7-flash:q8_0,a035bf4bc812e1408631c2d2b14581b99dfe39f71d895aceb269b4a886080196,0.33.2,off,16384,7.36
3hop1__639955_834494_34088|wrong_source|18,3hop1__639955_834494_34088,wrong_source,evidence,write_note,18,2,20,0.9,log,lossless,second,0,0,0,18,18,1,1,evidence,evidence,,1,1,0,3008,167,9061,ba8b77f02b64574ea7e93ea62fa1fc123ccb9b7577129cf415e005a243f5b0a5,3025b83252850c9abbf5040c2b0a0b8c37809215e451402c1262049f6e4e6662,glm-4.7-flash:q8_0,a035bf4bc812e1408631c2d2b14581b99dfe39f71d895aceb269b4a886080196,0.33.2,off,16384,8.85
3hop1__639955_834494_34088|wrong_source|18,3hop1__639955_834494_34088,wrong_source,evidence,write_note,18,2,20,0.9,diff,lossless,second,0,0,0,18,18,1,1,evidence,evidence,,1,1,0,3843,147,11799,580493953bfd9de6d0b2d1d8a4f1e43ab9de066daab1e45d308f79bb0263f1ee,674b62762d614297d1fb22888e0067e07a38a185eb81ba0c163d92185392c2cc,glm-4.7-flash:q8_0,a035bf4bc812e1408631c2d2b14581b99dfe39f71d895aceb269b4a886080196,0.33.2,off,16384,10.79
3hop1__639955_834494_34088|wrong_source|18,3hop1__639955_834494_34088,wrong_source,evidence,write_note,18,2,20,0.9,prov,lossless,second,0,0,0,18,18,1,1,evidence,evidence,,1,1,0,3907,157,11828,168bfa490b87987c32e9abf27aba2b17c5b1e85904f1f25d9f267c0979b5b569,e8699c67e7664780f61b9b1f7b8dff905d0fe6e8d32708ccbdffc1041d56a0a5,glm-4.7-flash:q8_0,a035bf4bc812e1408631c2d2b14581b99dfe39f71d895aceb269b4a886080196,0.33.2,off,16384,11.15
3hop1__579562_629431_64412|corrupted_output|16,3hop1__579562_629431_64412,corrupted_output,tool,read,16,2,20,0.8,log,lossless,second,0,0,0,18,16,0,1,evidence,tool,,0,1,0,3425,185,10409,ba8b77f02b64574ea7e93ea62fa1fc123ccb9b7577129cf415e005a243f5b0a5,2d3cc6b8c13617bd4325d811783606008e78d6971096c4580d3f259475257c1a,glm-4.7-flash:q8_0,a035bf4bc812e1408631c2d2b14581b99dfe39f71d895aceb269b4a886080196,0.33.2,off,16384,11.75
3hop1__579562_629431_64412|corrupted_output|16,3hop1__579562_629431_64412,corrupted_output,tool,read,16,2,20,0.8,diff,lossless,second,0,0,0,18,16,0,1,evidence,tool,,1,1,0,4644,190,14592,580493953bfd9de6d0b2d1d8a4f1e43ab9de066daab1e45d308f79bb0263f1ee,47861dc37e66427b552a35dba48d388451b52739e243b96fa3a3d1d40be41a89,glm-4.7-flash:q8_0,a035bf4bc812e1408631c2d2b14581b99dfe39f71d895aceb269b4a886080196,0.33.2,off,16384,16.6
3hop1__579562_629431_64412|corrupted_output|16,3hop1__579562_629431_64412,corrupted_output,tool,read,16,2,20,0.8,prov,lossless,second,0,0,0,16,16,1,1,tool,tool,,0,1,0,4315,222,13116,168bfa490b87987c32e9abf27aba2b17c5b1e85904f1f25d9f267c0979b5b569,11e37c0e910ec1564f44d9e79cf294d9160a9209711858a4974ac622ed9e7f56,glm-4.7-flash:q8_0,a035bf4bc812e1408631c2d2b14581b99dfe39f71d895aceb269b4a886080196,0.33.2,off,16384,15.61
3hop1__579562_629431_64412|dropped_note|6,3hop1__579562_629431_64412,dropped_note,state,write_note,6,0,20,0.3,log,lossless,second,0,0,0,12,6,0,0,evidence,state,,1,1,0,3390,156,10220,ba8b77f02b64574ea7e93ea62fa1fc123ccb9b7577129cf415e005a243f5b0a5,aa300e3f170537d748f4453b11ad43e73c0108bfa0c9a29acd3bdd3954a07d28,glm-4.7-flash:q8_0,a035bf4bc812e1408631c2d2b14581b99dfe39f71d895aceb269b4a886080196,0.33.2,off,16384,9.77
3hop1__579562_629431_64412|dropped_note|6,3hop1__579562_629431_64412,dropped_note,state,write_note,6,0,20,0.3,diff,lossless,second,0,0,0,12,6,0,0,evidence,state,,1,1,0,4547,159,14183,580493953bfd9de6d0b2d1d8a4f1e43ab9de066daab1e45d308f79bb0263f1ee,cd39fb758d613ab54441aa21ccb3f1a3c24bbff127963e9efdef33f06b32d44f,glm-4.7-flash:q8_0,a035bf4bc812e1408631c2d2b14581b99dfe39f71d895aceb269b4a886080196,0.33.2,off,16384,11.72
3hop1__579562_629431_64412|dropped_note|6,3hop1__579562_629431_64412,dropped_note,state,write_note,6,0,20,0.3,prov,lossless,second,0,0,0,12,6,0,0,evidence,state,,1,1,0,4205,142,12702,168bfa490b87987c32e9abf27aba2b17c5b1e85904f1f25d9f267c0979b5b569,2d82d4a5a5a33eac10715ebbde85fd742ae11ddbc7675efd407a07284e432682,glm-4.7-flash:q8_0,a035bf4bc812e1408631c2d2b14581b99dfe39f71d895aceb269b4a886080196,0.33.2,off,16384,10.51
3hop1__579562_629431_64412|no_source|6,3hop1__579562_629431_64412,no_source,evidence,write_note,6,0,20,0.3,log,lossless,second,0,0,0,6,6,1,1,evidence,evidence,,1,1,0,3492,214,10631,ba8b77f02b64574ea7e93ea62fa1fc123ccb9b7577129cf415e005a243f5b0a5,8a8ffa56ca46e6a01bd33d3d3054eaa4e57b76777197b19dfc6fbbaab7b0dfe2,glm-4.7-flash:q8_0,a035bf4bc812e1408631c2d2b14581b99dfe39f71d895aceb269b4a886080196,0.33.2,off,16384,10.77
3hop1__579562_629431_64412|no_source|6,3hop1__579562_629431_64412,no_source,evidence,write_note,6,0,20,0.3,diff,lossless,second,0,0,0,12,6,0,0,evidence,evidence,,1,1,0,4704,150,14757,580493953bfd9de6d0b2d1d8a4f1e43ab9de066daab1e45d308f79bb0263f1ee,6d5e25dc3cd538694ff6944acfffe819517e28421efce7b34d4d2eefe0de7837,glm-4.7-flash:q8_0,a035bf4bc812e1408631c2d2b14581b99dfe39f71d895aceb269b4a886080196,0.33.2,off,16384,12.07
3hop1__579562_629431_64412|no_source|6,3hop1__579562_629431_64412,no_source,evidence,write_note,6,0,20,0.3,prov,lossless,second,0,0,0,6,6,1,1,evidence,evidence,,0,1,0,4371,234,13319,168bfa490b87987c32e9abf27aba2b17c5b1e85904f1f25d9f267c0979b5b569,decabb34a008ac90ad04848a72903234d3f6c15b17c4834320566fc6ee2acfd9,glm-4.7-flash:q8_0,a035bf4bc812e1408631c2d2b14581b99dfe39f71d895aceb269b4a886080196,0.33.2,off,16384,13.72
3hop1__579562_629431_64412|overwritten_note|18,3hop1__579562_629431_64412,overwritten_note,state,write_note,18,2,20,0.9,log,lossless,second,0,0,0,18,18,1,1,evidence,state,,1,1,0,3393,184,10253,ba8b77f02b64574ea7e93ea62fa1fc123ccb9b7577129cf415e005a243f5b0a5,c2a5e81623c8662d1a285fd0d342fdfa37b3c4735d3dae37a3acf8679ee4732a,glm-4.7-flash:q8_0,a035bf4bc812e1408631c2d2b14581b99dfe39f71d895aceb269b4a886080196,0.33.2,off,16384,9.66
3hop1__579562_629431_64412|overwritten_note|18,3hop1__579562_629431_64412,overwritten_note,state,write_note,18,2,20,0.9,diff,lossless,second,0,0,0,18,18,1,1,state,state,,1,1,0,4589,169,14309,580493953bfd9de6d0b2d1d8a4f1e43ab9de066daab1e45d308f79bb0263f1ee,45820d48dfd7bf9ff79b7498e1d4604561bc6e5fc0fad134df6f40e2e5eddb92,glm-4.7-flash:q8_0,a035bf4bc812e1408631c2d2b14581b99dfe39f71d895aceb269b4a886080196,0.33.2,off,16384,12.21
3hop1__579562_629431_64412|overwritten_note|18,3hop1__579562_629431_64412,overwritten_note,state,write_note,18,2,20,0.9,prov,lossless,second,0,0,0,18,18,1,1,state,state,,1,1,0,4259,178,12861,168bfa490b87987c32e9abf27aba2b17c5b1e85904f1f25d9f267c0979b5b569,ffed023210a3da5b019e1f047cb2473dacb13e311dbb975aa6f177f364915702,glm-4.7-flash:q8_0,a035bf4bc812e1408631c2d2b14581b99dfe39f71d895aceb269b4a886080196,0.33.2,off,16384,11.7
3hop1__579562_629431_64412|sham|12,3hop1__579562_629431_64412,sham,none,write_note,12,1,20,0.6,log,lossless,second,0,1,0,12,,,,evidence,none,1,1,1,0,3402,157,10261,ba8b77f02b64574ea7e93ea62fa1fc123ccb9b7577129cf415e005a243f5b0a5,2c26e3b5f1c9d0d8cc8390016cc1964766f791516f59d1e480ba45a80464b5c9,glm-4.7-flash:q8_0,a035bf4bc812e1408631c2d2b14581b99dfe39f71d895aceb269b4a886080196,0.33.2,off,16384,4.96
3hop1__579562_629431_64412|sham|12,3hop1__579562_629431_64412,sham,none,write_note,12,1,20,0.6,diff,lossless,second,0,1,0,12,,,,evidence,none,1,1,1,0,4597,169,14317,580493953bfd9de6d0b2d1d8a4f1e43ab9de066daab1e45d308f79bb0263f1ee,0ce4b870ee7d11ef3ecc6f051df1ebd53f8d4ade366a97a4875b18556bcc75f2,glm-4.7-flash:q8_0,a035bf4bc812e1408631c2d2b14581b99dfe39f71d895aceb269b4a886080196,0.33.2,off,16384,5.85
3hop1__579562_629431_64412|sham|12,3hop1__579562_629431_64412,sham,none,write_note,12,1,20,0.6,prov,lossless,second,0,1,0,6,,,,evidence,none,1,1,1,0,4288,172,12936,168bfa490b87987c32e9abf27aba2b17c5b1e85904f1f25d9f267c0979b5b569,b11cd888d4e11e3f3d9f7f5673e24077980f5cbab7006bf1c1b36ab9558e5640,glm-4.7-flash:q8_0,a035bf4bc812e1408631c2d2b14581b99dfe39f71d895aceb269b4a886080196,0.33.2,off,16384,5.96
3hop1__579562_629431_64412|wrong_argument|14,3hop1__579562_629431_64412,wrong_argument,tool,search,14,2,26,0.538,log,lossless,second,0,0,0,12,14,0,1,evidence,tool,,1,1,0,4341,137,13679,ba8b77f02b64574ea7e93ea62fa1fc123ccb9b7577129cf415e005a243f5b0a5,48ebe7044313c6d54021d24a360892535ae0be338dd053a25a22a4b5fa089af1,glm-4.7-flash:q8_0,a035bf4bc812e1408631c2d2b14581b99dfe39f71d895aceb269b4a886080196,0.33.2,off,16384,9.11
3hop1__579562_629431_64412|wrong_argument|14,3hop1__579562_629431_64412,wrong_argument,tool,search,14,2,26,0.538,diff,lossless,second,0,0,0,12,14,0,1,evidence,tool,,1,1,0,5926,170,19023,580493953bfd9de6d0b2d1d8a4f1e43ab9de066daab1e45d308f79bb0263f1ee,14222f6a530f7f89f6e6e891883ad839fdac9d1aa426f57636599b77fd0f55db,glm-4.7-flash:q8_0,a035bf4bc812e1408631c2d2b14581b99dfe39f71d895aceb269b4a886080196,0.33.2,off,16384,14.02
3hop1__579562_629431_64412|wrong_argument|14,3hop1__579562_629431_64412,wrong_argument,tool,search,14,2,26,0.538,prov,lossless,second,0,0,0,14,14,1,1,tool,tool,,0,1,0,5488,153,17188,168bfa490b87987c32e9abf27aba2b17c5b1e85904f1f25d9f267c0979b5b569,da96bec903ddcd0eaeffe2541349fcc0b392f3782472b7f514f086a2bf1b5dc4,glm-4.7-flash:q8_0,a035bf4bc812e1408631c2d2b14581b99dfe39f71d895aceb269b4a886080196,0.33.2,off,16384,12.56
3hop1__579562_629431_64412|wrong_source|18,3hop1__579562_629431_64412,wrong_source,evidence,write_note,18,2,20,0.9,log,lossless,second,0,0,0,18,18,1,1,evidence,evidence,,1,1,0,3398,174,10261,ba8b77f02b64574ea7e93ea62fa1fc123ccb9b7577129cf415e005a243f5b0a5,e1e308566df057ff17dbf3f4f73d08a08431767fc3cc6b2500318e51b8a704df,glm-4.7-flash:q8_0,a035bf4bc812e1408631c2d2b14581b99dfe39f71d895aceb269b4a886080196,0.33.2,off,16384,7.27
3hop1__579562_629431_64412|wrong_source|18,3hop1__579562_629431_64412,wrong_source,evidence,write_note,18,2,20,0.9,diff,lossless,second,0,0,0,18,18,1,1,evidence,evidence,,1,1,0,4591,169,14317,580493953bfd9de6d0b2d1d8a4f1e43ab9de066daab1e45d308f79bb0263f1ee,5076fd3d3a1ebb9fe37355b8a0c324fdedf7a95b207951f14f5064c8ed12e20a,glm-4.7-flash:q8_0,a035bf4bc812e1408631c2d2b14581b99dfe39f71d895aceb269b4a886080196,0.33.2,off,16384,8.8
3hop1__579562_629431_64412|wrong_source|18,3hop1__579562_629431_64412,wrong_source,evidence,write_note,18,2,20,0.9,prov,lossless,second,0,0,0,18,18,1,1,evidence,evidence,,1,1,0,4282,165,12936,168bfa490b87987c32e9abf27aba2b17c5b1e85904f1f25d9f267c0979b5b569,068adc6a074246f692c1d3ef148aa0e0a617e47ea5c954a8b01b607d4a3fb6e8,glm-4.7-flash:q8_0,a035bf4bc812e1408631c2d2b14581b99dfe39f71d895aceb269b4a886080196,0.33.2,off,16384,8.39
3hop2__67618_30587_44003|corrupted_output|2,3hop2__67618_30587_44003,corrupted_output,tool,search,2,0,20,0.1,log,lossless,second,0,0,0,6,2,0,0,evidence,tool,,1,1,0,3411,261,11037,ba8b77f02b64574ea7e93ea62fa1fc123ccb9b7577129cf415e005a243f5b0a5,f7a8ff7f747638ace8f37d749b1ac004db3cbc72db4c21fa4ab9a75518639a83,glm-4.7-flash:q8_0,a035bf4bc812e1408631c2d2b14581b99dfe39f71d895aceb269b4a886080196,0.33.2,off,16384,13.86
3hop2__67618_30587_44003|corrupted_output|2,3hop2__67618_30587_44003,corrupted_output,tool,search,2,0,20,0.1,diff,lossless,second,0,0,0,6,2,0,0,evidence,tool,,1,1,0,4677,149,15649,580493953bfd9de6d0b2d1d8a4f1e43ab9de066daab1e45d308f79bb0263f1ee,69f59630de894a56af158c76f4dc7bf4e63f8cb0e625c897ef4d8a63d0a3877b,glm-4.7-flash:q8_0,a035bf4bc812e1408631c2d2b14581b99dfe39f71d895aceb269b4a886080196,0.33.2,off,16384,14.96
3hop2__67618_30587_44003|corrupted_output|2,3hop2__67618_30587_44003,corrupted_output,tool,search,2,0,20,0.1,prov,lossless,second,0,0,0,6,2,0,0,evidence,tool,,1,1,0,4317,151,13834,168bfa490b87987c32e9abf27aba2b17c5b1e85904f1f25d9f267c0979b5b569,50c9cb6e32f29d4fa84e1b56fe2b45ae886cfd51a98039fee781528a9b7d75a8,glm-4.7-flash:q8_0,a035bf4bc812e1408631c2d2b14581b99dfe39f71d895aceb269b4a886080196,0.33.2,off,16384,13.6
3hop2__67618_30587_44003|dropped_note|12,3hop2__67618_30587_44003,dropped_note,state,write_note,12,1,20,0.6,log,lossless,second,0,0,0,18,12,0,0,evidence,state,,0,1,0,3298,255,10285,ba8b77f02b64574ea7e93ea62fa1fc123ccb9b7577129cf415e005a243f5b0a5,c9efd811e5bd8c58dc03bf46a0c21ee11bd2d7112299d3308ef7958bb084b060,glm-4.7-flash:q8_0,a035bf4bc812e1408631c2d2b14581b99dfe39f71d895aceb269b4a886080196,0.33.2,off,16384,14.06
3hop2__67618_30587_44003|dropped_note|12,3hop2__67618_30587_44003,dropped_note,state,write_note,12,1,20,0.6,diff,lossless,second,0,0,0,18,12,0,0,evidence,state,,1,1,0,4422,213,14312,580493953bfd9de6d0b2d1d8a4f1e43ab9de066daab1e45d308f79bb0263f1ee,035ed1d3980726380d587b33e6a5577a21cf2c82085bfe4487a8e0088235a5ff,glm-4.7-flash:q8_0,a035bf4bc812e1408631c2d2b14581b99dfe39f71d895aceb269b4a886080196,0.33.2,off,16384,16.48
3hop2__67618_30587_44003|dropped_note|12,3hop2__67618_30587_44003,dropped_note,state,write_note,12,1,20,0.6,prov,lossless,second,0,0,0,18,12,0,0,evidence,state,,1,1,0,4150,172,12889,168bfa490b87987c32e9abf27aba2b17c5b1e85904f1f25d9f267c0979b5b569,5b44490eb129c28b83a3aee95366a3d9447097eae0191eeb2ac489668374f241,glm-4.7-flash:q8_0,a035bf4bc812e1408631c2d2b14581b99dfe39f71d895aceb269b4a886080196,0.33.2,off,16384,13.61
3hop2__67618_30587_44003|no_source|12,3hop2__67618_30587_44003,no_source,evidence,write_note,12,1,20,0.6,log,lossless,second,0,0,0,12,12,1,1,evidence,evidence,,1,1,0,3314,158,10355,ba8b77f02b64574ea7e93ea62fa1fc123ccb9b7577129cf415e005a243f5b0a5,4e7fc47a4231f7d1daa714145cee8e5cbe74e3a0f1dbe3f2840a6eaa7301e6cf,glm-4.7-flash:q8_0,a035bf4bc812e1408631c2d2b14581b99dfe39f71d895aceb269b4a886080196,0.33.2,off,16384,7.61
3hop2__67618_30587_44003|no_source|12,3hop2__67618_30587_44003,no_source,evidence,write_note,12,1,20,0.6,diff,lossless,second,0,0,0,12,12,1,1,tool,evidence,,0,1,0,4468,132,14494,580493953bfd9de6d0b2d1d8a4f1e43ab9de066daab1e45d308f79bb0263f1ee,c5c83920aeafd046b3de049bd89a0e7278d32de2474d237714251b258d168670,glm-4.7-flash:q8_0,a035bf4bc812e1408631c2d2b14581b99dfe39f71d895aceb269b4a886080196,0.33.2,off,16384,8.81
3hop2__67618_30587_44003|no_source|12,3hop2__67618_30587_44003,no_source,evidence,write_note,12,1,20,0.6,prov,lossless,second,0,0,0,18,12,0,0,evidence,evidence,,1,1,0,4214,177,13111,168bfa490b87987c32e9abf27aba2b17c5b1e85904f1f25d9f267c0979b5b569,ae93d6bb7e917d65903070f33213f3513721e203ca13031b0af481c325c13dbe,glm-4.7-flash:q8_0,a035bf4bc812e1408631c2d2b14581b99dfe39f71d895aceb269b4a886080196,0.33.2,off,16384,9.58
3hop2__67618_30587_44003|overwritten_note|18,3hop2__67618_30587_44003,overwritten_note,state,write_note,18,2,20,0.9,log,lossless,second,0,0,0,18,18,1,1,state,state,,1,1,0,3298,101,10311,ba8b77f02b64574ea7e93ea62fa1fc123ccb9b7577129cf415e005a243f5b0a5,602b8d88e4c4ee098a516d5edca0fd39181a81be8200a7ced7fc5816d8ef4f97,glm-4.7-flash:q8_0,a035bf4bc812e1408631c2d2b14581b99dfe39f71d895aceb269b4a886080196,0.33.2,off,16384,5.93
3hop2__67618_30587_44003|overwritten_note|18,3hop2__67618_30587_44003,overwritten_note,state,write_note,18,2,20,0.9,diff,lossless,second,0,0,0,18,18,1,1,state,state,,1,1,0,4454,181,14434,580493953bfd9de6d0b2d1d8a4f1e43ab9de066daab1e45d308f79bb0263f1ee,23061e66f8a71cefcb1c52f735f686381bb22c0c4440055662848947622dcb96,glm-4.7-flash:q8_0,a035bf4bc812e1408631c2d2b14581b99dfe39f71d895aceb269b4a886080196,0.33.2,off,16384,10.23
3hop2__67618_30587_44003|overwritten_note|18,3hop2__67618_30587_44003,overwritten_note,state,write_note,18,2,20,0.9,prov,lossless,second,0,0,0,18,18,1,1,state,state,,1,1,0,4186,133,13020,168bfa490b87987c32e9abf27aba2b17c5b1e85904f1f25d9f267c0979b5b569,e5c715f7e7a82997f55f02daa41fde6aab96792d3679d33ff44a870da33e20ad,glm-4.7-flash:q8_0,a035bf4bc812e1408631c2d2b14581b99dfe39f71d895aceb269b4a886080196,0.33.2,off,16384,8.27
3hop2__67618_30587_44003|sham|12,3hop2__67618_30587_44003,sham,none,write_note,12,1,20,0.6,log,lossless,second,0,1,0,6,,,,evidence,none,1,0,1,0,3311,316,10325,ba8b77f02b64574ea7e93ea62fa1fc123ccb9b7577129cf415e005a243f5b0a5,d4f5c3268abe18b7a0c662beb5d56692e78b56c350a416f957f61047e6d0624e,glm-4.7-flash:q8_0,a035bf4bc812e1408631c2d2b14581b99dfe39f71d895aceb269b4a886080196,0.33.2,off,16384,9.55
3hop2__67618_30587_44003|sham|12,3hop2__67618_30587_44003,sham,none,write_note,12,1,20,0.6,diff,lossless,second,0,1,0,,,,,none,none,0,0,1,0,4466,151,14448,580493953bfd9de6d0b2d1d8a4f1e43ab9de066daab1e45d308f79bb0263f1ee,fafd7fd0cd503a19fc8b5eaa0107b88fd7832a5d16e60f09a99577380a13cadc,glm-4.7-flash:q8_0,a035bf4bc812e1408631c2d2b14581b99dfe39f71d895aceb269b4a886080196,0.33.2,off,16384,5.51
3hop2__67618_30587_44003|sham|12,3hop2__67618_30587_44003,sham,none,write_note,12,1,20,0.6,prov,lossless,second,0,1,0,18,,,,evidence,none,1,1,1,0,4231,178,13126,168bfa490b87987c32e9abf27aba2b17c5b1e85904f1f25d9f267c0979b5b569,24b6336fdebeaf9cb66a28d9e68fe6af3af0734098b63fa3555fc6ce78031db5,glm-4.7-flash:q8_0,a035bf4bc812e1408631c2d2b14581b99dfe39f71d895aceb269b4a886080196,0.33.2,off,16384,6.36
3hop2__67618_30587_44003|wrong_argument|16,3hop2__67618_30587_44003,wrong_argument,tool,read,16,2,20,0.8,log,lossless,second,0,0,0,,16,0,0,none,tool,,0,1,0,3276,492,10170,ba8b77f02b64574ea7e93ea62fa1fc123ccb9b7577129cf415e005a243f5b0a5,be82b4b4459887d9734417d78ae12d36a54a064c2a1de2acd7d7ed05dc18cd40,glm-4.7-flash:q8_0,a035bf4bc812e1408631c2d2b14581b99dfe39f71d895aceb269b4a886080196,0.33.2,off,16384,15.39
3hop2__67618_30587_44003|wrong_argument|16,3hop2__67618_30587_44003,wrong_argument,tool,read,16,2,20,0.8,diff,lossless,second,0,0,0,18,16,0,1,evidence,tool,,1,1,0,4399,192,14118,580493953bfd9de6d0b2d1d8a4f1e43ab9de066daab1e45d308f79bb0263f1ee,fb6f6189984a8445f9f6063030ea23662eca795d1bc69a068156db5536e5f619,glm-4.7-flash:q8_0,a035bf4bc812e1408631c2d2b14581b99dfe39f71d895aceb269b4a886080196,0.33.2,off,16384,8.42
3hop2__67618_30587_44003|wrong_argument|16,3hop2__67618_30587_44003,wrong_argument,tool,read,16,2,20,0.8,prov,lossless,second,0,0,0,18,16,0,1,evidence,tool,,1,1,0,4194,169,12991,168bfa490b87987c32e9abf27aba2b17c5b1e85904f1f25d9f267c0979b5b569,ba219dcb2bad213ef1a859088247c0d6ae3c8c91e61f894e3664effc41af162e,glm-4.7-flash:q8_0,a035bf4bc812e1408631c2d2b14581b99dfe39f71d895aceb269b4a886080196,0.33.2,off,16384,7.25
3hop2__67618_30587_44003|wrong_source|12,3hop2__67618_30587_44003,wrong_source,evidence,write_note,12,0,14,0.857,log,lossless,second,0,0,0,12,12,1,1,evidence,evidence,,1,1,0,2377,190,6771,ba8b77f02b64574ea7e93ea62fa1fc123ccb9b7577129cf415e005a243f5b0a5,04aa50bf2c0db4766b1361ff5fb9f52c7fd7a98a49abdd24922afaada0c8381b,glm-4.7-flash:q8_0,a035bf4bc812e1408631c2d2b14581b99dfe39f71d895aceb269b4a886080196,0.33.2,off,16384,5.64
3hop2__67618_30587_44003|wrong_source|12,3hop2__67618_30587_44003,wrong_source,evidence,write_note,12,0,14,0.857,diff,lossless,second,0,0,0,12,12,1,1,evidence,evidence,,1,1,0,3103,133,9298,580493953bfd9de6d0b2d1d8a4f1e43ab9de066daab1e45d308f79bb0263f1ee,ad5a836655c64e885919a49d9291ba2163c91a429f5bc82c5d0d8c674c802687,glm-4.7-flash:q8_0,a035bf4bc812e1408631c2d2b14581b99dfe39f71d895aceb269b4a886080196,0.33.2,off,16384,4.61
3hop2__67618_30587_44003|wrong_source|12,3hop2__67618_30587_44003,wrong_source,evidence,write_note,12,0,14,0.857,prov,lossless,second,0,0,0,12,12,1,1,evidence,evidence,,1,1,0,3040,146,8779,168bfa490b87987c32e9abf27aba2b17c5b1e85904f1f25d9f267c0979b5b569,deb3e3b91baa4ed8ddce507e8a1f320a5adad057b981894ef4c0443eb3885b79,glm-4.7-flash:q8_0,a035bf4bc812e1408631c2d2b14581b99dfe39f71d895aceb269b4a886080196,0.33.2,off,16384,5.11
3hop1__353661_629431_124169|corrupted_output|16,3hop1__353661_629431_124169,corrupted_output,tool,read,16,1,32,0.5,log,lossless,second,0,0,0,18,16,0,1,evidence,tool,,1,1,0,5193,155,16877,ba8b77f02b64574ea7e93ea62fa1fc123ccb9b7577129cf415e005a243f5b0a5,766506b4bd7db5e50af919da7581fc8339799d1dc9b4b081f71902c322e9259b,glm-4.7-flash:q8_0,a035bf4bc812e1408631c2d2b14581b99dfe39f71d895aceb269b4a886080196,0.33.2,off,16384,16.95
3hop1__353661_629431_124169|corrupted_output|16,3hop1__353661_629431_124169,corrupted_output,tool,read,16,1,32,0.5,diff,lossless,second,0,0,0,30,16,0,0,evidence,tool,,1,1,0,6846,251,22545,580493953bfd9de6d0b2d1d8a4f1e43ab9de066daab1e45d308f79bb0263f1ee,49f264c700eb08b43bcbb659841a7dc4e775139e0461296c9667adf734639bc2,glm-4.7-flash:q8_0,a035bf4bc812e1408631c2d2b14581b99dfe39f71d895aceb269b4a886080196,0.33.2,off,16384,27.15
3hop1__353661_629431_124169|corrupted_output|16,3hop1__353661_629431_124169,corrupted_output,tool,read,16,1,32,0.5,prov,lossless,second,0,0,0,,16,0,0,none,tool,,0,1,0,6505,97,20875,168bfa490b87987c32e9abf27aba2b17c5b1e85904f1f25d9f267c0979b5b569,889bf9c59dd6038168e599bcdfde7b6b7450126ab96987d557a3a585510ad3de,glm-4.7-flash:q8_0,a035bf4bc812e1408631c2d2b14581b99dfe39f71d895aceb269b4a886080196,0.33.2,off,16384,21.53
3hop1__353661_629431_124169|dropped_note|24,3hop1__353661_629431_124169,dropped_note,state,write_note,24,2,26,0.923,log,lossless,second,0,0,0,18,24,0,0,evidence,state,,1,1,0,4300,190,13356,ba8b77f02b64574ea7e93ea62fa1fc123ccb9b7577129cf415e005a243f5b0a5,9541f8ec830dc6298a4894f5acb4ebf2765a71a9cfc24331ff4e9aef92b55a27,glm-4.7-flash:q8_0,a035bf4bc812e1408631c2d2b14581b99dfe39f71d895aceb269b4a886080196,0.33.2,off,16384,10.33
3hop1__353661_629431_124169|dropped_note|24,3hop1__353661_629431_124169,dropped_note,state,write_note,24,2,26,0.923,diff,lossless,second,0,0,0,18,24,0,0,evidence,state,,1,1,0,5731,152,18129,580493953bfd9de6d0b2d1d8a4f1e43ab9de066daab1e45d308f79bb0263f1ee,c28596bbe8fdda147c86e9d7b7f2bf4dafea9300c9fba8fc8ea21d59cb7dae5a,glm-4.7-flash:q8_0,a035bf4bc812e1408631c2d2b14581b99dfe39f71d895aceb269b4a886080196,0.33.2,off,16384,11.02
3hop1__353661_629431_124169|dropped_note|24,3hop1__353661_629431_124169,dropped_note,state,write_note,24,2,26,0.923,prov,lossless,second,0,0,0,24,24,1,1,evidence,state,,0,1,0,5341,228,16498,168bfa490b87987c32e9abf27aba2b17c5b1e85904f1f25d9f267c0979b5b569,386b46923f6d0258c9064150e96eadfbc3c089b9ff73a128259772856dd753c3,glm-4.7-flash:q8_0,a035bf4bc812e1408631c2d2b14581b99dfe39f71d895aceb269b4a886080196,0.33.2,off,16384,12.32
3hop1__353661_629431_124169|no_source|24,3hop1__353661_629431_124169,no_source,evidence,write_note,24,2,26,0.923,log,lossless,second,0,0,0,24,24,1,1,state,evidence,,1,1,0,4304,132,13387,ba8b77f02b64574ea7e93ea62fa1fc123ccb9b7577129cf415e005a243f5b0a5,d18553e3ea14afeedd4544e348aed3321491c044981818b14a63546d1eeb2b09,glm-4.7-flash:q8_0,a035bf4bc812e1408631c2d2b14581b99dfe39f71d895aceb269b4a886080196,0.33.2,off,16384,4.44
3hop1__353661_629431_124169|no_source|24,3hop1__353661_629431_124169,no_source,evidence,write_note,24,2,26,0.923,diff,lossless,second,0,0,0,24,24,1,1,evidence,evidence,,1,1,0,5766,123,18274,580493953bfd9de6d0b2d1d8a4f1e43ab9de066daab1e45d308f79bb0263f1ee,9e01e90b7540fb7cec908a2dfafb3eadb5679e80bb2cfb29eb66fcd6b930d3ae,glm-4.7-flash:q8_0,a035bf4bc812e1408631c2d2b14581b99dfe39f71d895aceb269b4a886080196,0.33.2,off,16384,4.91
3hop1__353661_629431_124169|no_source|24,3hop1__353661_629431_124169,no_source,evidence,write_note,24,2,26,0.923,prov,lossless,second,0,0,0,24,24,1,1,evidence,evidence,,1,1,0,5414,261,16744,168bfa490b87987c32e9abf27aba2b17c5b1e85904f1f25d9f267c0979b5b569,87c9b487aa29e8513e9114ae483c6b6789e36f374486b6f07f275beb4b5b3015,glm-4.7-flash:q8_0,a035bf4bc812e1408631c2d2b14581b99dfe39f71d895aceb269b4a886080196,0.33.2,off,16384,9.11
3hop1__353661_629431_124169|overwritten_note|12,3hop1__353661_629431_124169,overwritten_note,state,write_note,12,0,26,0.462,log,lossless,second,0,0,0,12,12,1,1,state,state,,1,1,0,4322,119,13407,ba8b77f02b64574ea7e93ea62fa1fc123ccb9b7577129cf415e005a243f5b0a5,e4b825a5fa0eeb5e0994dde13345ccc8e429ed46482c647c98c8625fd16cca40,glm-4.7-flash:q8_0,a035bf4bc812e1408631c2d2b14581b99dfe39f71d895aceb269b4a886080196,0.33.2,off,16384,8.69
3hop1__353661_629431_124169|overwritten_note|12,3hop1__353661_629431_124169,overwritten_note,state,write_note,12,0,26,0.462,diff,lossless,second,0,0,0,12,12,1,1,state,state,,1,1,0,5793,150,18304,580493953bfd9de6d0b2d1d8a4f1e43ab9de066daab1e45d308f79bb0263f1ee,251f4f652b9a318f849fe4cdbf5d8f51a92a548c69dd3b199c482f6235db18eb,glm-4.7-flash:q8_0,a035bf4bc812e1408631c2d2b14581b99dfe39f71d895aceb269b4a886080196,0.33.2,off,16384,13.37
3hop1__353661_629431_124169|overwritten_note|12,3hop1__353661_629431_124169,overwritten_note,state,write_note,12,0,26,0.462,prov,lossless,second,0,0,0,12,12,1,1,evidence,state,,1,1,0,5458,153,16826,168bfa490b87987c32e9abf27aba2b17c5b1e85904f1f25d9f267c0979b5b569,b7ed7710845e83e2d934e781280147d44dcd907863f51287ca9360bf5bea3514,glm-4.7-flash:q8_0,a035bf4bc812e1408631c2d2b14581b99dfe39f71d895aceb269b4a886080196,0.33.2,off,16384,12.74
3hop1__353661_629431_124169|sham|18,3hop1__353661_629431_124169,sham,none,write_note,18,1,26,0.692,log,lossless,second,0,1,0,18,,,,evidence,none,1,0,1,0,4323,232,13407,ba8b77f02b64574ea7e93ea62fa1fc123ccb9b7577129cf415e005a243f5b0a5,794db20c804eff3f3c9b594e707397e54bc3c8b0fa9e77241462635252357350,glm-4.7-flash:q8_0,a035bf4bc812e1408631c2d2b14581b99dfe39f71d895aceb269b4a886080196,0.33.2,off,16384,11.97
3hop1__353661_629431_124169|sham|18,3hop1__353661_629431_124169,sham,none,write_note,18,1,26,0.692,diff,lossless,second,0,1,0,18,,,,evidence,none,1,1,1,0,5794,152,18304,580493953bfd9de6d0b2d1d8a4f1e43ab9de066daab1e45d308f79bb0263f1ee,792399636448e4a32a25362376440cb20a7c305486c3844b4287efddfa8a5fb1,glm-4.7-flash:q8_0,a035bf4bc812e1408631c2d2b14581b99dfe39f71d895aceb269b4a886080196,0.33.2,off,16384,13.49
3hop1__353661_629431_124169|sham|18,3hop1__353661_629431_124169,sham,none,write_note,18,1,26,0.692,prov,lossless,second,0,1,0,,,,,,none,1,0,0,0,5462,1024,16838,168bfa490b87987c32e9abf27aba2b17c5b1e85904f1f25d9f267c0979b5b569,2534d29de5741e951ca9ca2dbd16a92d5d0c1ea9e5f00c0c7b2c574f2190175d,glm-4.7-flash:q8_0,a035bf4bc812e1408631c2d2b14581b99dfe39f71d895aceb269b4a886080196,0.33.2,off,16384,39.66
3hop1__353661_629431_124169|wrong_argument|8,3hop1__353661_629431_124169,wrong_argument,tool,search,8,0,30,0.267,log,lossless,second,0,0,0,22,8,0,0,evidence,tool,,1,1,0,4919,151,15456,ba8b77f02b64574ea7e93ea62fa1fc123ccb9b7577129cf415e005a243f5b0a5,006e1e1a9eab7faf09959941d88fffa2d9ce9431fdebaa2a61eba98b66500a28,glm-4.7-flash:q8_0,a035bf4bc812e1408631c2d2b14581b99dfe39f71d895aceb269b4a886080196,0.33.2,off,16384,14.17
3hop1__353661_629431_124169|wrong_argument|8,3hop1__353661_629431_124169,wrong_argument,tool,search,8,0,30,0.267,diff,lossless,second,0,0,0,,8,0,0,none,tool,,0,1,0,6476,506,20578,580493953bfd9de6d0b2d1d8a4f1e43ab9de066daab1e45d308f79bb0263f1ee,7df55beb86707deba31b064d93d46803b7c76e8d66a552df9966c7fde9a471b9,glm-4.7-flash:q8_0,a035bf4bc812e1408631c2d2b14581b99dfe39f71d895aceb269b4a886080196,0.33.2,off,16384,30.99
3hop1__353661_629431_124169|wrong_argument|8,3hop1__353661_629431_124169,wrong_argument,tool,search,8,0,30,0.267,prov,lossless,second,0,0,0,8,8,1,1,tool,tool,,0,1,0,6170,164,19238,168bfa490b87987c32e9abf27aba2b17c5b1e85904f1f25d9f267c0979b5b569,e994fc4d162dcbe865d9922124cc309ea76ba94f3651fe7a188e58fde18ee3ed,glm-4.7-flash:q8_0,a035bf4bc812e1408631c2d2b14581b99dfe39f71d895aceb269b4a886080196,0.33.2,off,16384,18.82
3hop1__353661_629431_124169|wrong_source|18,3hop1__353661_629431_124169,wrong_source,evidence,write_note,18,1,26,0.692,log,lossless,second,0,0,0,18,18,1,1,evidence,evidence,,0,1,0,4325,198,13403,ba8b77f02b64574ea7e93ea62fa1fc123ccb9b7577129cf415e005a243f5b0a5,a3e508c75bde29a0cab6bdbc588e0965ac9d1db51d771d586219bd6b114509e1,glm-4.7-flash:q8_0,a035bf4bc812e1408631c2d2b14581b99dfe39f71d895aceb269b4a886080196,0.33.2,off,16384,13.17
3hop1__353661_629431_124169|wrong_source|18,3hop1__353661_629431_124169,wrong_source,evidence,write_note,18,1,26,0.692,diff,lossless,second,0,0,0,18,18,1,1,evidence,evidence,,1,1,0,5798,164,18300,580493953bfd9de6d0b2d1d8a4f1e43ab9de066daab1e45d308f79bb0263f1ee,71f3f69ba1e00be333a3ca02c93c212bd11eca689c56a5248dbc105ecbcac7ec,glm-4.7-flash:q8_0,a035bf4bc812e1408631c2d2b14581b99dfe39f71d895aceb269b4a886080196,0.33.2,off,16384,17.26
3hop1__353661_629431_124169|wrong_source|18,3hop1__353661_629431_124169,wrong_source,evidence,write_note,18,1,26,0.692,prov,lossless,second,0,0,0,18,18,1,1,evidence,evidence,,1,1,0,5466,153,16834,168bfa490b87987c32e9abf27aba2b17c5b1e85904f1f25d9f267c0979b5b569,6a030584daf236f8b7a5312bad012c5b8cb7b77cd47396bb6823725cb2ecded1,glm-4.7-flash:q8_0,a035bf4bc812e1408631c2d2b14581b99dfe39f71d895aceb269b4a886080196,0.33.2,off,16384,15.47
3hop1__857_846_7872|corrupted_output|8,3hop1__857_846_7872,corrupted_output,tool,search,8,2,20,0.4,log,lossless,second,0,0,0,18,8,0,0,evidence,tool,,0,1,0,3399,213,10656,ba8b77f02b64574ea7e93ea62fa1fc123ccb9b7577129cf415e005a243f5b0a5,c2ba7b7f6d3020544379ba66b6aead46a7d6a73e07a0379545f5e34b342ff073,glm-4.7-flash:q8_0,a035bf4bc812e1408631c2d2b14581b99dfe39f71d895aceb269b4a886080196,0.33.2,off,16384,12.45
3hop1__857_846_7872|corrupted_output|8,3hop1__857_846_7872,corrupted_output,tool,search,8,2,20,0.4,diff,lossless,second,0,0,0,12,8,0,0,evidence,tool,,1,1,0,4538,167,14752,580493953bfd9de6d0b2d1d8a4f1e43ab9de066daab1e45d308f79bb0263f1ee,f5175af81d521fec1b40fcd5c65077f79592d02ad15fd2649dfba3385273d06a,glm-4.7-flash:q8_0,a035bf4bc812e1408631c2d2b14581b99dfe39f71d895aceb269b4a886080196,0.33.2,off,16384,14.79
3hop1__857_846_7872|corrupted_output|8,3hop1__857_846_7872,corrupted_output,tool,search,8,2,20,0.4,prov,lossless,second,0,0,0,,8,0,0,none,tool,,0,1,0,4302,212,13430,168bfa490b87987c32e9abf27aba2b17c5b1e85904f1f25d9f267c0979b5b569,67872be2e921c14217ccd4a5d53470cf2151da8b7cb071e87740b64f1b51a77f,glm-4.7-flash:q8_0,a035bf4bc812e1408631c2d2b14581b99dfe39f71d895aceb269b4a886080196,0.33.2,off,16384,15.29
3hop1__857_846_7872|dropped_note|6,3hop1__857_846_7872,dropped_note,state,write_note,6,0,14,0.429,log,lossless,second,0,0,0,6,6,1,1,evidence,state,,1,1,0,2499,186,7294,ba8b77f02b64574ea7e93ea62fa1fc123ccb9b7577129cf415e005a243f5b0a5,b2f806ce0f589b694bccf3a63183e509bfcf1cb5a71e39567d11ed8e1b919e7f,glm-4.7-flash:q8_0,a035bf4bc812e1408631c2d2b14581b99dfe39f71d895aceb269b4a886080196,0.33.2,off,16384,7.03
3hop1__857_846_7872|dropped_note|6,3hop1__857_846_7872,dropped_note,state,write_note,6,0,14,0.429,diff,lossless,second,0,0,0,12,6,0,0,evidence,state,,0,1,0,3227,180,9894,580493953bfd9de6d0b2d1d8a4f1e43ab9de066daab1e45d308f79bb0263f1ee,600011908981e1c877e1a4ace3e4e7338160c36a2af260bc44169a4a9a525ef5,glm-4.7-flash:q8_0,a035bf4bc812e1408631c2d2b14581b99dfe39f71d895aceb269b4a886080196,0.33.2,off,16384,8.24
3hop1__857_846_7872|dropped_note|6,3hop1__857_846_7872,dropped_note,state,write_note,6,0,14,0.429,prov,lossless,second,0,0,0,6,6,1,1,evidence,state,,1,1,0,3082,186,9053,168bfa490b87987c32e9abf27aba2b17c5b1e85904f1f25d9f267c0979b5b569,f249e7fb7bd3df076443db11179cc4b67377c31cd18773abf295f386bb3ec552,glm-4.7-flash:q8_0,a035bf4bc812e1408631c2d2b14581b99dfe39f71d895aceb269b4a886080196,0.33.2,off,16384,8.19
3hop1__857_846_7872|no_source|6,3hop1__857_846_7872,no_source,evidence,write_note,6,0,14,0.429,log,lossless,second,0,0,0,6,6,1,1,evidence,evidence,,1,1,0,2478,181,7220,ba8b77f02b64574ea7e93ea62fa1fc123ccb9b7577129cf415e005a243f5b0a5,c97ad0765dbac1fdc93a1c370cb315f15e1217eaa540e31d7537587c070fb941,glm-4.7-flash:q8_0,a035bf4bc812e1408631c2d2b14581b99dfe39f71d895aceb269b4a886080196,0.33.2,off,16384,6.85
3hop1__857_846_7872|no_source|6,3hop1__857_846_7872,no_source,evidence,write_note,6,0,14,0.429,diff,lossless,second,0,0,0,,6,0,0,none,evidence,,0,1,0,3234,290,9917,580493953bfd9de6d0b2d1d8a4f1e43ab9de066daab1e45d308f79bb0263f1ee,6aecf22b158832a91b6a159a9f2e99e896adb1bccb44379295b55f41bbf1e630,glm-4.7-flash:q8_0,a035bf4bc812e1408631c2d2b14581b99dfe39f71d895aceb269b4a886080196,0.33.2,off,16384,11.43
3hop1__857_846_7872|no_source|6,3hop1__857_846_7872,no_source,evidence,write_note,6,0,14,0.429,prov,lossless,second,0,0,0,6,6,1,1,evidence,evidence,,1,1,0,3109,180,9145,168bfa490b87987c32e9abf27aba2b17c5b1e85904f1f25d9f267c0979b5b569,5af8821d165cf8a3bab8a44e6a9599cef891d5517e8b160b926d718f71c807e3,glm-4.7-flash:q8_0,a035bf4bc812e1408631c2d2b14581b99dfe39f71d895aceb269b4a886080196,0.33.2,off,16384,8.24
3hop1__857_846_7872|overwritten_note|12,3hop1__857_846_7872,overwritten_note,state,write_note,12,1,14,0.857,log,lossless,second,0,0,0,12,12,1,1,evidence,state,,1,1,0,2499,227,7338,ba8b77f02b64574ea7e93ea62fa1fc123ccb9b7577129cf415e005a243f5b0a5,d8f1fe6b925d9f32d0b9c0da397bd40a09b961cb826edcc41cd543aab6fcef78,glm-4.7-flash:q8_0,a035bf4bc812e1408631c2d2b14581b99dfe39f71d895aceb269b4a886080196,0.33.2,off,16384,8.1
3hop1__857_846_7872|overwritten_note|12,3hop1__857_846_7872,overwritten_note,state,write_note,12,1,14,0.857,diff,lossless,second,0,0,0,12,12,1,1,state,state,,1,1,0,3265,207,10045,580493953bfd9de6d0b2d1d8a4f1e43ab9de066daab1e45d308f79bb0263f1ee,3b5dc7d3cd536c342269d1a6f73113685d14db12c226d7ed0c8168444b60d3ca,glm-4.7-flash:q8_0,a035bf4bc812e1408631c2d2b14581b99dfe39f71d895aceb269b4a886080196,0.33.2,off,16384,9.2
3hop1__857_846_7872|overwritten_note|12,3hop1__857_846_7872,overwritten_note,state,write_note,12,1,14,0.857,prov,lossless,second,0,0,0,12,12,1,1,state,state,,1,1,0,3131,140,9269,168bfa490b87987c32e9abf27aba2b17c5b1e85904f1f25d9f267c0979b5b569,b158e0b93282f0a8eb82a72b30b656899862648679fb776908e548d01877f961,glm-4.7-flash:q8_0,a035bf4bc812e1408631c2d2b14581b99dfe39f71d895aceb269b4a886080196,0.33.2,off,16384,7.19
3hop1__857_846_7872|sham|12,3hop1__857_846_7872,sham,none,write_note,12,1,14,0.857,log,lossless,second,0,1,0,6,,,,evidence,none,1,1,1,0,2511,214,7340,ba8b77f02b64574ea7e93ea62fa1fc123ccb9b7577129cf415e005a243f5b0a5,a843cb8506873063041cb18cbabe121aa62190bde1c4edb6f3e24ca895aa4327,glm-4.7-flash:q8_0,a035bf4bc812e1408631c2d2b14581b99dfe39f71d895aceb269b4a886080196,0.33.2,off,16384,6.19
3hop1__857_846_7872|sham|12,3hop1__857_846_7872,sham,none,write_note,12,1,14,0.857,diff,lossless,second,0,1,0,,,,,none,none,0,0,1,0,3276,333,10047,580493953bfd9de6d0b2d1d8a4f1e43ab9de066daab1e45d308f79bb0263f1ee,8a11f3b1438bb34a172e4afad6be3b2c287a47d8870c074c04663a91758641ad,glm-4.7-flash:q8_0,a035bf4bc812e1408631c2d2b14581b99dfe39f71d895aceb269b4a886080196,0.33.2,off,16384,10.12
3hop1__857_846_7872|sham|12,3hop1__857_846_7872,sham,none,write_note,12,1,14,0.857,prov,lossless,second,0,1,0,6,,,,evidence,none,1,0,1,0,3165,192,9321,168bfa490b87987c32e9abf27aba2b17c5b1e85904f1f25d9f267c0979b5b569,9a65a13f60f8d8af7b970d16eb82c42ed93de7183c5620fe0128442d42f9a429,glm-4.7-flash:q8_0,a035bf4bc812e1408631c2d2b14581b99dfe39f71d895aceb269b4a886080196,0.33.2,off,16384,6.28
3hop1__857_846_7872|wrong_argument|10,3hop1__857_846_7872,wrong_argument,tool,read,10,2,14,0.714,log,lossless,second,0,0,0,8,10,0,1,tool,tool,,0,1,0,2497,426,7249,ba8b77f02b64574ea7e93ea62fa1fc123ccb9b7577129cf415e005a243f5b0a5,4e25e5ed9ec9534a76bd0654e02994afd7ebdd5c4e8a53dff0fb059d1ed87592,glm-4.7-flash:q8_0,a035bf4bc812e1408631c2d2b14581b99dfe39f71d895aceb269b4a886080196,0.33.2,off,16384,12.45
3hop1__857_846_7872|wrong_argument|10,3hop1__857_846_7872,wrong_argument,tool,read,10,2,14,0.714,diff,lossless,second,0,0,0,12,10,0,1,evidence,tool,,1,1,0,3260,135,9929,580493953bfd9de6d0b2d1d8a4f1e43ab9de066daab1e45d308f79bb0263f1ee,8dc92f441db6e54f97d93eb5cbacc324bf87b08ed5bcb3b30ac2174e57993e50,glm-4.7-flash:q8_0,a035bf4bc812e1408631c2d2b14581b99dfe39f71d895aceb269b4a886080196,0.33.2,off,16384,5.55
3hop1__857_846_7872|wrong_argument|10,3hop1__857_846_7872,wrong_argument,tool,read,10,2,14,0.714,prov,lossless,second,0,0,0,10,10,1,1,tool,tool,,0,1,0,3163,201,9262,168bfa490b87987c32e9abf27aba2b17c5b1e85904f1f25d9f267c0979b5b569,bf0ea8944841bec96684e0a69bfc4de98e0aa196c5c7d334df822f687ad88389,glm-4.7-flash:q8_0,a035bf4bc812e1408631c2d2b14581b99dfe39f71d895aceb269b4a886080196,0.33.2,off,16384,7.24
3hop1__857_846_7872|wrong_source|12,3hop1__857_846_7872,wrong_source,evidence,write_note,12,1,14,0.857,log,lossless,second,0,0,0,12,12,1,1,evidence,evidence,,1,1,0,2515,145,7355,ba8b77f02b64574ea7e93ea62fa1fc123ccb9b7577129cf415e005a243f5b0a5,a177b73a152b6519914c91421a61ae51d7aff211d5a3d7186b76a68f7be5ec78,glm-4.7-flash:q8_0,a035bf4bc812e1408631c2d2b14581b99dfe39f71d895aceb269b4a886080196,0.33.2,off,16384,4.91
3hop1__857_846_7872|wrong_source|12,3hop1__857_846_7872,wrong_source,evidence,write_note,12,1,14,0.857,diff,lossless,second,0,0,0,12,12,1,1,evidence,evidence,,1,1,0,3278,127,10062,580493953bfd9de6d0b2d1d8a4f1e43ab9de066daab1e45d308f79bb0263f1ee,3d0d67bc8333c95fe417f7d2fddf2acec9d2da5c4a6a76096c008076ae80d0d9,glm-4.7-flash:q8_0,a035bf4bc812e1408631c2d2b14581b99dfe39f71d895aceb269b4a886080196,0.33.2,off,16384,5.42
3hop1__857_846_7872|wrong_source|12,3hop1__857_846_7872,wrong_source,evidence,write_note,12,1,14,0.857,prov,lossless,second,0,0,0,12,12,1,1,evidence,evidence,,1,1,0,3168,184,9336,168bfa490b87987c32e9abf27aba2b17c5b1e85904f1f25d9f267c0979b5b569,5a93c01956b176af1aacafdaa2023b36745a84ac94db001f45abdf7aa2afdd82,glm-4.7-flash:q8_0,a035bf4bc812e1408631c2d2b14581b99dfe39f71d895aceb269b4a886080196,0.33.2,off,16384,6.79
3hop1__829944_474097_84283|corrupted_output|4,3hop1__829944_474097_84283,corrupted_output,tool,read,4,0,30,0.133,log,lossless,second,0,0,0,28,4,0,0,evidence,tool,,0,1,0,4356,188,13976,ba8b77f02b64574ea7e93ea62fa1fc123ccb9b7577129cf415e005a243f5b0a5,cb2f9bb5dc28cdac299024936c01eb7c1bc7b17de5b9c7ae5507691792169889,glm-4.7-flash:q8_0,a035bf4bc812e1408631c2d2b14581b99dfe39f71d895aceb269b4a886080196,0.33.2,off,16384,14.8
3hop1__829944_474097_84283|corrupted_output|4,3hop1__829944_474097_84283,corrupted_output,tool,read,4,0,30,0.133,diff,lossless,second,0,0,0,28,4,0,0,evidence,tool,,1,1,0,5605,169,18024,580493953bfd9de6d0b2d1d8a4f1e43ab9de066daab1e45d308f79bb0263f1ee,262bdef7e34afcd8b5ea59ff1534da65f6d849037e442f68a5efbacf4dda5644,glm-4.7-flash:q8_0,a035bf4bc812e1408631c2d2b14581b99dfe39f71d895aceb269b4a886080196,0.33.2,off,16384,19.91
3hop1__829944_474097_84283|corrupted_output|4,3hop1__829944_474097_84283,corrupted_output,tool,read,4,0,30,0.133,prov,lossless,second,0,0,0,28,4,0,0,evidence,tool,,1,1,0,5643,155,17927,168bfa490b87987c32e9abf27aba2b17c5b1e85904f1f25d9f267c0979b5b569,1b78d8d977a3163af2df530c665370da1cdf2ee4164a0f2a7feb7a0774484e90,glm-4.7-flash:q8_0,a035bf4bc812e1408631c2d2b14581b99dfe39f71d895aceb269b4a886080196,0.33.2,off,16384,19.92
3hop1__829944_474097_84283|dropped_note|12,3hop1__829944_474097_84283,dropped_note,state,write_note,12,1,20,0.6,log,lossless,second,0,0,0,,12,0,0,none,state,,0,1,0,2936,393,8569,ba8b77f02b64574ea7e93ea62fa1fc123ccb9b7577129cf415e005a243f5b0a5,05df61580c80eb6e59a2979e62a8b4008fcc471f4a49bc5906cab3e1b01a2aa9,glm-4.7-flash:q8_0,a035bf4bc812e1408631c2d2b14581b99dfe39f71d895aceb269b4a886080196,0.33.2,off,16384,15.95
3hop1__829944_474097_84283|dropped_note|12,3hop1__829944_474097_84283,dropped_note,state,write_note,12,1,20,0.6,diff,lossless,second,0,0,0,18,12,0,0,evidence,state,,1,1,0,3754,125,11143,580493953bfd9de6d0b2d1d8a4f1e43ab9de066daab1e45d308f79bb0263f1ee,c5c65a9d435a01b0588ce7583cefd0ec5b2a8133a3a5bdc7b078eda7d97f55a9,glm-4.7-flash:q8_0,a035bf4bc812e1408631c2d2b14581b99dfe39f71d895aceb269b4a886080196,0.33.2,off,16384,11.2
3hop1__829944_474097_84283|dropped_note|12,3hop1__829944_474097_84283,dropped_note,state,write_note,12,1,20,0.6,prov,lossless,second,0,0,0,12,12,1,1,evidence,state,,0,1,0,3777,206,11082,168bfa490b87987c32e9abf27aba2b17c5b1e85904f1f25d9f267c0979b5b569,7e6e0cdf9e720296add2d2c44d2bdd5ddf66882d0084535b5128858de954f759,glm-4.7-flash:q8_0,a035bf4bc812e1408631c2d2b14581b99dfe39f71d895aceb269b4a886080196,0.33.2,off,16384,14.03
3hop1__829944_474097_84283|no_source|12,3hop1__829944_474097_84283,no_source,evidence,write_note,12,1,38,0.316,log,lossless,second,0,0,0,12,12,1,1,evidence,evidence,,1,1,0,5331,135,17820,ba8b77f02b64574ea7e93ea62fa1fc123ccb9b7577129cf415e005a243f5b0a5,f61d1f86dd10c71abd42bbacdd9b32171ef8f3b691bfa9cafae8a9fc99037d8b,glm-4.7-flash:q8_0,a035bf4bc812e1408631c2d2b14581b99dfe39f71d895aceb269b4a886080196,0.33.2,off,16384,14.7
3hop1__829944_474097_84283|no_source|12,3hop1__829944_474097_84283,no_source,evidence,write_note,12,1,38,0.316,diff,lossless,second,0,0,0,12,12,1,1,evidence,evidence,,1,1,0,6749,99,22303,580493953bfd9de6d0b2d1d8a4f1e43ab9de066daab1e45d308f79bb0263f1ee,dcfc64138c46b008cbbdc94be3d9355a4088b68a9242d8b76411b1e59600f3cb,glm-4.7-flash:q8_0,a035bf4bc812e1408631c2d2b14581b99dfe39f71d895aceb269b4a886080196,0.33.2,off,16384,17.87
3hop1__829944_474097_84283|no_source|12,3hop1__829944_474097_84283,no_source,evidence,write_note,12,1,38,0.316,prov,lossless,second,0,0,0,12,12,1,1,evidence,evidence,,0,1,0,6764,192,22256,168bfa490b87987c32e9abf27aba2b17c5b1e85904f1f25d9f267c0979b5b569,de1175aedf690430bc740fa60dc33d4010ff9023b8d39d556432a45ac6994d26,glm-4.7-flash:q8_0,a035bf4bc812e1408631c2d2b14581b99dfe39f71d895aceb269b4a886080196,0.33.2,off,16384,20.8
3hop1__829944_474097_84283|overwritten_note|18,3hop1__829944_474097_84283,overwritten_note,state,write_note,18,2,20,0.9,log,lossless,second,0,0,0,18,18,1,1,evidence,state,,0,1,0,2941,269,8611,ba8b77f02b64574ea7e93ea62fa1fc123ccb9b7577129cf415e005a243f5b0a5,b78872223b61775949f39a3656c5666f66ad0daa49664e504d2ebfd71255b425,glm-4.7-flash:q8_0,a035bf4bc812e1408631c2d2b14581b99dfe39f71d895aceb269b4a886080196,0.33.2,off,16384,9.72
3hop1__829944_474097_84283|overwritten_note|18,3hop1__829944_474097_84283,overwritten_note,state,write_note,18,2,20,0.9,diff,lossless,second,0,0,0,18,18,1,1,state,state,,1,1,0,3799,174,11307,580493953bfd9de6d0b2d1d8a4f1e43ab9de066daab1e45d308f79bb0263f1ee,38be551349597aebf510d5f98405da253e8f4299d25400c06916c2ed1d2e717f,glm-4.7-flash:q8_0,a035bf4bc812e1408631c2d2b14581b99dfe39f71d895aceb269b4a886080196,0.33.2,off,16384,8.77
3hop1__829944_474097_84283|overwritten_note|18,3hop1__829944_474097_84283,overwritten_note,state,write_note,18,2,20,0.9,prov,lossless,second,0,0,0,,18,0,0,none,state,,0,1,0,3839,161,11317,168bfa490b87987c32e9abf27aba2b17c5b1e85904f1f25d9f267c0979b5b569,96d6333e8fd2e7be9b2e8f4ef6e902df455eba7583a111acaf0e6486b8360015,glm-4.7-flash:q8_0,a035bf4bc812e1408631c2d2b14581b99dfe39f71d895aceb269b4a886080196,0.33.2,off,16384,8.84
3hop1__829944_474097_84283|sham|12,3hop1__829944_474097_84283,sham,none,write_note,12,1,20,0.6,log,lossless,second,0,1,0,,,,,,none,1,0,0,0,2948,1024,8610,ba8b77f02b64574ea7e93ea62fa1fc123ccb9b7577129cf415e005a243f5b0a5,29da5f8e9067bf3164122cb9515c1ef720c60d4ed7eb3149cb461fb309f76d6b,glm-4.7-flash:q8_0,a035bf4bc812e1408631c2d2b14581b99dfe39f71d895aceb269b4a886080196,0.33.2,off,16384,29.7
3hop1__829944_474097_84283|sham|12,3hop1__829944_474097_84283,sham,none,write_note,12,1,20,0.6,diff,lossless,second,0,1,0,18,,,,evidence,none,1,1,1,0,3805,134,11306,580493953bfd9de6d0b2d1d8a4f1e43ab9de066daab1e45d308f79bb0263f1ee,372566f7380d092a035105fb662a9a37119c31a3396d80ba71997f5512ffc604,glm-4.7-flash:q8_0,a035bf4bc812e1408631c2d2b14581b99dfe39f71d895aceb269b4a886080196,0.33.2,off,16384,4.76
3hop1__829944_474097_84283|sham|12,3hop1__829944_474097_84283,sham,none,write_note,12,1,20,0.6,prov,lossless,second,0,1,0,18,,,,evidence,none,1,1,1,0,3861,172,11349,168bfa490b87987c32e9abf27aba2b17c5b1e85904f1f25d9f267c0979b5b569,1035d3a2e024653e1eb73cb9bc76a712c27a8d7b20ecf1a5ad2369fc4fd80e14,glm-4.7-flash:q8_0,a035bf4bc812e1408631c2d2b14581b99dfe39f71d895aceb269b4a886080196,0.33.2,off,16384,5.98
3hop1__829944_474097_84283|wrong_argument|14,3hop1__829944_474097_84283,wrong_argument,tool,search,14,2,24,0.583,log,lossless,second,0,0,0,12,14,0,1,evidence,tool,,1,1,0,3507,180,10694,ba8b77f02b64574ea7e93ea62fa1fc123ccb9b7577129cf415e005a243f5b0a5,e24adebd799dda5123c8b543844c050b196c2ab0d0d90ad3ac2712dec058d64b,glm-4.7-flash:q8_0,a035bf4bc812e1408631c2d2b14581b99dfe39f71d895aceb269b4a886080196,0.33.2,off,16384,8.83
3hop1__829944_474097_84283|wrong_argument|14,3hop1__829944_474097_84283,wrong_argument,tool,search,14,2,24,0.583,diff,lossless,second,0,0,0,22,14,0,0,evidence,tool,,1,1,0,4454,168,13628,580493953bfd9de6d0b2d1d8a4f1e43ab9de066daab1e45d308f79bb0263f1ee,acf44883bdf441112254a92b64fbe8ebdddbd2c9797e1450de05c0dc3c0264b3,glm-4.7-flash:q8_0,a035bf4bc812e1408631c2d2b14581b99dfe39f71d895aceb269b4a886080196,0.33.2,off,16384,9.88
3hop1__829944_474097_84283|wrong_argument|14,3hop1__829944_474097_84283,wrong_argument,tool,search,14,2,24,0.583,prov,lossless,second,0,0,0,22,14,0,0,evidence,tool,,1,1,0,4537,180,13809,168bfa490b87987c32e9abf27aba2b17c5b1e85904f1f25d9f267c0979b5b569,304f6add2bfd8c2d1b0b4044697bc204a6c44c16a4df477b225c77c6c43fabcc,glm-4.7-flash:q8_0,a035bf4bc812e1408631c2d2b14581b99dfe39f71d895aceb269b4a886080196,0.33.2,off,16384,10.5
3hop1__829944_474097_84283|wrong_source|12,3hop1__829944_474097_84283,wrong_source,evidence,write_note,12,0,20,0.6,log,lossless,second,0,0,0,12,12,1,1,evidence,evidence,,1,1,0,2946,197,8620,ba8b77f02b64574ea7e93ea62fa1fc123ccb9b7577129cf415e005a243f5b0a5,8556deab138b7e37f1bfadd334621d6f571bd05306c462212baeff6cfffc90b5,glm-4.7-flash:q8_0,a035bf4bc812e1408631c2d2b14581b99dfe39f71d895aceb269b4a886080196,0.33.2,off,16384,7.52
3hop1__829944_474097_84283|wrong_source|12,3hop1__829944_474097_84283,wrong_source,evidence,write_note,12,0,20,0.6,diff,lossless,second,0,0,0,12,12,1,1,evidence,evidence,,1,1,0,3802,124,11316,580493953bfd9de6d0b2d1d8a4f1e43ab9de066daab1e45d308f79bb0263f1ee,b302cd5b5a2b0f7bff9d70795e953dd76aacfb3eca63df60415b4324fb9b44b8,glm-4.7-flash:q8_0,a035bf4bc812e1408631c2d2b14581b99dfe39f71d895aceb269b4a886080196,0.33.2,off,16384,7.11
3hop1__829944_474097_84283|wrong_source|12,3hop1__829944_474097_84283,wrong_source,evidence,write_note,12,0,20,0.6,prov,lossless,second,0,0,0,12,12,1,1,evidence,evidence,,1,1,0,3858,157,11359,168bfa490b87987c32e9abf27aba2b17c5b1e85904f1f25d9f267c0979b5b569,b0bd491abd2978382aa140a6efc6686edb3ad298521f4774985b4a7bcfa233ac,glm-4.7-flash:q8_0,a035bf4bc812e1408631c2d2b14581b99dfe39f71d895aceb269b4a886080196,0.33.2,off,16384,8.1
3hop1__454441_55349_651302|clean,3hop1__454441_55349_651302,clean,none,,,,20,,log,lossless,primary,0,1,0,18,,,,evidence,none,1,0,1,0,3213,173,9057,ba8b77f02b64574ea7e93ea62fa1fc123ccb9b7577129cf415e005a243f5b0a5,3ba9813236bab0e65bfbafd3473b0a13210b5ce4120cdc96a609e1402e74bac9,qwen3.8:27b,22130167c4c20e20c7b71454612966ca8e8171e9b3cc8ab6ce8aa6cbfec79643,0.33.2,off,16384,52.58
3hop1__454441_55349_651302|clean,3hop1__454441_55349_651302,clean,none,,,,20,,diff,lossless,primary,0,1,0,18,,,,evidence,none,1,1,1,0,4191,185,12170,580493953bfd9de6d0b2d1d8a4f1e43ab9de066daab1e45d308f79bb0263f1ee,44e2c146a6b8d0df7cc63260220c8616049eac059fadded79f922d6ad3cb5918,qwen3.8:27b,22130167c4c20e20c7b71454612966ca8e8171e9b3cc8ab6ce8aa6cbfec79643,0.33.2,off,16384,55.41
3hop1__454441_55349_651302|clean,3hop1__454441_55349_651302,clean,none,,,,20,,prov,lossless,primary,0,1,0,18,,,,evidence,none,1,0,1,0,4184,182,11742,168bfa490b87987c32e9abf27aba2b17c5b1e85904f1f25d9f267c0979b5b569,005d22ed7400aa94a90a0ce04bcdd732054b5f666964943580a14f9b7c6ad37b,qwen3.8:27b,22130167c4c20e20c7b71454612966ca8e8171e9b3cc8ab6ce8aa6cbfec79643,0.33.2,off,16384,56.27
3hop1__836699_15840_36014|clean,3hop1__836699_15840_36014,clean,none,,,,14,,log,lossless,primary,0,1,0,2,,,,tool,none,1,0,1,0,2361,160,6594,ba8b77f02b64574ea7e93ea62fa1fc123ccb9b7577129cf415e005a243f5b0a5,3063b0e66861e45cbca8e8e4745570bca8d01a7a096796d2038b1a2869c63ceb,qwen3.8:27b,22130167c4c20e20c7b71454612966ca8e8171e9b3cc8ab6ce8aa6cbfec79643,0.33.2,off,16384,38.03
3hop1__836699_15840_36014|clean,3hop1__836699_15840_36014,clean,none,,,,14,,diff,lossless,primary,0,1,0,,,,,none,none,0,0,1,0,3057,159,9035,580493953bfd9de6d0b2d1d8a4f1e43ab9de066daab1e45d308f79bb0263f1ee,7cc4f185d7bf93317c84b27e67323c069f5b754a6fd857bfb80c7d9aeeca5954,qwen3.8:27b,22130167c4c20e20c7b71454612966ca8e8171e9b3cc8ab6ce8aa6cbfec79643,0.33.2,off,16384,45.74
3hop1__836699_15840_36014|clean,3hop1__836699_15840_36014,clean,none,,,,14,,prov,lossless,primary,0,1,0,,,,,none,none,0,0,1,0,3051,134,8626,168bfa490b87987c32e9abf27aba2b17c5b1e85904f1f25d9f267c0979b5b569,15f7af166c576ba31d95751e316afb5972a37e465e74e551a3189a32f47ebe37,qwen3.8:27b,22130167c4c20e20c7b71454612966ca8e8171e9b3cc8ab6ce8aa6cbfec79643,0.33.2,off,16384,43.6
3hop1__19768_19788_10117|clean,3hop1__19768_19788_10117,clean,none,,,,14,,log,lossless,primary,0,1,0,,,,,none,none,0,0,1,0,2278,181,6112,ba8b77f02b64574ea7e93ea62fa1fc123ccb9b7577129cf415e005a243f5b0a5,988b10196042e25ce529697c261ac540fdecfe1695578bc44294f5d4dd64bc1e,qwen3.8:27b,22130167c4c20e20c7b71454612966ca8e8171e9b3cc8ab6ce8aa6cbfec79643,0.33.2,off,16384,41.29
3hop1__19768_19788_10117|clean,3hop1__19768_19788_10117,clean,none,,,,14,,diff,lossless,primary,0,1,0,,,,,none,none,0,0,1,0,2869,167,8044,580493953bfd9de6d0b2d1d8a4f1e43ab9de066daab1e45d308f79bb0263f1ee,230633f17d49b6046ef29710aacda0b4a67922852d7d29ef584869c5d14ccab2,qwen3.8:27b,22130167c4c20e20c7b71454612966ca8e8171e9b3cc8ab6ce8aa6cbfec79643,0.33.2,off,16384,45.35
3hop1__19768_19788_10117|clean,3hop1__19768_19788_10117,clean,none,,,,14,,prov,lossless,primary,0,1,0,,,,,none,none,0,0,1,0,2990,432,8180,168bfa490b87987c32e9abf27aba2b17c5b1e85904f1f25d9f267c0979b5b569,3f44611b5128c97147bfc6f172a9533fcefddf71607b318440f1bf022488a646,qwen3.8:27b,22130167c4c20e20c7b71454612966ca8e8171e9b3cc8ab6ce8aa6cbfec79643,0.33.2,off,16384,84.0
3hop2__855821_467331_162182|clean,3hop2__855821_467331_162182,clean,none,,,,20,,log,lossless,primary,0,1,0,,,,,none,none,0,0,1,0,3237,127,9738,ba8b77f02b64574ea7e93ea62fa1fc123ccb9b7577129cf415e005a243f5b0a5,66406d2934a3107899608f72c6099cf880b29915503a16bc2aace335df93fa8c,qwen3.8:27b,22130167c4c20e20c7b71454612966ca8e8171e9b3cc8ab6ce8aa6cbfec79643,0.33.2,off,16384,43.15
3hop2__855821_467331_162182|clean,3hop2__855821_467331_162182,clean,none,,,,20,,diff,lossless,primary,0,1,0,,,,,none,none,0,0,1,0,4139,120,12790,580493953bfd9de6d0b2d1d8a4f1e43ab9de066daab1e45d308f79bb0263f1ee,6e1d409dcdd3724b6dff34b41701a576af9ead19c4534c76fccdb545a2e7d857,qwen3.8:27b,22130167c4c20e20c7b71454612966ca8e8171e9b3cc8ab6ce8aa6cbfec79643,0.33.2,off,16384,51.29
3hop2__855821_467331_162182|clean,3hop2__855821_467331_162182,clean,none,,,,20,,prov,lossless,primary,0,1,0,,,,,none,none,0,0,1,0,4225,126,12589,168bfa490b87987c32e9abf27aba2b17c5b1e85904f1f25d9f267c0979b5b569,99f8802ba42c6a556db8b59d1ed91bf2c43b375aa5767b9a59285fe0bd0e5c36,qwen3.8:27b,22130167c4c20e20c7b71454612966ca8e8171e9b3cc8ab6ce8aa6cbfec79643,0.33.2,off,16384,52.11
3hop1__152880_131926_90707|clean,3hop1__152880_131926_90707,clean,none,,,,20,,log,lossless,primary,0,1,0,,,,,none,none,0,0,1,0,3204,133,9231,ba8b77f02b64574ea7e93ea62fa1fc123ccb9b7577129cf415e005a243f5b0a5,12d034c545aa95b2cbd651123690ad863c819a1219f109ea6c83bb32024ab88d,qwen3.8:27b,22130167c4c20e20c7b71454612966ca8e8171e9b3cc8ab6ce8aa6cbfec79643,0.33.2,off,16384,44.13
3hop1__152880_131926_90707|clean,3hop1__152880_131926_90707,clean,none,,,,20,,diff,lossless,primary,0,1,0,,,,,none,none,0,0,1,0,4122,128,12271,580493953bfd9de6d0b2d1d8a4f1e43ab9de066daab1e45d308f79bb0263f1ee,fa6ef59c6bd0d9aabba731cde25597bb07f6ab036278411ced56b61665e5742c,qwen3.8:27b,22130167c4c20e20c7b71454612966ca8e8171e9b3cc8ab6ce8aa6cbfec79643,0.33.2,off,16384,49.31
3hop1__152880_131926_90707|clean,3hop1__152880_131926_90707,clean,none,,,,20,,prov,lossless,primary,0,1,0,,,,,none,none,0,0,1,0,4181,132,12053,168bfa490b87987c32e9abf27aba2b17c5b1e85904f1f25d9f267c0979b5b569,906db4c73bbc0d652d48a9feff18bc55e5608c779ffa78d6d902c8c042664ce0,qwen3.8:27b,22130167c4c20e20c7b71454612966ca8e8171e9b3cc8ab6ce8aa6cbfec79643,0.33.2,off,16384,52.39
4hop1__199362_765799_282674_759393|clean,4hop1__199362_765799_282674_759393,clean,none,,,,30,,log,lossless,primary,0,1,0,10,,,,tool,none,1,0,1,0,4629,210,13973,ba8b77f02b64574ea7e93ea62fa1fc123ccb9b7577129cf415e005a243f5b0a5,7eaf606490714d087bf268fcf2eadffd16fa146fe382f0823bcfd443a2d46b60,qwen3.8:27b,22130167c4c20e20c7b71454612966ca8e8171e9b3cc8ab6ce8aa6cbfec79643,0.33.2,off,16384,63.13
4hop1__199362_765799_282674_759393|clean,4hop1__199362_765799_282674_759393,clean,none,,,,30,,diff,lossless,primary,0,1,0,,,,,none,none,0,0,1,0,5869,667,17670,580493953bfd9de6d0b2d1d8a4f1e43ab9de066daab1e45d308f79bb0263f1ee,99fede8ccfb1aa4b40e4756273e245d0eeec62f9932140c0ba75dff6f022a20a,qwen3.8:27b,22130167c4c20e20c7b71454612966ca8e8171e9b3cc8ab6ce8aa6cbfec79643,0.33.2,off,16384,119.73
4hop1__199362_765799_282674_759393|clean,4hop1__199362_765799_282674_759393,clean,none,,,,30,,prov,lossless,primary,0,1,0,,,,,none,none,0,0,1,0,5945,163,17605,168bfa490b87987c32e9abf27aba2b17c5b1e85904f1f25d9f267c0979b5b569,f779bff3e6ca416b16c507e21608ad62157abfb9a047eea79b34dbaa755d3174,qwen3.8:27b,22130167c4c20e20c7b71454612966ca8e8171e9b3cc8ab6ce8aa6cbfec79643,0.33.2,off,16384,70.81
3hop1__103180_214799_259594|clean,3hop1__103180_214799_259594,clean,none,,,,26,,log,lossless,primary,0,1,0,,,,,none,none,0,0,1,0,3939,123,11938,ba8b77f02b64574ea7e93ea62fa1fc123ccb9b7577129cf415e005a243f5b0a5,18439e6de66a52e3241f8836bdd4924c050efcb6b4d2d3b3190606981120b31e,qwen3.8:27b,22130167c4c20e20c7b71454612966ca8e8171e9b3cc8ab6ce8aa6cbfec79643,0.33.2,off,16384,50.44
3hop1__103180_214799_259594|clean,3hop1__103180_214799_259594,clean,none,,,,26,,diff,lossless,primary,0,1,0,,,,,none,none,0,0,1,0,5110,138,15711,580493953bfd9de6d0b2d1d8a4f1e43ab9de066daab1e45d308f79bb0263f1ee,6d9ca780190c48195f41b4735ebb401c218932466d56ecab3421dde1185bb5a9,qwen3.8:27b,22130167c4c20e20c7b71454612966ca8e8171e9b3cc8ab6ce8aa6cbfec79643,0.33.2,off,16384,62.63
3hop1__103180_214799_259594|clean,3hop1__103180_214799_259594,clean,none,,,,26,,prov,lossless,primary,0,1,0,,,,,none,none,0,0,1,0,5130,125,15226,168bfa490b87987c32e9abf27aba2b17c5b1e85904f1f25d9f267c0979b5b569,0007da6b49c23e94b2bbabb49836d6be85540484491f89098d870831680b9b10,qwen3.8:27b,22130167c4c20e20c7b71454612966ca8e8171e9b3cc8ab6ce8aa6cbfec79643,0.33.2,off,16384,60.63
3hop1__818422_160545_34751|clean,3hop1__818422_160545_34751,clean,none,,,,14,,log,lossless,primary,0,1,0,,,,,none,none,0,0,1,0,2294,159,5913,ba8b77f02b64574ea7e93ea62fa1fc123ccb9b7577129cf415e005a243f5b0a5,ebb27d7d32511cb70527e6029923a7061c1bc480ec13fff524e624cc36990adb,qwen3.8:27b,22130167c4c20e20c7b71454612966ca8e8171e9b3cc8ab6ce8aa6cbfec79643,0.33.2,off,16384,38.52
3hop1__818422_160545_34751|clean,3hop1__818422_160545_34751,clean,none,,,,14,,diff,lossless,primary,0,1,0,,,,,none,none,0,0,1,0,2897,217,7914,580493953bfd9de6d0b2d1d8a4f1e43ab9de066daab1e45d308f79bb0263f1ee,7960232df81454513f05aae49483f1d8c059a1bb7134042be59bf078a490bbcc,qwen3.8:27b,22130167c4c20e20c7b71454612966ca8e8171e9b3cc8ab6ce8aa6cbfec79643,0.33.2,off,16384,47.76
3hop1__818422_160545_34751|clean,3hop1__818422_160545_34751,clean,none,,,,14,,prov,lossless,primary,0,1,0,,,,,none,none,0,0,1,0,3001,98,7925,168bfa490b87987c32e9abf27aba2b17c5b1e85904f1f25d9f267c0979b5b569,a7d7aa542f9713f1082fb9bd0d7c0714c99689bc30e95c51d77f422f9311fdb0,qwen3.8:27b,22130167c4c20e20c7b71454612966ca8e8171e9b3cc8ab6ce8aa6cbfec79643,0.33.2,off,16384,37.93
3hop1__742780_567566_84283|clean,3hop1__742780_567566_84283,clean,none,,,,20,,log,lossless,primary,0,1,0,,,,,none,none,0,0,1,0,3551,130,10530,ba8b77f02b64574ea7e93ea62fa1fc123ccb9b7577129cf415e005a243f5b0a5,9874d5c4b10bb276dbedb9e11d32d192249083a1f784d90c599db4de85fd7807,qwen3.8:27b,22130167c4c20e20c7b71454612966ca8e8171e9b3cc8ab6ce8aa6cbfec79643,0.33.2,off,16384,46.86
3hop1__742780_567566_84283|clean,3hop1__742780_567566_84283,clean,none,,,,20,,diff,lossless,primary,0,1,0,,,,,none,none,0,0,1,0,4701,106,14326,580493953bfd9de6d0b2d1d8a4f1e43ab9de066daab1e45d308f79bb0263f1ee,bc131c52cb6b8fe942f70b672c8de8bf838c017f274704e3d625124d57b7d035,qwen3.8:27b,22130167c4c20e20c7b71454612966ca8e8171e9b3cc8ab6ce8aa6cbfec79643,0.33.2,off,16384,53.44
3hop1__742780_567566_84283|clean,3hop1__742780_567566_84283,clean,none,,,,20,,prov,lossless,primary,0,1,0,,,,,none,none,0,0,1,0,4546,126,13369,168bfa490b87987c32e9abf27aba2b17c5b1e85904f1f25d9f267c0979b5b569,13039fa489f437d2496d95da295e8e7a85b681a560682ec17f836c5b075a34f9,qwen3.8:27b,22130167c4c20e20c7b71454612966ca8e8171e9b3cc8ab6ce8aa6cbfec79643,0.33.2,off,16384,54.91
3hop1__796649_720914_41132|clean,3hop1__796649_720914_41132,clean,none,,,,20,,log,lossless,primary,0,1,0,12,,,,evidence,none,1,0,1,0,3347,198,8846,ba8b77f02b64574ea7e93ea62fa1fc123ccb9b7577129cf415e005a243f5b0a5,b94131fb07d10062cc746279c21deef10a7c6940496a5c0e29cb5c4cfa971331,qwen3.8:27b,22130167c4c20e20c7b71454612966ca8e8171e9b3cc8ab6ce8aa6cbfec79643,0.33.2,off,16384,50.86
3hop1__796649_720914_41132|clean,3hop1__796649_720914_41132,clean,none,,,,20,,diff,lossless,primary,0,1,0,12,,,,evidence,none,1,1,1,0,4422,217,11900,580493953bfd9de6d0b2d1d8a4f1e43ab9de066daab1e45d308f79bb0263f1ee,0f52390663847697965b42a076e776b0481963d74043405c0ec202a0c61767fe,qwen3.8:27b,22130167c4c20e20c7b71454612966ca8e8171e9b3cc8ab6ce8aa6cbfec79643,0.33.2,off,16384,61.94
3hop1__796649_720914_41132|clean,3hop1__796649_720914_41132,clean,none,,,,20,,prov,lossless,primary,0,1,0,12,,,,evidence,none,1,1,1,0,4327,279,11575,168bfa490b87987c32e9abf27aba2b17c5b1e85904f1f25d9f267c0979b5b569,ade3ee9ead8a9e65e8b88bc5c85c71823ea80dbc9706ea7ec92ababbcec85df7,qwen3.8:27b,22130167c4c20e20c7b71454612966ca8e8171e9b3cc8ab6ce8aa6cbfec79643,0.33.2,off,16384,67.14
3hop1__273571_834494_34053|clean,3hop1__273571_834494_34053,clean,none,,,,14,,log,lossless,primary,0,1,0,,,,,,none,1,0,0,0,2618,1024,6365,ba8b77f02b64574ea7e93ea62fa1fc123ccb9b7577129cf415e005a243f5b0a5,8afc7a8d3c7c75896b95b450555147fd492848a250e9e497614ed89a801d7a1f,qwen3.8:27b,22130167c4c20e20c7b71454612966ca8e8171e9b3cc8ab6ce8aa6cbfec79643,0.33.2,off,16384,148.93
3hop1__273571_834494_34053|clean,3hop1__273571_834494_34053,clean,none,,,,14,,diff,lossless,primary,0,1,0,,,,,none,none,0,0,1,0,3448,172,8612,580493953bfd9de6d0b2d1d8a4f1e43ab9de066daab1e45d308f79bb0263f1ee,2e8a59d0aaf832f9b2925972a17239750a16c83e584577e528e5fe6fea786220,qwen3.8:27b,22130167c4c20e20c7b71454612966ca8e8171e9b3cc8ab6ce8aa6cbfec79643,0.33.2,off,16384,50.39
3hop1__273571_834494_34053|clean,3hop1__273571_834494_34053,clean,none,,,,14,,prov,lossless,primary,0,1,0,,,,,,none,1,0,0,0,3314,1024,8339,168bfa490b87987c32e9abf27aba2b17c5b1e85904f1f25d9f267c0979b5b569,8fcf469c965effd43319570cdcd9328f9657ffed7e8eb36ffd892ee270695c17,qwen3.8:27b,22130167c4c20e20c7b71454612966ca8e8171e9b3cc8ab6ce8aa6cbfec79643,0.33.2,off,16384,153.85
3hop1__222497_309482_80702|clean,3hop1__222497_309482_80702,clean,none,,,,20,,log,lossless,primary,0,1,0,12,,,,evidence,none,1,0,1,0,3461,356,9243,ba8b77f02b64574ea7e93ea62fa1fc123ccb9b7577129cf415e005a243f5b0a5,6da3cb06460f6fcd0a87ee4dac28a927d641e82dbd88522a883db99bb59d36e5,qwen3.8:27b,22130167c4c20e20c7b71454612966ca8e8171e9b3cc8ab6ce8aa6cbfec79643,0.33.2,off,16384,71.57
3hop1__222497_309482_80702|clean,3hop1__222497_309482_80702,clean,none,,,,20,,diff,lossless,primary,0,1,0,12,,,,evidence,none,1,1,1,0,4660,237,12973,580493953bfd9de6d0b2d1d8a4f1e43ab9de066daab1e45d308f79bb0263f1ee,8c8d4dccb8f2bfcd58755522262c263bd187e49a0861e9709a93e56bffeeacfd,qwen3.8:27b,22130167c4c20e20c7b71454612966ca8e8171e9b3cc8ab6ce8aa6cbfec79643,0.33.2,off,16384,69.02
3hop1__222497_309482_80702|clean,3hop1__222497_309482_80702,clean,none,,,,20,,prov,lossless,primary,0,1,0,,,,,none,none,0,0,1,0,4427,525,11975,168bfa490b87987c32e9abf27aba2b17c5b1e85904f1f25d9f267c0979b5b569,f9c34f63d831b5d5958b5f1be80db7aa7dbefa87506567220759665b6503d8a2,qwen3.8:27b,22130167c4c20e20c7b71454612966ca8e8171e9b3cc8ab6ce8aa6cbfec79643,0.33.2,off,16384,107.37
3hop1__337705_132457_47686|clean,3hop1__337705_132457_47686,clean,none,,,,20,,log,lossless,primary,0,1,0,,,,,none,none,0,0,1,0,3155,138,8987,ba8b77f02b64574ea7e93ea62fa1fc123ccb9b7577129cf415e005a243f5b0a5,c547b5c366330269e3d846fd23a5fc98ee5c20019d5b0b742cce043d1f5d7a26,qwen3.8:27b,22130167c4c20e20c7b71454612966ca8e8171e9b3cc8ab6ce8aa6cbfec79643,0.33.2,off,16384,43.67
3hop1__337705_132457_47686|clean,3hop1__337705_132457_47686,clean,none,,,,20,,diff,lossless,primary,0,1,0,,,,,none,none,0,0,1,0,4059,125,11888,580493953bfd9de6d0b2d1d8a4f1e43ab9de066daab1e45d308f79bb0263f1ee,160cccd79fe470a93f6a126239633e3d95d79f6ee6930de57feeb1e0c12b81c5,qwen3.8:27b,22130167c4c20e20c7b71454612966ca8e8171e9b3cc8ab6ce8aa6cbfec79643,0.33.2,off,16384,50.52
3hop1__337705_132457_47686|clean,3hop1__337705_132457_47686,clean,none,,,,20,,prov,lossless,primary,0,1,0,,,,,none,none,0,0,1,0,4146,130,11820,168bfa490b87987c32e9abf27aba2b17c5b1e85904f1f25d9f267c0979b5b569,f0402ca0775e255678652fb39d0ffb8346a24c562b519d8df3978b468e4c0c0c,qwen3.8:27b,22130167c4c20e20c7b71454612966ca8e8171e9b3cc8ab6ce8aa6cbfec79643,0.33.2,off,16384,54.36
3hop1__389069_132457_51423|clean,3hop1__389069_132457_51423,clean,none,,,,26,,log,lossless,primary,0,1,0,,,,,none,none,0,0,1,0,3876,128,11161,ba8b77f02b64574ea7e93ea62fa1fc123ccb9b7577129cf415e005a243f5b0a5,ed77355cf4f35244af8f500604a88fe041257825e2c77c7c0fc6d516ab41b087,qwen3.8:27b,22130167c4c20e20c7b71454612966ca8e8171e9b3cc8ab6ce8aa6cbfec79643,0.33.2,off,16384,49.51
3hop1__389069_132457_51423|clean,3hop1__389069_132457_51423,clean,none,,,,26,,diff,lossless,primary,0,1,0,,,,,none,none,0,0,1,0,5088,119,14939,580493953bfd9de6d0b2d1d8a4f1e43ab9de066daab1e45d308f79bb0263f1ee,af17e11d474b9c780d8a94e298350b42227f5c2572db855b733b881d90b6f205,qwen3.8:27b,22130167c4c20e20c7b71454612966ca8e8171e9b3cc8ab6ce8aa6cbfec79643,0.33.2,off,16384,57.69
3hop1__389069_132457_51423|clean,3hop1__389069_132457_51423,clean,none,,,,26,,prov,lossless,primary,0,1,0,18,,,,tool,none,1,0,1,0,5095,165,14604,168bfa490b87987c32e9abf27aba2b17c5b1e85904f1f25d9f267c0979b5b569,7e51879c4238aa302bc1ee8baa867ca4320b933ae8c4bef3e5c4da8e918dc925,qwen3.8:27b,22130167c4c20e20c7b71454612966ca8e8171e9b3cc8ab6ce8aa6cbfec79643,0.33.2,off,16384,63.55
3hop1__654651_55349_651302|clean,3hop1__654651_55349_651302,clean,none,,,,20,,log,lossless,primary,0,1,0,18,,,,evidence,none,1,1,1,0,3161,184,8774,ba8b77f02b64574ea7e93ea62fa1fc123ccb9b7577129cf415e005a243f5b0a5,1650a3b044e31a20216d0c5a1a4c5dbf3c6e591a50c2b85240d68859db2a25b6,qwen3.8:27b,22130167c4c20e20c7b71454612966ca8e8171e9b3cc8ab6ce8aa6cbfec79643,0.33.2,off,16384,47.54
3hop1__654651_55349_651302|clean,3hop1__654651_55349_651302,clean,none,,,,20,,diff,lossless,primary,0,1,0,18,,,,evidence,none,1,1,1,0,4075,218,11577,580493953bfd9de6d0b2d1d8a4f1e43ab9de066daab1e45d308f79bb0263f1ee,1bf5532452714bcb4f1de000651085b27f947ed8c1080e3924918cdd16868874,qwen3.8:27b,22130167c4c20e20c7b71454612966ca8e8171e9b3cc8ab6ce8aa6cbfec79643,0.33.2,off,16384,61.06
3hop1__654651_55349_651302|clean,3hop1__654651_55349_651302,clean,none,,,,20,,prov,lossless,primary,0,1,0,18,,,,evidence,none,1,0,1,0,4138,209,11437,168bfa490b87987c32e9abf27aba2b17c5b1e85904f1f25d9f267c0979b5b569,3e4f34985a92f8c104cb89908766b5cced34c8fdc67259d25076b25e971b1b74,qwen3.8:27b,22130167c4c20e20c7b71454612966ca8e8171e9b3cc8ab6ce8aa6cbfec79643,0.33.2,off,16384,57.35
4hop1__608132_508773_85832_745702|clean,4hop1__608132_508773_85832_745702,clean,none,,,,26,,log,lossless,primary,0,1,0,,,,,none,none,0,0,1,0,4033,145,11737,ba8b77f02b64574ea7e93ea62fa1fc123ccb9b7577129cf415e005a243f5b0a5,0ba3068fecdc3af917464200ef45c1b0e5d6512996a325f3eb18586d09c578c1,qwen3.8:27b,22130167c4c20e20c7b71454612966ca8e8171e9b3cc8ab6ce8aa6cbfec79643,0.33.2,off,16384,52.2
4hop1__608132_508773_85832_745702|clean,4hop1__608132_508773_85832_745702,clean,none,,,,26,,diff,lossless,primary,0,1,0,,,,,none,none,0,0,1,0,5237,138,15438,580493953bfd9de6d0b2d1d8a4f1e43ab9de066daab1e45d308f79bb0263f1ee,a109be38ddf03016e9aae2745cada9da3465a156d32d04a06cab82821e2fc99f,qwen3.8:27b,22130167c4c20e20c7b71454612966ca8e8171e9b3cc8ab6ce8aa6cbfec79643,0.33.2,off,16384,60.78
4hop1__608132_508773_85832_745702|clean,4hop1__608132_508773_85832_745702,clean,none,,,,26,,prov,lossless,primary,0,1,0,,,,,none,none,0,0,1,0,5328,140,15398,168bfa490b87987c32e9abf27aba2b17c5b1e85904f1f25d9f267c0979b5b569,777ca54be45977a461f3c0fa7c5af0b05ff3a6d554ecbae07d99a6ff8aae3b57,qwen3.8:27b,22130167c4c20e20c7b71454612966ca8e8171e9b3cc8ab6ce8aa6cbfec79643,0.33.2,off,16384,63.45
3hop1__273571_834494_34088|clean,3hop1__273571_834494_34088,clean,none,,,,20,,log,lossless,primary,0,1,0,,,,,none,none,0,0,1,0,3169,118,9191,ba8b77f02b64574ea7e93ea62fa1fc123ccb9b7577129cf415e005a243f5b0a5,8e6bc8a16cd1b80e76bc0a4e573dfa04b84332249cc04bd02d4071a9ac463bd3,qwen3.8:27b,22130167c4c20e20c7b71454612966ca8e8171e9b3cc8ab6ce8aa6cbfec79643,0.33.2,off,16384,45.25
3hop1__273571_834494_34088|clean,3hop1__273571_834494_34088,clean,none,,,,20,,diff,lossless,primary,0,1,0,,,,,none,none,0,0,1,0,4021,103,11879,580493953bfd9de6d0b2d1d8a4f1e43ab9de066daab1e45d308f79bb0263f1ee,0606f0f6ab2257972d904f8ad18564b96cd9ec4fcef384807a06eb8425a1f9b0,qwen3.8:27b,22130167c4c20e20c7b71454612966ca8e8171e9b3cc8ab6ce8aa6cbfec79643,0.33.2,off,16384,49.36
3hop1__273571_834494_34088|clean,3hop1__273571_834494_34088,clean,none,,,,20,,prov,lossless,primary,0,1,0,,,,,,none,1,0,0,0,4139,1024,11960,168bfa490b87987c32e9abf27aba2b17c5b1e85904f1f25d9f267c0979b5b569,9523a5a3c2db157e296dba80c7a35f26683be8797bd5f826b83f3377c3124fa3,qwen3.8:27b,22130167c4c20e20c7b71454612966ca8e8171e9b3cc8ab6ce8aa6cbfec79643,0.33.2,off,16384,153.09
3hop1__813285_774554_124169|clean,3hop1__813285_774554_124169,clean,none,,,,26,,log,lossless,primary,0,1,0,,,,,none,none,0,0,1,0,4273,503,12039,ba8b77f02b64574ea7e93ea62fa1fc123ccb9b7577129cf415e005a243f5b0a5,031fe6d36d2e622fca53889d5b95b1b8f371e8842fe356b42a6afe3043d78220,qwen3.8:27b,22130167c4c20e20c7b71454612966ca8e8171e9b3cc8ab6ce8aa6cbfec79643,0.33.2,off,16384,103.96
3hop1__813285_774554_124169|clean,3hop1__813285_774554_124169,clean,none,,,,26,,diff,lossless,primary,0,1,0,18,,,,evidence,none,1,0,1,0,5642,765,16360,580493953bfd9de6d0b2d1d8a4f1e43ab9de066daab1e45d308f79bb0263f1ee,db13ef22d2ed0bb2e7d0278732179fd5b377622180fb82b61d296b0c2bfb4bd3,qwen3.8:27b,22130167c4c20e20c7b71454612966ca8e8171e9b3cc8ab6ce8aa6cbfec79643,0.33.2,off,16384,148.77
3hop1__813285_774554_124169|clean,3hop1__813285_774554_124169,clean,none,,,,26,,prov,lossless,primary,0,1,0,,,,,none,none,0,0,1,0,5510,165,15433,168bfa490b87987c32e9abf27aba2b17c5b1e85904f1f25d9f267c0979b5b569,79dbe253da722297c0345290fb92e361ab572796a38ce1ac566380dbc910ce34,qwen3.8:27b,22130167c4c20e20c7b71454612966ca8e8171e9b3cc8ab6ce8aa6cbfec79643,0.33.2,off,16384,65.97
3hop1__131820_59747_60748|clean,3hop1__131820_59747_60748,clean,none,,,,14,,log,lossless,primary,0,1,0,,,,,none,none,0,0,1,0,2500,628,6591,ba8b77f02b64574ea7e93ea62fa1fc123ccb9b7577129cf415e005a243f5b0a5,c2325e5f18daecd2b19973c85cb000fe9fb70d3e0aa088f6fe84c9f4f7635a0d,qwen3.8:27b,22130167c4c20e20c7b71454612966ca8e8171e9b3cc8ab6ce8aa6cbfec79643,0.33.2,off,16384,94.82
3hop1__131820_59747_60748|clean,3hop1__131820_59747_60748,clean,none,,,,14,,diff,lossless,primary,0,1,0,,,,,none,none,0,0,1,0,3227,290,9043,580493953bfd9de6d0b2d1d8a4f1e43ab9de066daab1e45d308f79bb0263f1ee,c2b3f0c889d1f89f0e9828494722d5d057313cbe9fd3679abc9e3a01b4c46b99,qwen3.8:27b,22130167c4c20e20c7b71454612966ca8e8171e9b3cc8ab6ce8aa6cbfec79643,0.33.2,off,16384,67.0
3hop1__131820_59747_60748|clean,3hop1__131820_59747_60748,clean,none,,,,14,,prov,lossless,primary,0,1,0,,,,,none,none,0,0,1,0,3222,157,8595,168bfa490b87987c32e9abf27aba2b17c5b1e85904f1f25d9f267c0979b5b569,9f609cda9e1c1eb6cf9e6cebe2b83741e67c916ffbc8642b4eacecf00b9dddcf,qwen3.8:27b,22130167c4c20e20c7b71454612966ca8e8171e9b3cc8ab6ce8aa6cbfec79643,0.33.2,off,16384,47.71
3hop1__401538_132457_47686|clean,3hop1__401538_132457_47686,clean,none,,,,20,,log,lossless,primary,0,1,0,,,,,none,none,0,0,1,0,3121,120,8784,ba8b77f02b64574ea7e93ea62fa1fc123ccb9b7577129cf415e005a243f5b0a5,67828dcf47ee827951d8a5bda37bdd17fc68701f922091d9c4cb8acb629ea4e1,qwen3.8:27b,22130167c4c20e20c7b71454612966ca8e8171e9b3cc8ab6ce8aa6cbfec79643,0.33.2,off,16384,42.2
3hop1__401538_132457_47686|clean,3hop1__401538_132457_47686,clean,none,,,,20,,diff,lossless,primary,0,1,0,,,,,none,none,0,0,1,0,4055,121,11766,580493953bfd9de6d0b2d1d8a4f1e43ab9de066daab1e45d308f79bb0263f1ee,41508fd5adc2055922b959d13adb4637352d8e41a7055c40753fdc82a6d3c187,qwen3.8:27b,22130167c4c20e20c7b71454612966ca8e8171e9b3cc8ab6ce8aa6cbfec79643,0.33.2,off,16384,51.88
3hop1__401538_132457_47686|clean,3hop1__401538_132457_47686,clean,none,,,,20,,prov,lossless,primary,0,1,0,,,,,none,none,0,0,1,0,4081,101,11510,168bfa490b87987c32e9abf27aba2b17c5b1e85904f1f25d9f267c0979b5b569,f5432cede934b4aa0bc23468d9d4a656bc44ab25cdb030591e1234c81e886adb,qwen3.8:27b,22130167c4c20e20c7b71454612966ca8e8171e9b3cc8ab6ce8aa6cbfec79643,0.33.2,off,16384,48.73
4hop1__152562_5274_458768_33677|clean,4hop1__152562_5274_458768_33677,clean,none,,,,26,,log,lossless,primary,0,1,0,18,,,,evidence,none,1,0,1,0,4058,218,12515,ba8b77f02b64574ea7e93ea62fa1fc123ccb9b7577129cf415e005a243f5b0a5,a7ea3abc74a1993adfecea7d551fd011fb119d4af261bbab056a5f3c32eb5a6b,qwen3.8:27b,22130167c4c20e20c7b71454612966ca8e8171e9b3cc8ab6ce8aa6cbfec79643,0.33.2,off,16384,58.34
4hop1__152562_5274_458768_33677|clean,4hop1__152562_5274_458768_33677,clean,none,,,,26,,diff,lossless,primary,0,1,0,18,,,,evidence,none,1,1,1,0,5312,217,16610,580493953bfd9de6d0b2d1d8a4f1e43ab9de066daab1e45d308f79bb0263f1ee,8d3e472fa1d9ee136881d7c88c58132db21d5b7838883f4519d7888bd21e33f0,qwen3.8:27b,22130167c4c20e20c7b71454612966ca8e8171e9b3cc8ab6ce8aa6cbfec79643,0.33.2,off,16384,68.81
4hop1__152562_5274_458768_33677|clean,4hop1__152562_5274_458768_33677,clean,none,,,,26,,prov,lossless,primary,0,1,0,18,,,,evidence,none,1,0,1,0,5358,199,16298,168bfa490b87987c32e9abf27aba2b17c5b1e85904f1f25d9f267c0979b5b569,c28af480843e9ccb25cbae0696cf3c50cb65b309b212f29615ecd8940a21bd7a,qwen3.8:27b,22130167c4c20e20c7b71454612966ca8e8171e9b3cc8ab6ce8aa6cbfec79643,0.33.2,off,16384,67.24
3hop1__695430_831637_91775|clean,3hop1__695430_831637_91775,clean,none,,,,26,,log,lossless,primary,0,1,0,12,,,,evidence,none,1,1,1,0,3935,199,10484,ba8b77f02b64574ea7e93ea62fa1fc123ccb9b7577129cf415e005a243f5b0a5,72fad365c77a145b9a8573f5ee5fb4aa8161dc4e5a29872eb0f9c4944a992b7d,qwen3.8:27b,22130167c4c20e20c7b71454612966ca8e8171e9b3cc8ab6ce8aa6cbfec79643,0.33.2,off,16384,53.29
3hop1__695430_831637_91775|clean,3hop1__695430_831637_91775,clean,none,,,,26,,diff,lossless,primary,0,1,0,12,,,,evidence,none,1,1,1,0,5029,199,13690,580493953bfd9de6d0b2d1d8a4f1e43ab9de066daab1e45d308f79bb0263f1ee,1ef69111b05f991a2a8594a4c1626a4b355ff99093efa33c86606891a550246c,qwen3.8:27b,22130167c4c20e20c7b71454612966ca8e8171e9b3cc8ab6ce8aa6cbfec79643,0.33.2,off,16384,65.61
3hop1__695430_831637_91775|clean,3hop1__695430_831637_91775,clean,none,,,,26,,prov,lossless,primary,0,1,0,12,,,,evidence,none,1,0,1,0,5229,211,14070,168bfa490b87987c32e9abf27aba2b17c5b1e85904f1f25d9f267c0979b5b569,13c6265a4b0827381d2426c1a3d9c3fd1e87174db25f4bff5a52343bad4f471a,qwen3.8:27b,22130167c4c20e20c7b71454612966ca8e8171e9b3cc8ab6ce8aa6cbfec79643,0.33.2,off,16384,66.94
3hop1__226638_538202_84283|clean,3hop1__226638_538202_84283,clean,none,,,,26,,log,lossless,primary,0,1,0,,,,,none,none,0,0,1,0,4072,124,11791,ba8b77f02b64574ea7e93ea62fa1fc123ccb9b7577129cf415e005a243f5b0a5,867da64f40cfa3bb9e8ceac0dbd5cf877898cd771bcc394682ebc90064fbb7fc,qwen3.8:27b,22130167c4c20e20c7b71454612966ca8e8171e9b3cc8ab6ce8aa6cbfec79643,0.33.2,off,16384,49.99
3hop1__226638_538202_84283|clean,3hop1__226638_538202_84283,clean,none,,,,26,,diff,lossless,primary,0,1,0,,,,,none,none,0,0,1,0,5309,120,15590,580493953bfd9de6d0b2d1d8a4f1e43ab9de066daab1e45d308f79bb0263f1ee,8e1c4a2baf0f532f89cc618c0671af29c7c61ef1714e13b70bda29ed14ed0173,qwen3.8:27b,22130167c4c20e20c7b71454612966ca8e8171e9b3cc8ab6ce8aa6cbfec79643,0.33.2,off,16384,59.71
3hop1__226638_538202_84283|clean,3hop1__226638_538202_84283,clean,none,,,,26,,prov,lossless,primary,0,1,0,,,,,none,none,0,0,1,0,5321,127,15321,168bfa490b87987c32e9abf27aba2b17c5b1e85904f1f25d9f267c0979b5b569,c1147805facd55cad265532e08f67a14c0179723097e27b3d122b037c6a2461d,qwen3.8:27b,22130167c4c20e20c7b71454612966ca8e8171e9b3cc8ab6ce8aa6cbfec79643,0.33.2,off,16384,61.17
3hop2__326964_7721_7713|clean,3hop2__326964_7721_7713,clean,none,,,,20,,log,lossless,primary,0,1,0,16,,,,tool,none,1,0,1,0,3539,227,10334,ba8b77f02b64574ea7e93ea62fa1fc123ccb9b7577129cf415e005a243f5b0a5,6851ae6a1b28e8c4c0537e44c588fc6b61b8da0855f44c2fdedc0b8c273abeb5,qwen3.8:27b,22130167c4c20e20c7b71454612966ca8e8171e9b3cc8ab6ce8aa6cbfec79643,0.33.2,off,16384,55.35
3hop2__326964_7721_7713|clean,3hop2__326964_7721_7713,clean,none,,,,20,,diff,lossless,primary,0,1,0,16,,,,tool,none,1,0,1,0,4725,261,14186,580493953bfd9de6d0b2d1d8a4f1e43ab9de066daab1e45d308f79bb0263f1ee,207badce7a0f6611f6a20b23eabb5df6b3b34d541f5b36343707911bf2fd0dbe,qwen3.8:27b,22130167c4c20e20c7b71454612966ca8e8171e9b3cc8ab6ce8aa6cbfec79643,0.33.2,off,16384,68.94
3hop2__326964_7721_7713|clean,3hop2__326964_7721_7713,clean,none,,,,20,,prov,lossless,primary,0,1,0,16,,,,tool,none,1,1,1,0,4543,209,13184,168bfa490b87987c32e9abf27aba2b17c5b1e85904f1f25d9f267c0979b5b569,44e99e85b991f91cfd8e1eeb6db1cccd49a9d8c1686cfe4b314980caf27e1e56,qwen3.8:27b,22130167c4c20e20c7b71454612966ca8e8171e9b3cc8ab6ce8aa6cbfec79643,0.33.2,off,16384,63.83
3hop1__354480_834494_34099|clean,3hop1__354480_834494_34099,clean,none,,,,14,,log,lossless,primary,0,1,0,,,,,none,none,0,0,1,0,2397,346,6597,ba8b77f02b64574ea7e93ea62fa1fc123ccb9b7577129cf415e005a243f5b0a5,23e557479aa1c884980e1c11e50dbcb17ce436619f12da0f6ff6b2b737b612f5,qwen3.8:27b,22130167c4c20e20c7b71454612966ca8e8171e9b3cc8ab6ce8aa6cbfec79643,0.33.2,off,16384,71.47
3hop1__354480_834494_34099|clean,3hop1__354480_834494_34099,clean,none,,,,14,,diff,lossless,primary,0,1,0,,,,,none,none,0,0,1,0,3053,264,8727,580493953bfd9de6d0b2d1d8a4f1e43ab9de066daab1e45d308f79bb0263f1ee,83ae10178a2d8bfc40e2149b5f5afd0bf17a5df7afb41ac34474242d81e09e7f,qwen3.8:27b,22130167c4c20e20c7b71454612966ca8e8171e9b3cc8ab6ce8aa6cbfec79643,0.33.2,off,16384,61.32
3hop1__354480_834494_34099|clean,3hop1__354480_834494_34099,clean,none,,,,14,,prov,lossless,primary,0,1,0,10,,,,tool,none,1,0,1,0,3092,246,8645,168bfa490b87987c32e9abf27aba2b17c5b1e85904f1f25d9f267c0979b5b569,7039aad9a7350f3d30ebce44f3dac71022525ba85cb444691d1c847419bdf558,qwen3.8:27b,22130167c4c20e20c7b71454612966ca8e8171e9b3cc8ab6ce8aa6cbfec79643,0.33.2,off,16384,57.36
3hop1__454441_55349_651302|corrupted_output|14,3hop1__454441_55349_651302,corrupted_output,tool,search,14,2,38,0.368,log,lossless,primary,0,0,0,,14,0,0,none,tool,,0,1,0,5922,154,18658,ba8b77f02b64574ea7e93ea62fa1fc123ccb9b7577129cf415e005a243f5b0a5,7e34407f9b6ca89afc62bf03d48687d88cdd3705f772aec36a149ca43701a2c5,qwen3.8:27b,22130167c4c20e20c7b71454612966ca8e8171e9b3cc8ab6ce8aa6cbfec79643,0.33.2,off,16384,70.99
3hop1__454441_55349_651302|corrupted_output|14,3hop1__454441_55349_651302,corrupted_output,tool,search,14,2,38,0.368,diff,lossless,primary,0,0,0,24,14,0,0,state,tool,,1,1,0,7629,170,24047,580493953bfd9de6d0b2d1d8a4f1e43ab9de066daab1e45d308f79bb0263f1ee,f531473228daa2f7099ef71d1e2555b24c0f4a19c1531bed1518d5a9890b9436,qwen3.8:27b,22130167c4c20e20c7b71454612966ca8e8171e9b3cc8ab6ce8aa6cbfec79643,0.33.2,off,16384,86.06
3hop1__454441_55349_651302|corrupted_output|14,3hop1__454441_55349_651302,corrupted_output,tool,search,14,2,38,0.368,prov,lossless,primary,0,0,0,24,14,0,0,state,tool,,0,1,0,7611,163,23437,168bfa490b87987c32e9abf27aba2b17c5b1e85904f1f25d9f267c0979b5b569,86e379eb59d978b6508bcccc403b5fc39442095d29869ea75db54655067e36ca,qwen3.8:27b,22130167c4c20e20c7b71454612966ca8e8171e9b3cc8ab6ce8aa6cbfec79643,0.33.2,off,16384,87.94
3hop1__454441_55349_651302|dropped_note|6,3hop1__454441_55349_651302,dropped_note,state,write_note,6,0,20,0.3,log,lossless,primary,0,0,0,18,6,0,0,evidence,state,,0,1,0,3201,173,9022,ba8b77f02b64574ea7e93ea62fa1fc123ccb9b7577129cf415e005a243f5b0a5,c8bcd4d37148ff3c279bbcd41a46b815d01aee42524126e658777db9c5cd6cb1,qwen3.8:27b,22130167c4c20e20c7b71454612966ca8e8171e9b3cc8ab6ce8aa6cbfec79643,0.33.2,off,16384,46.85
3hop1__454441_55349_651302|dropped_note|6,3hop1__454441_55349_651302,dropped_note,state,write_note,6,0,20,0.3,diff,lossless,primary,0,0,0,18,6,0,0,evidence,state,,1,1,0,4145,196,12053,580493953bfd9de6d0b2d1d8a4f1e43ab9de066daab1e45d308f79bb0263f1ee,6f851d54f15e0600939c1d2c3512d6b239108312553bcb039b3dc20d794435fe,qwen3.8:27b,22130167c4c20e20c7b71454612966ca8e8171e9b3cc8ab6ce8aa6cbfec79643,0.33.2,off,16384,57.03
3hop1__454441_55349_651302|dropped_note|6,3hop1__454441_55349_651302,dropped_note,state,write_note,6,0,20,0.3,prov,lossless,primary,0,0,0,18,6,0,0,evidence,state,,0,1,0,4106,185,11543,168bfa490b87987c32e9abf27aba2b17c5b1e85904f1f25d9f267c0979b5b569,79de8a5f779ab66b2467eee2b907dc8e36dabe058fd6621538a992489c309208,qwen3.8:27b,22130167c4c20e20c7b71454612966ca8e8171e9b3cc8ab6ce8aa6cbfec79643,0.33.2,off,16384,56.33
3hop1__454441_55349_651302|no_source|6,3hop1__454441_55349_651302,no_source,evidence,write_note,6,0,20,0.3,log,lossless,primary,0,0,0,18,6,0,0,evidence,evidence,,1,1,0,3210,216,9107,ba8b77f02b64574ea7e93ea62fa1fc123ccb9b7577129cf415e005a243f5b0a5,061e26e7457a97ef575d3862b96a6047c333ed7f8add963efe859fc27b603dae,qwen3.8:27b,22130167c4c20e20c7b71454612966ca8e8171e9b3cc8ab6ce8aa6cbfec79643,0.33.2,off,16384,52.02
3hop1__454441_55349_651302|no_source|6,3hop1__454441_55349_651302,no_source,evidence,write_note,6,0,20,0.3,diff,lossless,primary,0,0,0,18,6,0,0,evidence,evidence,,1,1,0,4175,183,12210,580493953bfd9de6d0b2d1d8a4f1e43ab9de066daab1e45d308f79bb0263f1ee,44ff66f08fc68104e93f44e828c8687c4c3dc03eb323b9596ef1d7306039a4e3,qwen3.8:27b,22130167c4c20e20c7b71454612966ca8e8171e9b3cc8ab6ce8aa6cbfec79643,0.33.2,off,16384,55.58
3hop1__454441_55349_651302|no_source|6,3hop1__454441_55349_651302,no_source,evidence,write_note,6,0,20,0.3,prov,lossless,primary,0,0,0,18,6,0,0,evidence,evidence,,0,1,0,4140,176,11686,168bfa490b87987c32e9abf27aba2b17c5b1e85904f1f25d9f267c0979b5b569,bc70e99fa387e403d7779e14e91f4d104bb9c31b5370b999b3a4f6ccd9e815c8,qwen3.8:27b,22130167c4c20e20c7b71454612966ca8e8171e9b3cc8ab6ce8aa6cbfec79643,0.33.2,off,16384,52.67
3hop1__454441_55349_651302|overwritten_note|18,3hop1__454441_55349_651302,overwritten_note,state,write_note,18,2,20,0.9,log,lossless,primary,0,0,0,18,18,1,1,state,state,,1,1,0,3201,144,9057,ba8b77f02b64574ea7e93ea62fa1fc123ccb9b7577129cf415e005a243f5b0a5,2e988faae20ac3da4a391bb86e1da33572478fb1a51f05a818702cfffc0756df,qwen3.8:27b,22130167c4c20e20c7b71454612966ca8e8171e9b3cc8ab6ce8aa6cbfec79643,0.33.2,off,16384,43.78
3hop1__454441_55349_651302|overwritten_note|18,3hop1__454441_55349_651302,overwritten_note,state,write_note,18,2,20,0.9,diff,lossless,primary,0,0,0,18,18,1,1,state,state,,1,1,0,4180,180,12170,580493953bfd9de6d0b2d1d8a4f1e43ab9de066daab1e45d308f79bb0263f1ee,fdad9202e4e16f085c9891fc7660795de8b65354c33e5577318b50666d03548f,qwen3.8:27b,22130167c4c20e20c7b71454612966ca8e8171e9b3cc8ab6ce8aa6cbfec79643,0.33.2,off,16384,55.18
3hop1__454441_55349_651302|overwritten_note|18,3hop1__454441_55349_651302,overwritten_note,state,write_note,18,2,20,0.9,prov,lossless,primary,0,0,0,18,18,1,1,state,state,,1,1,0,4153,177,11701,168bfa490b87987c32e9abf27aba2b17c5b1e85904f1f25d9f267c0979b5b569,5ca5bf34097bde9061742308c829dc1092e6889e1f991484b69bc6c90922cff7,qwen3.8:27b,22130167c4c20e20c7b71454612966ca8e8171e9b3cc8ab6ce8aa6cbfec79643,0.33.2,off,16384,57.52
3hop1__454441_55349_651302|wrong_argument|10,3hop1__454441_55349_651302,wrong_argument,tool,read,10,1,20,0.5,log,lossless,primary,0,0,0,10,10,1,1,tool,tool,,0,1,0,3228,192,9211,ba8b77f02b64574ea7e93ea62fa1fc123ccb9b7577129cf415e005a243f5b0a5,e90ab207b478a27fdba1ef0fc34ccc302b8c8096c16c1995c21628b6bb1b9941,qwen3.8:27b,22130167c4c20e20c7b71454612966ca8e8171e9b3cc8ab6ce8aa6cbfec79643,0.33.2,off,16384,47.24
3hop1__454441_55349_651302|wrong_argument|10,3hop1__454441_55349_651302,wrong_argument,tool,read,10,1,20,0.5,diff,lossless,primary,0,0,0,18,10,0,0,evidence,tool,,1,1,0,4187,237,12296,580493953bfd9de6d0b2d1d8a4f1e43ab9de066daab1e45d308f79bb0263f1ee,c210c5119e1757a9761f04a17e897013396799a0405b06cf69c92cc2d19b8fbc,qwen3.8:27b,22130167c4c20e20c7b71454612966ca8e8171e9b3cc8ab6ce8aa6cbfec79643,0.33.2,off,16384,62.82
3hop1__454441_55349_651302|wrong_argument|10,3hop1__454441_55349_651302,wrong_argument,tool,read,10,1,20,0.5,prov,lossless,primary,0,0,0,18,10,0,0,evidence,tool,,0,1,0,4204,187,11939,168bfa490b87987c32e9abf27aba2b17c5b1e85904f1f25d9f267c0979b5b569,1583efaea299582eb492b91a28e32353d03a23b4bd55f972582e2581310b2c06,qwen3.8:27b,22130167c4c20e20c7b71454612966ca8e8171e9b3cc8ab6ce8aa6cbfec79643,0.33.2,off,16384,57.06
3hop1__454441_55349_651302|wrong_source|18,3hop1__454441_55349_651302,wrong_source,evidence,write_note,18,2,20,0.9,log,lossless,primary,0,0,0,18,18,1,1,evidence,evidence,,0,1,0,3211,216,9057,ba8b77f02b64574ea7e93ea62fa1fc123ccb9b7577129cf415e005a243f5b0a5,01d94632d7f1044a97a71042d3f0842dbe45ebac64c4eeb5c7479082be9ab000,qwen3.8:27b,22130167c4c20e20c7b71454612966ca8e8171e9b3cc8ab6ce8aa6cbfec79643,0.33.2,off,16384,52.33
3hop1__454441_55349_651302|wrong_source|18,3hop1__454441_55349_651302,wrong_source,evidence,write_note,18,2,20,0.9,diff,lossless,primary,0,0,0,18,18,1,1,evidence,evidence,,1,1,0,4188,204,12170,580493953bfd9de6d0b2d1d8a4f1e43ab9de066daab1e45d308f79bb0263f1ee,c3133f657e997c4b572c33b94d6a5dc365355d1dff01e4f073c58b683ffcaa27,qwen3.8:27b,22130167c4c20e20c7b71454612966ca8e8171e9b3cc8ab6ce8aa6cbfec79643,0.33.2,off,16384,56.38
3hop1__454441_55349_651302|wrong_source|18,3hop1__454441_55349_651302,wrong_source,evidence,write_note,18,2,20,0.9,prov,lossless,primary,0,0,0,18,18,1,1,evidence,evidence,,0,1,0,4181,184,11742,168bfa490b87987c32e9abf27aba2b17c5b1e85904f1f25d9f267c0979b5b569,cf05c6abd7a445972815119224d2c0eb73e252af7d65b2ce5c64d62c2ac1bda3,qwen3.8:27b,22130167c4c20e20c7b71454612966ca8e8171e9b3cc8ab6ce8aa6cbfec79643,0.33.2,off,16384,54.64
3hop1__836699_15840_36014|corrupted_output|4,3hop1__836699_15840_36014,corrupted_output,tool,read,4,0,14,0.286,log,lossless,primary,0,0,0,4,4,1,1,tool,tool,,0,1,0,2451,195,6906,ba8b77f02b64574ea7e93ea62fa1fc123ccb9b7577129cf415e005a243f5b0a5,7d9c87c02b961bdfd9a9613960d93dd7ae0169a90a13646845110d63c5b74c16,qwen3.8:27b,22130167c4c20e20c7b71454612966ca8e8171e9b3cc8ab6ce8aa6cbfec79643,0.33.2,off,16384,41.89
3hop1__836699_15840_36014|corrupted_output|4,3hop1__836699_15840_36014,corrupted_output,tool,read,4,0,14,0.286,diff,lossless,primary,0,0,0,4,4,1,1,tool,tool,,0,1,0,3220,183,9622,580493953bfd9de6d0b2d1d8a4f1e43ab9de066daab1e45d308f79bb0263f1ee,a7749b089445a990fc4e9e60264cf4e2b528190519c108a2bd70551d59801a1c,qwen3.8:27b,22130167c4c20e20c7b71454612966ca8e8171e9b3cc8ab6ce8aa6cbfec79643,0.33.2,off,16384,45.72
3hop1__836699_15840_36014|corrupted_output|4,3hop1__836699_15840_36014,corrupted_output,tool,read,4,0,14,0.286,prov,lossless,primary,0,0,0,4,4,1,1,tool,tool,,0,1,0,3139,215,8928,168bfa490b87987c32e9abf27aba2b17c5b1e85904f1f25d9f267c0979b5b569,3e2b8efc65eedf367250f5cc96153cf2bbb8f4d627b41b26e7b3ae12ba79532d,qwen3.8:27b,22130167c4c20e20c7b71454612966ca8e8171e9b3cc8ab6ce8aa6cbfec79643,0.33.2,off,16384,49.29
3hop1__836699_15840_36014|dropped_note|12,3hop1__836699_15840_36014,dropped_note,state,write_note,12,2,14,0.857,log,lossless,primary,0,0,0,12,12,1,1,state,state,,0,1,0,2334,425,6541,ba8b77f02b64574ea7e93ea62fa1fc123ccb9b7577129cf415e005a243f5b0a5,9da7a20a0effa2d5983058d646c63b6a74e7ce1b6224b10beb15f2b7f328b3e9,qwen3.8:27b,22130167c4c20e20c7b71454612966ca8e8171e9b3cc8ab6ce8aa6cbfec79643,0.33.2,off,16384,76.96
3hop1__836699_15840_36014|dropped_note|12,3hop1__836699_15840_36014,dropped_note,state,write_note,12,2,14,0.857,diff,lossless,primary,0,0,0,12,12,1,1,state,state,,0,1,0,2986,191,8842,580493953bfd9de6d0b2d1d8a4f1e43ab9de066daab1e45d308f79bb0263f1ee,fc849c60ae565e7e3da1f8c45cb3602cc40ceb1e1e3ac0edf0d7a5e639925f27,qwen3.8:27b,22130167c4c20e20c7b71454612966ca8e8171e9b3cc8ab6ce8aa6cbfec79643,0.33.2,off,16384,49.15
3hop1__836699_15840_36014|dropped_note|12,3hop1__836699_15840_36014,dropped_note,state,write_note,12,2,14,0.857,prov,lossless,primary,0,0,0,12,12,1,1,state,state,,0,1,0,2914,171,8260,168bfa490b87987c32e9abf27aba2b17c5b1e85904f1f25d9f267c0979b5b569,01a0327a196c24642448e7d7d7b984178ae92a01c0f62dd8005fb08afd8e62cd,qwen3.8:27b,22130167c4c20e20c7b71454612966ca8e8171e9b3cc8ab6ce8aa6cbfec79643,0.33.2,off,16384,46.82
3hop1__836699_15840_36014|no_source|12,3hop1__836699_15840_36014,no_source,evidence,write_note,12,2,14,0.857,log,lossless,primary,0,0,0,12,12,1,1,evidence,evidence,,1,1,0,2336,125,6574,ba8b77f02b64574ea7e93ea62fa1fc123ccb9b7577129cf415e005a243f5b0a5,f8a195756820bd17fcfc9b25fc5902945e2265aed7033f9a1d990bd34e732f98,qwen3.8:27b,22130167c4c20e20c7b71454612966ca8e8171e9b3cc8ab6ce8aa6cbfec79643,0.33.2,off,16384,22.34
3hop1__836699_15840_36014|no_source|12,3hop1__836699_15840_36014,no_source,evidence,write_note,12,2,14,0.857,diff,lossless,primary,0,0,0,12,12,1,1,evidence,evidence,,1,1,0,3020,160,9005,580493953bfd9de6d0b2d1d8a4f1e43ab9de066daab1e45d308f79bb0263f1ee,7fda34cfa0a5743379920df765bbd3318e105e156de38b097ec54b02afe7a857,qwen3.8:27b,22130167c4c20e20c7b71454612966ca8e8171e9b3cc8ab6ce8aa6cbfec79643,0.33.2,off,16384,28.14
3hop1__836699_15840_36014|no_source|12,3hop1__836699_15840_36014,no_source,evidence,write_note,12,2,14,0.857,prov,lossless,primary,0,0,0,12,12,1,1,evidence,evidence,,0,1,0,2992,146,8530,168bfa490b87987c32e9abf27aba2b17c5b1e85904f1f25d9f267c0979b5b569,20c1ed663a83cb8776c852c4db8947b86abb49a75cc39555f0fe415a64712c5f,qwen3.8:27b,22130167c4c20e20c7b71454612966ca8e8171e9b3cc8ab6ce8aa6cbfec79643,0.33.2,off,16384,27.09
3hop1__836699_15840_36014|overwritten_note|12,3hop1__836699_15840_36014,overwritten_note,state,write_note,12,1,14,0.857,log,lossless,primary,0,0,0,12,12,1,1,state,state,,1,1,0,2348,143,6593,ba8b77f02b64574ea7e93ea62fa1fc123ccb9b7577129cf415e005a243f5b0a5,0a61a58b7bc6ddfec7033a15e038bee79386607513257412e47a0100fd73e028,qwen3.8:27b,22130167c4c20e20c7b71454612966ca8e8171e9b3cc8ab6ce8aa6cbfec79643,0.33.2,off,16384,23.87
3hop1__836699_15840_36014|overwritten_note|12,3hop1__836699_15840_36014,overwritten_note,state,write_note,12,1,14,0.857,diff,lossless,primary,0,0,0,12,12,1,1,state,state,,1,1,0,3045,191,9034,580493953bfd9de6d0b2d1d8a4f1e43ab9de066daab1e45d308f79bb0263f1ee,d252d432fd99391dd0d850ccb213424509988b263595fe6cea100c247471c74e,qwen3.8:27b,22130167c4c20e20c7b71454612966ca8e8171e9b3cc8ab6ce8aa6cbfec79643,0.33.2,off,16384,29.52
3hop1__836699_15840_36014|overwritten_note|12,3hop1__836699_15840_36014,overwritten_note,state,write_note,12,1,14,0.857,prov,lossless,primary,0,0,0,12,12,1,1,state,state,,1,1,0,3015,183,8577,168bfa490b87987c32e9abf27aba2b17c5b1e85904f1f25d9f267c0979b5b569,45263485ce2b79642ba4fa889f274c732801abd3f9161e6de0ae5e91f832fbd4,qwen3.8:27b,22130167c4c20e20c7b71454612966ca8e8171e9b3cc8ab6ce8aa6cbfec79643,0.33.2,off,16384,28.28
3hop1__836699_15840_36014|wrong_argument|8,3hop1__836699_15840_36014,wrong_argument,tool,search,8,1,18,0.444,log,lossless,primary,0,0,0,8,8,1,1,tool,tool,,0,1,0,2953,156,8814,ba8b77f02b64574ea7e93ea62fa1fc123ccb9b7577129cf415e005a243f5b0a5,d43ae6b3c25895acc8b672e9c2157aa654e938e8f0eb9a3caadec3500d1ac80e,qwen3.8:27b,22130167c4c20e20c7b71454612966ca8e8171e9b3cc8ab6ce8aa6cbfec79643,0.33.2,off,16384,31.27
3hop1__836699_15840_36014|wrong_argument|8,3hop1__836699_15840_36014,wrong_argument,tool,search,8,1,18,0.444,diff,lossless,primary,0,0,0,8,8,1,1,tool,tool,,1,1,0,3742,143,11493,580493953bfd9de6d0b2d1d8a4f1e43ab9de066daab1e45d308f79bb0263f1ee,4015e6956dcd886ded97089c05652349d95cc4ef864ec8b13d014878143110c5,qwen3.8:27b,22130167c4c20e20c7b71454612966ca8e8171e9b3cc8ab6ce8aa6cbfec79643,0.33.2,off,16384,47.29
3hop1__836699_15840_36014|wrong_argument|8,3hop1__836699_15840_36014,wrong_argument,tool,search,8,1,18,0.444,prov,lossless,primary,0,0,0,8,8,1,1,tool,tool,,1,1,0,3754,154,11190,168bfa490b87987c32e9abf27aba2b17c5b1e85904f1f25d9f267c0979b5b569,27f00e3006ec540aa6ac7ea5380f925b17211c88e02c2920f4c6a9d8fa5b6b88,qwen3.8:27b,22130167c4c20e20c7b71454612966ca8e8171e9b3cc8ab6ce8aa6cbfec79643,0.33.2,off,16384,47.98
3hop1__836699_15840_36014|wrong_source|12,3hop1__836699_15840_36014,wrong_source,evidence,write_note,12,1,14,0.857,log,lossless,primary,0,0,0,12,12,1,1,evidence,evidence,,1,1,0,2355,174,6594,ba8b77f02b64574ea7e93ea62fa1fc123ccb9b7577129cf415e005a243f5b0a5,f331d4d40c15d88869075a9b16c0e7b84ddb1cd2c02c3906021480efa6550266,qwen3.8:27b,22130167c4c20e20c7b71454612966ca8e8171e9b3cc8ab6ce8aa6cbfec79643,0.33.2,off,16384,29.11
3hop1__836699_15840_36014|wrong_source|12,3hop1__836699_15840_36014,wrong_source,evidence,write_note,12,1,14,0.857,diff,lossless,primary,0,0,0,12,12,1,1,evidence,evidence,,1,1,0,3048,195,9035,580493953bfd9de6d0b2d1d8a4f1e43ab9de066daab1e45d308f79bb0263f1ee,00100ab872cb0e4b06ea783b4db277cbee3b151becf40491929e2389e68a43fe,qwen3.8:27b,22130167c4c20e20c7b71454612966ca8e8171e9b3cc8ab6ce8aa6cbfec79643,0.33.2,off,16384,48.4
3hop1__836699_15840_36014|wrong_source|12,3hop1__836699_15840_36014,wrong_source,evidence,write_note,12,1,14,0.857,prov,lossless,primary,0,0,0,12,12,1,1,evidence,evidence,,0,1,0,3042,191,8626,168bfa490b87987c32e9abf27aba2b17c5b1e85904f1f25d9f267c0979b5b569,9c206a535c3e3e52f4f3ca4bcbae5e35e152e720020cabd292f32562bd270e4e,qwen3.8:27b,22130167c4c20e20c7b71454612966ca8e8171e9b3cc8ab6ce8aa6cbfec79643,0.33.2,off,16384,47.14
3hop1__19768_19788_10117|corrupted_output|8,3hop1__19768_19788_10117,corrupted_output,tool,search,8,2,20,0.4,log,lossless,primary,0,0,0,12,8,0,0,tool,tool,,0,1,0,3166,153,9419,ba8b77f02b64574ea7e93ea62fa1fc123ccb9b7577129cf415e005a243f5b0a5,ff8a221dff1ce41a9e47222b3c17668867d6f1a1c8011fc1b9a9f27675fba9cc,qwen3.8:27b,22130167c4c20e20c7b71454612966ca8e8171e9b3cc8ab6ce8aa6cbfec79643,0.33.2,off,16384,44.16
3hop1__19768_19788_10117|corrupted_output|8,3hop1__19768_19788_10117,corrupted_output,tool,search,8,2,20,0.4,diff,lossless,primary,0,0,0,12,8,0,0,tool,tool,,0,1,0,4105,195,12491,580493953bfd9de6d0b2d1d8a4f1e43ab9de066daab1e45d308f79bb0263f1ee,83acf4c723a77847ab531ef035c0ee1fbcdd219288d00f11371c1ec8f23cf252,qwen3.8:27b,22130167c4c20e20c7b71454612966ca8e8171e9b3cc8ab6ce8aa6cbfec79643,0.33.2,off,16384,57.09
3hop1__19768_19788_10117|corrupted_output|8,3hop1__19768_19788_10117,corrupted_output,tool,search,8,2,20,0.4,prov,lossless,primary,0,0,0,,8,0,0,none,tool,,0,1,0,4161,185,12312,168bfa490b87987c32e9abf27aba2b17c5b1e85904f1f25d9f267c0979b5b569,6cf80d06766ef9578523823a0d6bf8480502b303fac78d40b77c4615710c7d17,qwen3.8:27b,22130167c4c20e20c7b71454612966ca8e8171e9b3cc8ab6ce8aa6cbfec79643,0.33.2,off,16384,62.41
3hop1__19768_19788_10117|dropped_note|12,3hop1__19768_19788_10117,dropped_note,state,write_note,12,2,14,0.857,log,lossless,primary,0,0,0,12,12,1,1,state,state,,0,1,0,2249,180,6051,ba8b77f02b64574ea7e93ea62fa1fc123ccb9b7577129cf415e005a243f5b0a5,e1dc7c3579cd888ec79dc5ac57f53b2874f3894c703315bf6315ad29f75de003,qwen3.8:27b,22130167c4c20e20c7b71454612966ca8e8171e9b3cc8ab6ce8aa6cbfec79643,0.33.2,off,16384,40.82
3hop1__19768_19788_10117|dropped_note|12,3hop1__19768_19788_10117,dropped_note,state,write_note,12,2,14,0.857,diff,lossless,primary,0,0,0,12,12,1,1,state,state,,0,1,0,2800,184,7884,580493953bfd9de6d0b2d1d8a4f1e43ab9de066daab1e45d308f79bb0263f1ee,ac9fe5f8fe78b257e47784a78376d169d396256bee2cc5c140e6d87f39608f2a,qwen3.8:27b,22130167c4c20e20c7b71454612966ca8e8171e9b3cc8ab6ce8aa6cbfec79643,0.33.2,off,16384,45.75
3hop1__19768_19788_10117|dropped_note|12,3hop1__19768_19788_10117,dropped_note,state,write_note,12,2,14,0.857,prov,lossless,primary,0,0,0,12,12,1,1,state,state,,0,1,0,2847,223,7815,168bfa490b87987c32e9abf27aba2b17c5b1e85904f1f25d9f267c0979b5b569,8ec4c57510b64f8aa2823c2bb12eb6b7d842aa41df47d6cda3d22c63cf9164f9,qwen3.8:27b,22130167c4c20e20c7b71454612966ca8e8171e9b3cc8ab6ce8aa6cbfec79643,0.33.2,off,16384,49.51
3hop1__19768_19788_10117|no_source|12,3hop1__19768_19788_10117,no_source,evidence,write_note,12,2,14,0.857,log,lossless,primary,0,0,0,12,12,1,1,evidence,evidence,,1,1,0,2253,147,6092,ba8b77f02b64574ea7e93ea62fa1fc123ccb9b7577129cf415e005a243f5b0a5,a2cbb591098640368ede5dcafef29f862098ef7511bd65ca2fd23b7b764cc85f,qwen3.8:27b,22130167c4c20e20c7b71454612966ca8e8171e9b3cc8ab6ce8aa6cbfec79643,0.33.2,off,16384,24.63
3hop1__19768_19788_10117|no_source|12,3hop1__19768_19788_10117,no_source,evidence,write_note,12,2,14,0.857,diff,lossless,primary,0,0,0,12,12,1,1,evidence,evidence,,1,1,0,2832,143,8014,580493953bfd9de6d0b2d1d8a4f1e43ab9de066daab1e45d308f79bb0263f1ee,ffb3be8a1d8b7b501ec10924788c84b9c00e2e54d7c72148776d770a04e991eb,qwen3.8:27b,22130167c4c20e20c7b71454612966ca8e8171e9b3cc8ab6ce8aa6cbfec79643,0.33.2,off,16384,24.8
3hop1__19768_19788_10117|no_source|12,3hop1__19768_19788_10117,no_source,evidence,write_note,12,2,14,0.857,prov,lossless,primary,0,0,0,12,12,1,1,evidence,evidence,,0,1,0,2929,151,8076,168bfa490b87987c32e9abf27aba2b17c5b1e85904f1f25d9f267c0979b5b569,38fbdd3a88954aa17724ab2b22819c6948a2e148a3302eb966d88e7a5df7586c,qwen3.8:27b,22130167c4c20e20c7b71454612966ca8e8171e9b3cc8ab6ce8aa6cbfec79643,0.33.2,off,16384,27.04
3hop1__19768_19788_10117|overwritten_note|12,3hop1__19768_19788_10117,overwritten_note,state,write_note,12,1,14,0.857,log,lossless,primary,0,0,0,12,12,1,1,state,state,,1,1,0,2266,146,6109,ba8b77f02b64574ea7e93ea62fa1fc123ccb9b7577129cf415e005a243f5b0a5,d64c8ac75caaae33a3b97adf426738b0adae71b81f9391f6bef0bf1bda96380b,qwen3.8:27b,22130167c4c20e20c7b71454612966ca8e8171e9b3cc8ab6ce8aa6cbfec79643,0.33.2,off,16384,24.33
3hop1__19768_19788_10117|overwritten_note|12,3hop1__19768_19788_10117,overwritten_note,state,write_note,12,1,14,0.857,diff,lossless,primary,0,0,0,12,12,1,1,state,state,,1,1,0,2858,191,8041,580493953bfd9de6d0b2d1d8a4f1e43ab9de066daab1e45d308f79bb0263f1ee,c47a30d6e8698c74a86f0f0b81a22a72e4fcc401227894de1e86a573a9d8ceef,qwen3.8:27b,22130167c4c20e20c7b71454612966ca8e8171e9b3cc8ab6ce8aa6cbfec79643,0.33.2,off,16384,28.21
3hop1__19768_19788_10117|overwritten_note|12,3hop1__19768_19788_10117,overwritten_note,state,write_note,12,1,14,0.857,prov,lossless,primary,0,0,0,12,12,1,1,state,state,,1,1,0,2956,185,8115,168bfa490b87987c32e9abf27aba2b17c5b1e85904f1f25d9f267c0979b5b569,25761d22d7f4556a363234f2446cf68ec908ab2e834eca2a95b0938dae148b0b,qwen3.8:27b,22130167c4c20e20c7b71454612966ca8e8171e9b3cc8ab6ce8aa6cbfec79643,0.33.2,off,16384,27.8
3hop1__19768_19788_10117|wrong_argument|4,3hop1__19768_19788_10117,wrong_argument,tool,read,4,0,20,0.2,log,lossless,primary,0,0,0,4,4,1,1,tool,tool,,0,1,0,3158,212,9380,ba8b77f02b64574ea7e93ea62fa1fc123ccb9b7577129cf415e005a243f5b0a5,982f3cd7ed2e655cee95b75f1596d2ee22f2c5aa2698b2ea7acfc6e64e7a9b64,qwen3.8:27b,22130167c4c20e20c7b71454612966ca8e8171e9b3cc8ab6ce8aa6cbfec79643,0.33.2,off,16384,51.82
3hop1__19768_19788_10117|wrong_argument|4,3hop1__19768_19788_10117,wrong_argument,tool,read,4,0,20,0.2,diff,lossless,primary,0,0,0,4,4,1,1,tool,tool,,0,1,0,4152,195,12930,580493953bfd9de6d0b2d1d8a4f1e43ab9de066daab1e45d308f79bb0263f1ee,3d60eb5f458723f362596afa3f755ca097a9ec2a399e7de0e4451eaeac618382,qwen3.8:27b,22130167c4c20e20c7b71454612966ca8e8171e9b3cc8ab6ce8aa6cbfec79643,0.33.2,off,16384,56.53
3hop1__19768_19788_10117|wrong_argument|4,3hop1__19768_19788_10117,wrong_argument,tool,read,4,0,20,0.2,prov,lossless,primary,0,0,0,4,4,1,1,tool,tool,,1,1,0,4111,186,12114,168bfa490b87987c32e9abf27aba2b17c5b1e85904f1f25d9f267c0979b5b569,3bc0d97e04b3bd93319f8faf100ad2cfb17966ddb9076ba7bfbc1b4866882419,qwen3.8:27b,22130167c4c20e20c7b71454612966ca8e8171e9b3cc8ab6ce8aa6cbfec79643,0.33.2,off,16384,55.93
3hop1__19768_19788_10117|wrong_source|12,3hop1__19768_19788_10117,wrong_source,evidence,write_note,12,1,14,0.857,log,lossless,primary,0,0,0,12,12,1,1,evidence,evidence,,1,1,0,2287,172,6139,ba8b77f02b64574ea7e93ea62fa1fc123ccb9b7577129cf415e005a243f5b0a5,d56503347cd712b30f6b70f8cf4089ac605069e51d5bdc995ec8e1200633aa7a,qwen3.8:27b,22130167c4c20e20c7b71454612966ca8e8171e9b3cc8ab6ce8aa6cbfec79643,0.33.2,off,16384,38.49
3hop1__19768_19788_10117|wrong_source|12,3hop1__19768_19788_10117,wrong_source,evidence,write_note,12,1,14,0.857,diff,lossless,primary,0,0,0,12,12,1,1,evidence,evidence,,1,1,0,2877,167,8071,580493953bfd9de6d0b2d1d8a4f1e43ab9de066daab1e45d308f79bb0263f1ee,bb2c99711497a1dbf8fc4126cc3961cc661e73037fbb6e62f225b3979d984c0f,qwen3.8:27b,22130167c4c20e20c7b71454612966ca8e8171e9b3cc8ab6ce8aa6cbfec79643,0.33.2,off,16384,41.99
3hop1__19768_19788_10117|wrong_source|12,3hop1__19768_19788_10117,wrong_source,evidence,write_note,12,1,14,0.857,prov,lossless,primary,0,0,0,12,12,1,1,evidence,evidence,,0,1,0,2998,177,8207,168bfa490b87987c32e9abf27aba2b17c5b1e85904f1f25d9f267c0979b5b569,86f479738071f0fed00d50327aef7f92637918d6862d366c3f521b6b18b750d0,qwen3.8:27b,22130167c4c20e20c7b71454612966ca8e8171e9b3cc8ab6ce8aa6cbfec79643,0.33.2,off,16384,43.98
3hop2__855821_467331_162182|corrupted_output|16,3hop2__855821_467331_162182,corrupted_output,tool,read,16,2,38,0.421,log,lossless,primary,0,0,0,16,16,1,1,tool,tool,,0,1,0,5177,198,16737,ba8b77f02b64574ea7e93ea62fa1fc123ccb9b7577129cf415e005a243f5b0a5,a214cefc0f30036bfcc2e03d814655be3db6fb3bf89e6be24788cd19731741fa,qwen3.8:27b,22130167c4c20e20c7b71454612966ca8e8171e9b3cc8ab6ce8aa6cbfec79643,0.33.2,off,16384,64.6
3hop2__855821_467331_162182|corrupted_output|16,3hop2__855821_467331_162182,corrupted_output,tool,read,16,2,38,0.421,diff,lossless,primary,0,0,0,16,16,1,1,tool,tool,,0,1,0,6588,199,21098,580493953bfd9de6d0b2d1d8a4f1e43ab9de066daab1e45d308f79bb0263f1ee,d296e8ef409cf2e1273408b0f0dcae3af8ccf19c8d0acac8e1996d675354e8f0,qwen3.8:27b,22130167c4c20e20c7b71454612966ca8e8171e9b3cc8ab6ce8aa6cbfec79643,0.33.2,off,16384,78.42
3hop2__855821_467331_162182|corrupted_output|16,3hop2__855821_467331_162182,corrupted_output,tool,read,16,2,38,0.421,prov,lossless,primary,0,0,0,16,16,1,1,tool,tool,,1,1,0,6736,253,21221,168bfa490b87987c32e9abf27aba2b17c5b1e85904f1f25d9f267c0979b5b569,24a86a723ece963364eb198e930f979acec28db9c4f89bfbb8937147e20ed1bc,qwen3.8:27b,22130167c4c20e20c7b71454612966ca8e8171e9b3cc8ab6ce8aa6cbfec79643,0.33.2,off,16384,85.49
3hop2__855821_467331_162182|dropped_note|6,3hop2__855821_467331_162182,dropped_note,state,write_note,6,0,20,0.3,log,lossless,primary,0,0,0,6,6,1,1,state,state,,0,1,0,3222,179,9694,ba8b77f02b64574ea7e93ea62fa1fc123ccb9b7577129cf415e005a243f5b0a5,b7f0af219e2b243d42807e4ba38ff68a45da78f94aa9e0cd01f0ed747dffb616,qwen3.8:27b,22130167c4c20e20c7b71454612966ca8e8171e9b3cc8ab6ce8aa6cbfec79643,0.33.2,off,16384,50.0
3hop2__855821_467331_162182|dropped_note|6,3hop2__855821_467331_162182,dropped_note,state,write_note,6,0,20,0.3,diff,lossless,primary,0,0,0,6,6,1,1,state,state,,0,1,0,4082,200,12611,580493953bfd9de6d0b2d1d8a4f1e43ab9de066daab1e45d308f79bb0263f1ee,c51417abfe694b108a407ddce480fc30a97928875034778c71921154eb203627,qwen3.8:27b,22130167c4c20e20c7b71454612966ca8e8171e9b3cc8ab6ce8aa6cbfec79643,0.33.2,off,16384,57.3
3hop2__855821_467331_162182|dropped_note|6,3hop2__855821_467331_162182,dropped_note,state,write_note,6,0,20,0.3,prov,lossless,primary,0,0,0,6,6,1,1,state,state,,0,1,0,4128,162,12301,168bfa490b87987c32e9abf27aba2b17c5b1e85904f1f25d9f267c0979b5b569,52fb25fe911cba99ea8a01ff70bdb24806ef857123dc27fa1da5d8f4688d572c,qwen3.8:27b,22130167c4c20e20c7b71454612966ca8e8171e9b3cc8ab6ce8aa6cbfec79643,0.33.2,off,16384,55.49
3hop2__855821_467331_162182|no_source|6,3hop2__855821_467331_162182,no_source,evidence,write_note,6,0,20,0.3,log,lossless,primary,0,0,0,6,6,1,1,evidence,evidence,,1,1,0,3220,170,9765,ba8b77f02b64574ea7e93ea62fa1fc123ccb9b7577129cf415e005a243f5b0a5,cc51ca6cebab43fbcac13e1e3dff284d34ea36df02430adebdacd51e574706bb,qwen3.8:27b,22130167c4c20e20c7b71454612966ca8e8171e9b3cc8ab6ce8aa6cbfec79643,0.33.2,off,16384,45.14
3hop2__855821_467331_162182|no_source|6,3hop2__855821_467331_162182,no_source,evidence,write_note,6,0,20,0.3,diff,lossless,primary,0,0,0,6,6,1,1,evidence,evidence,,1,1,0,4106,122,12786,580493953bfd9de6d0b2d1d8a4f1e43ab9de066daab1e45d308f79bb0263f1ee,bb31200a56ea30c91ed3654caec1d8ef9b242ffe7ac978d2983e5ced67b4aeeb,qwen3.8:27b,22130167c4c20e20c7b71454612966ca8e8171e9b3cc8ab6ce8aa6cbfec79643,0.33.2,off,16384,48.52
3hop2__855821_467331_162182|no_source|6,3hop2__855821_467331_162182,no_source,evidence,write_note,6,0,20,0.3,prov,lossless,primary,0,0,0,6,6,1,1,evidence,evidence,,0,1,0,4167,152,12504,168bfa490b87987c32e9abf27aba2b17c5b1e85904f1f25d9f267c0979b5b569,31b7a4e25b7839e53d0cb67de6d47d45f886b890b74f9061c7e05e484c4b367a,qwen3.8:27b,22130167c4c20e20c7b71454612966ca8e8171e9b3cc8ab6ce8aa6cbfec79643,0.33.2,off,16384,53.35
3hop2__855821_467331_162182|overwritten_note|18,3hop2__855821_467331_162182,overwritten_note,state,write_note,18,2,20,0.9,log,lossless,primary,0,0,0,18,18,1,1,state,state,,0,1,0,3226,192,9740,ba8b77f02b64574ea7e93ea62fa1fc123ccb9b7577129cf415e005a243f5b0a5,025b2f5e8cfe7e800c03c22643ee96ac185f1c8e5681c63ed439dfaca737b2a8,qwen3.8:27b,22130167c4c20e20c7b71454612966ca8e8171e9b3cc8ab6ce8aa6cbfec79643,0.33.2,off,16384,49.1
3hop2__855821_467331_162182|overwritten_note|18,3hop2__855821_467331_162182,overwritten_note,state,write_note,18,2,20,0.9,diff,lossless,primary,0,0,0,18,18,1,1,state,state,,1,1,0,4129,211,12792,580493953bfd9de6d0b2d1d8a4f1e43ab9de066daab1e45d308f79bb0263f1ee,485de916dc8a3a94c2890a85ddf56d0274d2d343110e9defaabde1f358cf3d07,qwen3.8:27b,22130167c4c20e20c7b71454612966ca8e8171e9b3cc8ab6ce8aa6cbfec79643,0.33.2,off,16384,57.95
3hop2__855821_467331_162182|overwritten_note|18,3hop2__855821_467331_162182,overwritten_note,state,write_note,18,2,20,0.9,prov,lossless,primary,0,0,0,18,18,1,1,state,state,,1,1,0,4196,195,12552,168bfa490b87987c32e9abf27aba2b17c5b1e85904f1f25d9f267c0979b5b569,35cecee98fa2c6d3ab80dfadef637edcca7ea3c7fe94c8e3af4cf07bb59ad5ef,qwen3.8:27b,22130167c4c20e20c7b71454612966ca8e8171e9b3cc8ab6ce8aa6cbfec79643,0.33.2,off,16384,56.33
3hop2__855821_467331_162182|wrong_argument|14,3hop2__855821_467331_162182,wrong_argument,tool,search,14,2,38,0.368,log,lossless,primary,0,0,0,14,14,1,1,tool,tool,,0,1,0,4544,182,14702,ba8b77f02b64574ea7e93ea62fa1fc123ccb9b7577129cf415e005a243f5b0a5,db32752a5034bf75f07c54789549a227311a2bf08d6684ebcbe1ae08c7d6508f,qwen3.8:27b,22130167c4c20e20c7b71454612966ca8e8171e9b3cc8ab6ce8aa6cbfec79643,0.33.2,off,16384,40.4
3hop2__855821_467331_162182|wrong_argument|14,3hop2__855821_467331_162182,wrong_argument,tool,search,14,2,38,0.368,diff,lossless,primary,0,0,0,14,14,1,1,tool,tool,,1,1,0,5862,155,18803,580493953bfd9de6d0b2d1d8a4f1e43ab9de066daab1e45d308f79bb0263f1ee,5d3602c926e8d5eb97fa4bba46d95e1567b53ad3f6e750a5a96767e512e2902c,qwen3.8:27b,22130167c4c20e20c7b71454612966ca8e8171e9b3cc8ab6ce8aa6cbfec79643,0.33.2,off,16384,68.12
3hop2__855821_467331_162182|wrong_argument|14,3hop2__855821_467331_162182,wrong_argument,tool,search,14,2,38,0.368,prov,lossless,primary,0,0,0,14,14,1,1,tool,tool,,0,1,0,5976,234,18817,168bfa490b87987c32e9abf27aba2b17c5b1e85904f1f25d9f267c0979b5b569,cd97e3e702fcaa7adab040f43e2b4c032c18982c1d6fd6095bb0fa90207209de,qwen3.8:27b,22130167c4c20e20c7b71454612966ca8e8171e9b3cc8ab6ce8aa6cbfec79643,0.33.2,off,16384,81.47
3hop2__855821_467331_162182|wrong_source|18,3hop2__855821_467331_162182,wrong_source,evidence,write_note,18,2,38,0.474,log,lossless,primary,0,0,0,18,18,1,1,evidence,evidence,,1,1,0,5164,198,17132,ba8b77f02b64574ea7e93ea62fa1fc123ccb9b7577129cf415e005a243f5b0a5,9d28955033c302e114e2fc51c9d823fb3f76cd918bdd9d6fb7f0b5c1f524a4d9,qwen3.8:27b,22130167c4c20e20c7b71454612966ca8e8171e9b3cc8ab6ce8aa6cbfec79643,0.33.2,off,16384,46.54
3hop2__855821_467331_162182|wrong_source|18,3hop2__855821_467331_162182,wrong_source,evidence,write_note,18,2,38,0.474,diff,lossless,primary,0,0,0,18,18,1,1,evidence,evidence,,1,1,0,6483,208,21233,580493953bfd9de6d0b2d1d8a4f1e43ab9de066daab1e45d308f79bb0263f1ee,a83a1ad8e8e8510c38328d21c3bb7a447e1ac4eeedc769bdc0313594678e6d16,qwen3.8:27b,22130167c4c20e20c7b71454612966ca8e8171e9b3cc8ab6ce8aa6cbfec79643,0.33.2,off,16384,78.21
3hop2__855821_467331_162182|wrong_source|18,3hop2__855821_467331_162182,wrong_source,evidence,write_note,18,2,38,0.474,prov,lossless,primary,0,0,0,18,18,1,1,evidence,evidence,,0,1,0,6620,214,21371,168bfa490b87987c32e9abf27aba2b17c5b1e85904f1f25d9f267c0979b5b569,dd2f2eff4ff6c4cb5e84d7a05a43804b1d691c9167005390ada1857324dc1f75,qwen3.8:27b,22130167c4c20e20c7b71454612966ca8e8171e9b3cc8ab6ce8aa6cbfec79643,0.33.2,off,16384,78.6
3hop1__152880_131926_90707|corrupted_output|2,3hop1__152880_131926_90707,corrupted_output,tool,search,2,0,20,0.1,log,lossless,primary,0,0,0,6,2,0,0,evidence,tool,,0,1,0,3181,224,9114,ba8b77f02b64574ea7e93ea62fa1fc123ccb9b7577129cf415e005a243f5b0a5,1cc4b7699f905d5e8e5ddd077ea3863452608fb486c2b2cdec5716481e36e5dd,qwen3.8:27b,22130167c4c20e20c7b71454612966ca8e8171e9b3cc8ab6ce8aa6cbfec79643,0.33.2,off,16384,51.99
3hop1__152880_131926_90707|corrupted_output|2,3hop1__152880_131926_90707,corrupted_output,tool,search,2,0,20,0.1,diff,lossless,primary,0,0,0,6,2,0,0,evidence,tool,,1,1,0,4103,207,12143,580493953bfd9de6d0b2d1d8a4f1e43ab9de066daab1e45d308f79bb0263f1ee,fe106177d75a682a2c93a0666bc5c39c0800139e99fc4330705a92f64ce799e2,qwen3.8:27b,22130167c4c20e20c7b71454612966ca8e8171e9b3cc8ab6ce8aa6cbfec79643,0.33.2,off,16384,58.09
3hop1__152880_131926_90707|corrupted_output|2,3hop1__152880_131926_90707,corrupted_output,tool,search,2,0,20,0.1,prov,lossless,primary,0,0,0,18,2,0,0,evidence,tool,,0,1,0,4171,239,11958,168bfa490b87987c32e9abf27aba2b17c5b1e85904f1f25d9f267c0979b5b569,2c920ce1bb479543cc32f61859240205d9c3245c01611a9de1132f0e567d1110,qwen3.8:27b,22130167c4c20e20c7b71454612966ca8e8171e9b3cc8ab6ce8aa6cbfec79643,0.33.2,off,16384,63.73
3hop1__152880_131926_90707|dropped_note|12,3hop1__152880_131926_90707,dropped_note,state,write_note,12,1,20,0.6,log,lossless,primary,0,0,0,,12,0,0,none,state,,0,1,0,3189,128,9177,ba8b77f02b64574ea7e93ea62fa1fc123ccb9b7577129cf415e005a243f5b0a5,7ab478d11eada851cce31d7bcd85623182d60a150b2711bdd2c36fadfaeb2fee,qwen3.8:27b,22130167c4c20e20c7b71454612966ca8e8171e9b3cc8ab6ce8aa6cbfec79643,0.33.2,off,16384,42.7
3hop1__152880_131926_90707|dropped_note|12,3hop1__152880_131926_90707,dropped_note,state,write_note,12,1,20,0.6,diff,lossless,primary,0,0,0,12,12,1,1,state,state,,0,1,0,4071,196,12118,580493953bfd9de6d0b2d1d8a4f1e43ab9de066daab1e45d308f79bb0263f1ee,88f43966181db94c76744e24b5df39717af2753e507c112ee18e36f7f6e517e2,qwen3.8:27b,22130167c4c20e20c7b71454612966ca8e8171e9b3cc8ab6ce8aa6cbfec79643,0.33.2,off,16384,57.18
3hop1__152880_131926_90707|dropped_note|12,3hop1__152880_131926_90707,dropped_note,state,write_note,12,1,20,0.6,prov,lossless,primary,0,0,0,12,12,1,1,state,state,,0,1,0,4084,182,11757,168bfa490b87987c32e9abf27aba2b17c5b1e85904f1f25d9f267c0979b5b569,62bb2de1fff9305a940c81d1fea43584c71ab7b9bf7f3bf2824a36c7f31987eb,qwen3.8:27b,22130167c4c20e20c7b71454612966ca8e8171e9b3cc8ab6ce8aa6cbfec79643,0.33.2,off,16384,57.65
3hop1__152880_131926_90707|no_source|12,3hop1__152880_131926_90707,no_source,evidence,write_note,12,1,20,0.6,log,lossless,primary,0,0,0,12,12,1,1,evidence,evidence,,1,1,0,3160,180,9037,ba8b77f02b64574ea7e93ea62fa1fc123ccb9b7577129cf415e005a243f5b0a5,988cec96ea22a6f8d29af6f4e1a352d5d4d31b8fd686b3bd9724aa6cddbddb8d,qwen3.8:27b,22130167c4c20e20c7b71454612966ca8e8171e9b3cc8ab6ce8aa6cbfec79643,0.33.2,off,16384,28.52
3hop1__152880_131926_90707|no_source|12,3hop1__152880_131926_90707,no_source,evidence,write_note,12,1,20,0.6,diff,lossless,primary,0,0,0,12,12,1,1,evidence,evidence,,1,1,0,4065,146,12067,580493953bfd9de6d0b2d1d8a4f1e43ab9de066daab1e45d308f79bb0263f1ee,515fcce6902186419f2830173e5db5ef5ead156979657798b4c6b91cd2cdbdc9,qwen3.8:27b,22130167c4c20e20c7b71454612966ca8e8171e9b3cc8ab6ce8aa6cbfec79643,0.33.2,off,16384,49.85
3hop1__152880_131926_90707|no_source|12,3hop1__152880_131926_90707,no_source,evidence,write_note,12,1,20,0.6,prov,lossless,primary,0,0,0,12,12,1,1,evidence,evidence,,0,1,0,4102,142,11774,168bfa490b87987c32e9abf27aba2b17c5b1e85904f1f25d9f267c0979b5b569,a2ad4ed69389ba49b35c1317fe0089f8b57c3c7930c3abb0801234021d4b4f12,qwen3.8:27b,22130167c4c20e20c7b71454612966ca8e8171e9b3cc8ab6ce8aa6cbfec79643,0.33.2,off,16384,51.47
3hop1__152880_131926_90707|overwritten_note|18,3hop1__152880_131926_90707,overwritten_note,state,write_note,18,2,20,0.9,log,lossless,primary,0,0,0,18,18,1,1,state,state,,1,1,0,3190,153,9223,ba8b77f02b64574ea7e93ea62fa1fc123ccb9b7577129cf415e005a243f5b0a5,88694f005c7b15c204c6e4b2453a242aeeb0d3e19bb15c99ae80657bf2e8a831,qwen3.8:27b,22130167c4c20e20c7b71454612966ca8e8171e9b3cc8ab6ce8aa6cbfec79643,0.33.2,off,16384,25.82
3hop1__152880_131926_90707|overwritten_note|18,3hop1__152880_131926_90707,overwritten_note,state,write_note,18,2,20,0.9,diff,lossless,primary,0,0,0,18,18,1,1,state,state,,1,1,0,4109,177,12263,580493953bfd9de6d0b2d1d8a4f1e43ab9de066daab1e45d308f79bb0263f1ee,ed36b87e2e5add7330a760a7796ed84b2a6d5d28524a7fa46a1d6c02ed8fc469,qwen3.8:27b,22130167c4c20e20c7b71454612966ca8e8171e9b3cc8ab6ce8aa6cbfec79643,0.33.2,off,16384,53.99
3hop1__152880_131926_90707|overwritten_note|18,3hop1__152880_131926_90707,overwritten_note,state,write_note,18,2,20,0.9,prov,lossless,primary,0,0,0,18,18,1,1,state,state,,1,1,0,4136,209,11963,168bfa490b87987c32e9abf27aba2b17c5b1e85904f1f25d9f267c0979b5b569,90f838fce2858830058b21bba5f64f39fcad8f275442c568553d36c146132a12,qwen3.8:27b,22130167c4c20e20c7b71454612966ca8e8171e9b3cc8ab6ce8aa6cbfec79643,0.33.2,off,16384,59.83
3hop1__152880_131926_90707|wrong_argument|16,3hop1__152880_131926_90707,wrong_argument,tool,read,16,2,30,0.533,log,lossless,primary,0,0,0,18,16,0,1,evidence,tool,,0,1,0,4458,176,14245,ba8b77f02b64574ea7e93ea62fa1fc123ccb9b7577129cf415e005a243f5b0a5,0fcdaefbdd67366577ae78b7f347c8cd24f815280d5d816f6cf4ad2b2d3774cc,qwen3.8:27b,22130167c4c20e20c7b71454612966ca8e8171e9b3cc8ab6ce8aa6cbfec79643,0.33.2,off,16384,38.53
3hop1__152880_131926_90707|wrong_argument|16,3hop1__152880_131926_90707,wrong_argument,tool,read,16,2,30,0.533,diff,lossless,primary,0,0,0,16,16,1,1,tool,tool,,1,1,0,5933,176,19173,580493953bfd9de6d0b2d1d8a4f1e43ab9de066daab1e45d308f79bb0263f1ee,faa53d7daa9f0072a969290bdd2bdce813881cdbcf9fb2b66a73c593c9c38b6f,qwen3.8:27b,22130167c4c20e20c7b71454612966ca8e8171e9b3cc8ab6ce8aa6cbfec79643,0.33.2,off,16384,44.89
3hop1__152880_131926_90707|wrong_argument|16,3hop1__152880_131926_90707,wrong_argument,tool,read,16,2,30,0.533,prov,lossless,primary,0,0,0,18,16,0,1,evidence,tool,,0,1,0,5823,186,18198,168bfa490b87987c32e9abf27aba2b17c5b1e85904f1f25d9f267c0979b5b569,1dd42610d90cf4e29b4976729fc56f39d134f28aa288f0148db573ee2bec2bd5,qwen3.8:27b,22130167c4c20e20c7b71454612966ca8e8171e9b3cc8ab6ce8aa6cbfec79643,0.33.2,off,16384,43.28
3hop1__152880_131926_90707|wrong_source|12,3hop1__152880_131926_90707,wrong_source,evidence,write_note,12,0,20,0.6,log,lossless,primary,0,0,0,12,12,1,1,evidence,evidence,,0,1,0,3205,196,9230,ba8b77f02b64574ea7e93ea62fa1fc123ccb9b7577129cf415e005a243f5b0a5,6547074f19dcaa29e580f0a0d0b6205f56265f906190201ef92d7af9af28f80d,qwen3.8:27b,22130167c4c20e20c7b71454612966ca8e8171e9b3cc8ab6ce8aa6cbfec79643,0.33.2,off,16384,31.58
3hop1__152880_131926_90707|wrong_source|12,3hop1__152880_131926_90707,wrong_source,evidence,write_note,12,0,20,0.6,diff,lossless,primary,0,0,0,12,12,1,1,evidence,evidence,,0,1,0,4123,204,12270,580493953bfd9de6d0b2d1d8a4f1e43ab9de066daab1e45d308f79bb0263f1ee,037d84be8c815b5dc111db470cfa13646ae8b8b95412ac5f0e1f983dc547e6c6,qwen3.8:27b,22130167c4c20e20c7b71454612966ca8e8171e9b3cc8ab6ce8aa6cbfec79643,0.33.2,off,16384,56.74
3hop1__152880_131926_90707|wrong_source|12,3hop1__152880_131926_90707,wrong_source,evidence,write_note,12,0,20,0.6,prov,lossless,primary,0,0,0,12,12,1,1,evidence,evidence,,0,1,0,4182,186,12052,168bfa490b87987c32e9abf27aba2b17c5b1e85904f1f25d9f267c0979b5b569,e21beece405f400d0563fbd06261efd7b5306d6c261492b2bb673f6d0c29fb36,qwen3.8:27b,22130167c4c20e20c7b71454612966ca8e8171e9b3cc8ab6ce8aa6cbfec79643,0.33.2,off,16384,56.3
4hop1__199362_765799_282674_759393|corrupted_output|20,4hop1__199362_765799_282674_759393,corrupted_output,tool,read,20,1,38,0.526,log,lossless,primary,0,0,0,20,20,1,1,tool,tool,,1,1,0,5754,226,17977,ba8b77f02b64574ea7e93ea62fa1fc123ccb9b7577129cf415e005a243f5b0a5,9e7641c7a2753f7b2317146b658984169839ba6f53ccd71ab76ef00de5925dbc,qwen3.8:27b,22130167c4c20e20c7b71454612966ca8e8171e9b3cc8ab6ce8aa6cbfec79643,0.33.2,off,16384,72.92
4hop1__199362_765799_282674_759393|corrupted_output|20,4hop1__199362_765799_282674_759393,corrupted_output,tool,read,20,1,38,0.526,diff,lossless,primary,0,0,0,20,20,1,1,tool,tool,,1,1,0,7148,219,22012,580493953bfd9de6d0b2d1d8a4f1e43ab9de066daab1e45d308f79bb0263f1ee,b5f4b5337faac313356edbd8956f86562f1ba9482c33ca9f74ced00305527bb5,qwen3.8:27b,22130167c4c20e20c7b71454612966ca8e8171e9b3cc8ab6ce8aa6cbfec79643,0.33.2,off,16384,83.84
4hop1__199362_765799_282674_759393|corrupted_output|20,4hop1__199362_765799_282674_759393,corrupted_output,tool,read,20,1,38,0.526,prov,lossless,primary,0,0,0,20,20,1,1,tool,tool,,1,1,0,7254,251,22213,168bfa490b87987c32e9abf27aba2b17c5b1e85904f1f25d9f267c0979b5b569,09a23cb68a6f8c72031332cca0f213213eb51ebe58f69c328fb8960a76a84a16,qwen3.8:27b,22130167c4c20e20c7b71454612966ca8e8171e9b3cc8ab6ce8aa6cbfec79643,0.33.2,off,16384,89.64
4hop1__199362_765799_282674_759393|dropped_note|28,4hop1__199362_765799_282674_759393,dropped_note,state,write_note,28,2,30,0.933,log,lossless,primary,0,0,0,28,28,1,1,state,state,,0,1,0,4605,160,13933,ba8b77f02b64574ea7e93ea62fa1fc123ccb9b7577129cf415e005a243f5b0a5,6c3ea306bf3e7f5de10e75d8663d811511261a4b53726d6885ef2e0da467c63c,qwen3.8:27b,22130167c4c20e20c7b71454612966ca8e8171e9b3cc8ab6ce8aa6cbfec79643,0.33.2,off,16384,59.38
4hop1__199362_765799_282674_759393|dropped_note|28,4hop1__199362_765799_282674_759393,dropped_note,state,write_note,28,2,30,0.933,diff,lossless,primary,0,0,0,28,28,1,1,state,state,,0,1,0,5808,200,17524,580493953bfd9de6d0b2d1d8a4f1e43ab9de066daab1e45d308f79bb0263f1ee,87db685d71ab568e7fd7366ba021ff470aa1191c8737a6c5f22fac112ac4cec7,qwen3.8:27b,22130167c4c20e20c7b71454612966ca8e8171e9b3cc8ab6ce8aa6cbfec79643,0.33.2,off,16384,73.99
4hop1__199362_765799_282674_759393|dropped_note|28,4hop1__199362_765799_282674_759393,dropped_note,state,write_note,28,2,30,0.933,prov,lossless,primary,0,0,0,28,28,1,1,evidence,state,,0,1,0,5826,199,17338,168bfa490b87987c32e9abf27aba2b17c5b1e85904f1f25d9f267c0979b5b569,cb2aaaadcf5be399e6547cce7f8cb574b14c53f5620fe2f169b89acf974b6847,qwen3.8:27b,22130167c4c20e20c7b71454612966ca8e8171e9b3cc8ab6ce8aa6cbfec79643,0.33.2,off,16384,73.77
4hop1__199362_765799_282674_759393|no_source|28,4hop1__199362_765799_282674_759393,no_source,evidence,write_note,28,2,30,0.933,log,lossless,primary,0,0,0,28,28,1,1,evidence,evidence,,1,1,0,4620,140,13994,ba8b77f02b64574ea7e93ea62fa1fc123ccb9b7577129cf415e005a243f5b0a5,0c8739038bd0de7c6a7aa6bbdc565ae4e972de46576313573027ff5412b88c7f,qwen3.8:27b,22130167c4c20e20c7b71454612966ca8e8171e9b3cc8ab6ce8aa6cbfec79643,0.33.2,off,16384,26.27
4hop1__199362_765799_282674_759393|no_source|28,4hop1__199362_765799_282674_759393,no_source,evidence,write_note,28,2,30,0.933,diff,lossless,primary,0,0,0,28,28,1,1,evidence,evidence,,1,1,0,5849,136,17681,580493953bfd9de6d0b2d1d8a4f1e43ab9de066daab1e45d308f79bb0263f1ee,8ccc271c57b30fefad7f26b5e04e40716bb65fe39174eca28ed1123357a0dfa6,qwen3.8:27b,22130167c4c20e20c7b71454612966ca8e8171e9b3cc8ab6ce8aa6cbfec79643,0.33.2,off,16384,25.42
4hop1__199362_765799_282674_759393|no_source|28,4hop1__199362_765799_282674_759393,no_source,evidence,write_note,28,2,30,0.933,prov,lossless,primary,0,0,0,28,28,1,1,evidence,evidence,,0,1,0,5905,137,17563,168bfa490b87987c32e9abf27aba2b17c5b1e85904f1f25d9f267c0979b5b569,b87c02b743b5ae60d01e0596ae48336a897a8a86622c9bca8f0982b2bdec5ea4,qwen3.8:27b,22130167c4c20e20c7b71454612966ca8e8171e9b3cc8ab6ce8aa6cbfec79643,0.33.2,off,16384,25.69
4hop1__199362_765799_282674_759393|overwritten_note|16,4hop1__199362_765799_282674_759393,overwritten_note,state,write_note,16,0,30,0.533,log,lossless,primary,0,0,0,16,16,1,1,state,state,,0,1,0,4629,162,13977,ba8b77f02b64574ea7e93ea62fa1fc123ccb9b7577129cf415e005a243f5b0a5,ad2c78c74f4a6017e46d811df95e3ee625c2e6d811b35fde9afd21c7b4017f6b,qwen3.8:27b,22130167c4c20e20c7b71454612966ca8e8171e9b3cc8ab6ce8aa6cbfec79643,0.33.2,off,16384,57.15
4hop1__199362_765799_282674_759393|overwritten_note|16,4hop1__199362_765799_282674_759393,overwritten_note,state,write_note,16,0,30,0.533,diff,lossless,primary,0,0,0,16,16,1,1,state,state,,1,1,0,5869,176,17674,580493953bfd9de6d0b2d1d8a4f1e43ab9de066daab1e45d308f79bb0263f1ee,a0430a2bd7c0737aaa94e6518610f27913af9b266dcf675f844d4f0a9f608a5b,qwen3.8:27b,22130167c4c20e20c7b71454612966ca8e8171e9b3cc8ab6ce8aa6cbfec79643,0.33.2,off,16384,69.11
4hop1__199362_765799_282674_759393|overwritten_note|16,4hop1__199362_765799_282674_759393,overwritten_note,state,write_note,16,0,30,0.533,prov,lossless,primary,0,0,0,16,16,1,1,state,state,,0,1,0,5945,219,17609,168bfa490b87987c32e9abf27aba2b17c5b1e85904f1f25d9f267c0979b5b569,7214e5d18518b7f154778923ddbbfa3b66352ac9ca80c616aa59208ad793d733,qwen3.8:27b,22130167c4c20e20c7b71454612966ca8e8171e9b3cc8ab6ce8aa6cbfec79643,0.33.2,off,16384,76.84
4hop1__199362_765799_282674_759393|wrong_argument|8,4hop1__199362_765799_282674_759393,wrong_argument,tool,search,8,0,36,0.222,log,lossless,primary,0,0,0,8,8,1,1,tool,tool,,0,1,0,5224,182,16041,ba8b77f02b64574ea7e93ea62fa1fc123ccb9b7577129cf415e005a243f5b0a5,1bed98c8f90892fe4e30badba1adffd548793f0f299a2c913b3387f3740278ad,qwen3.8:27b,22130167c4c20e20c7b71454612966ca8e8171e9b3cc8ab6ce8aa6cbfec79643,0.33.2,off,16384,65.57
4hop1__199362_765799_282674_759393|wrong_argument|8,4hop1__199362_765799_282674_759393,wrong_argument,tool,search,8,0,36,0.222,diff,lossless,primary,0,0,0,8,8,1,1,tool,tool,,0,1,0,6609,173,20116,580493953bfd9de6d0b2d1d8a4f1e43ab9de066daab1e45d308f79bb0263f1ee,f144491e877acc330a5f1d4b07dfad04de2020296f19896f8277ba23516e22ba,qwen3.8:27b,22130167c4c20e20c7b71454612966ca8e8171e9b3cc8ab6ce8aa6cbfec79643,0.33.2,off,16384,75.57
4hop1__199362_765799_282674_759393|wrong_argument|8,4hop1__199362_765799_282674_759393,wrong_argument,tool,search,8,0,36,0.222,prov,lossless,primary,0,0,0,8,8,1,1,tool,tool,,1,1,0,6711,163,20189,168bfa490b87987c32e9abf27aba2b17c5b1e85904f1f25d9f267c0979b5b569,2366339d1107fc12cb41c7e03c2d19b50a5a01a0d04adf6a20350078be1728e8,qwen3.8:27b,22130167c4c20e20c7b71454612966ca8e8171e9b3cc8ab6ce8aa6cbfec79643,0.33.2,off,16384,76.73
4hop1__199362_765799_282674_759393|wrong_source|22,4hop1__199362_765799_282674_759393,wrong_source,evidence,write_note,22,1,30,0.733,log,lossless,primary,0,0,0,22,22,1,1,evidence,evidence,,1,1,0,4618,229,13915,ba8b77f02b64574ea7e93ea62fa1fc123ccb9b7577129cf415e005a243f5b0a5,eff061163635daacc259ab60508744a5a3138fca7d7fd055aa561342016391dd,qwen3.8:27b,22130167c4c20e20c7b71454612966ca8e8171e9b3cc8ab6ce8aa6cbfec79643,0.33.2,off,16384,63.14
4hop1__199362_765799_282674_759393|wrong_source|22,4hop1__199362_765799_282674_759393,wrong_source,evidence,write_note,22,1,30,0.733,diff,lossless,primary,0,0,0,22,22,1,1,evidence,evidence,,1,1,0,5860,226,17619,580493953bfd9de6d0b2d1d8a4f1e43ab9de066daab1e45d308f79bb0263f1ee,7c3fd796c685124aa86b0479e1088880152f0dcaf1e3003d74fa9f7df996a216,qwen3.8:27b,22130167c4c20e20c7b71454612966ca8e8171e9b3cc8ab6ce8aa6cbfec79643,0.33.2,off,16384,74.08
4hop1__199362_765799_282674_759393|wrong_source|22,4hop1__199362_765799_282674_759393,wrong_source,evidence,write_note,22,1,30,0.733,prov,lossless,primary,0,0,0,22,22,1,1,evidence,evidence,,1,1,0,5934,299,17554,168bfa490b87987c32e9abf27aba2b17c5b1e85904f1f25d9f267c0979b5b569,e4447584c18537b6ce3d7897663067b59534c220000313e10492ad22a85b9f06,qwen3.8:27b,22130167c4c20e20c7b71454612966ca8e8171e9b3cc8ab6ce8aa6cbfec79643,0.33.2,off,16384,82.84
3hop1__103180_214799_259594|corrupted_output|20,3hop1__103180_214799_259594,corrupted_output,tool,search,20,2,38,0.526,log,lossless,primary,0,0,0,,20,0,0,none,tool,,0,1,0,5412,137,17086,ba8b77f02b64574ea7e93ea62fa1fc123ccb9b7577129cf415e005a243f5b0a5,c5146860b7b58ad27fa8d7465cd896b0e7b63bc755eda6902f6cd323add4629a,qwen3.8:27b,22130167c4c20e20c7b71454612966ca8e8171e9b3cc8ab6ce8aa6cbfec79643,0.33.2,off,16384,65.83
3hop1__103180_214799_259594|corrupted_output|20,3hop1__103180_214799_259594,corrupted_output,tool,search,20,2,38,0.526,diff,lossless,primary,0,0,0,22,20,0,1,tool,tool,,0,1,0,7089,168,22346,580493953bfd9de6d0b2d1d8a4f1e43ab9de066daab1e45d308f79bb0263f1ee,d98ffdf1a8a21f1f9eb5e435a57b1d0859f9e8943295b250a45a3f8fb52fc306,qwen3.8:27b,22130167c4c20e20c7b71454612966ca8e8171e9b3cc8ab6ce8aa6cbfec79643,0.33.2,off,16384,80.28
3hop1__103180_214799_259594|corrupted_output|20,3hop1__103180_214799_259594,corrupted_output,tool,search,20,2,38,0.526,prov,lossless,primary,0,0,0,22,20,0,1,tool,tool,,1,1,0,7116,199,21759,168bfa490b87987c32e9abf27aba2b17c5b1e85904f1f25d9f267c0979b5b569,19933d73cd1550109d398cb8de384d974807341a2724df5c8f33758e4dcefa4a,qwen3.8:27b,22130167c4c20e20c7b71454612966ca8e8171e9b3cc8ab6ce8aa6cbfec79643,0.33.2,off,16384,84.11
3hop1__103180_214799_259594|dropped_note|6,3hop1__103180_214799_259594,dropped_note,state,write_note,6,0,26,0.231,log,lossless,primary,0,0,0,18,6,0,0,tool,state,,0,1,0,3927,160,11908,ba8b77f02b64574ea7e93ea62fa1fc123ccb9b7577129cf415e005a243f5b0a5,6b85fb79bdcc21bb9e6ce3b57be3425d5de6b2a42c1e00694f8f11a6a0bfb0a7,qwen3.8:27b,22130167c4c20e20c7b71454612966ca8e8171e9b3cc8ab6ce8aa6cbfec79643,0.33.2,off,16384,51.68
3hop1__103180_214799_259594|dropped_note|6,3hop1__103180_214799_259594,dropped_note,state,write_note,6,0,26,0.231,diff,lossless,primary,0,0,0,6,6,1,1,state,state,,0,1,0,5063,192,15596,580493953bfd9de6d0b2d1d8a4f1e43ab9de066daab1e45d308f79bb0263f1ee,f2f80466bd45193db6d99017d09e59384418aaed7b10e2c0ef9fc4c826baff2f,qwen3.8:27b,22130167c4c20e20c7b71454612966ca8e8171e9b3cc8ab6ce8aa6cbfec79643,0.33.2,off,16384,64.56
3hop1__103180_214799_259594|dropped_note|6,3hop1__103180_214799_259594,dropped_note,state,write_note,6,0,26,0.231,prov,lossless,primary,0,0,0,18,6,0,0,tool,state,,0,1,0,5051,175,15044,168bfa490b87987c32e9abf27aba2b17c5b1e85904f1f25d9f267c0979b5b569,d0b0b6f968ae6b352e7be80f7fd02537253be4e8958498d254e6d528773200d5,qwen3.8:27b,22130167c4c20e20c7b71454612966ca8e8171e9b3cc8ab6ce8aa6cbfec79643,0.33.2,off,16384,63.49
3hop1__103180_214799_259594|no_source|6,3hop1__103180_214799_259594,no_source,evidence,write_note,6,0,26,0.231,log,lossless,primary,0,0,0,6,6,1,1,evidence,evidence,,1,1,0,3918,160,11856,ba8b77f02b64574ea7e93ea62fa1fc123ccb9b7577129cf415e005a243f5b0a5,5fa1ebb449d439636d1537056e73912014e006050f70d8c9178b7cfd32db0273,qwen3.8:27b,22130167c4c20e20c7b71454612966ca8e8171e9b3cc8ab6ce8aa6cbfec79643,0.33.2,off,16384,48.98
3hop1__103180_214799_259594|no_source|6,3hop1__103180_214799_259594,no_source,evidence,write_note,6,0,26,0.231,diff,lossless,primary,0,0,0,18,6,0,0,tool,evidence,,0,1,0,5080,151,15621,580493953bfd9de6d0b2d1d8a4f1e43ab9de066daab1e45d308f79bb0263f1ee,5368ce651753dec390cc53851ac8ff75bea34543d7eb6bd6a1e57ba059c1ccb0,qwen3.8:27b,22130167c4c20e20c7b71454612966ca8e8171e9b3cc8ab6ce8aa6cbfec79643,0.33.2,off,16384,59.76
3hop1__103180_214799_259594|no_source|6,3hop1__103180_214799_259594,no_source,evidence,write_note,6,0,26,0.231,prov,lossless,primary,0,0,0,6,6,1,1,evidence,evidence,,0,1,0,5080,131,15086,168bfa490b87987c32e9abf27aba2b17c5b1e85904f1f25d9f267c0979b5b569,7a542f031af4d2fa78d4117ec8831b3f9610f178fa2ab759d55bce9bef5d1603,qwen3.8:27b,22130167c4c20e20c7b71454612966ca8e8171e9b3cc8ab6ce8aa6cbfec79643,0.33.2,off,16384,58.05
3hop1__103180_214799_259594|overwritten_note|18,3hop1__103180_214799_259594,overwritten_note,state,write_note,18,1,26,0.692,log,lossless,primary,0,0,0,18,18,1,1,state,state,,0,1,0,3939,147,11942,ba8b77f02b64574ea7e93ea62fa1fc123ccb9b7577129cf415e005a243f5b0a5,f6d5bc495556c5fed2062dfd8279943ab1ae8e9c541f60986fd532906e97f1e9,qwen3.8:27b,22130167c4c20e20c7b71454612966ca8e8171e9b3cc8ab6ce8aa6cbfec79643,0.33.2,off,16384,50.01
3hop1__103180_214799_259594|overwritten_note|18,3hop1__103180_214799_259594,overwritten_note,state,write_note,18,1,26,0.692,diff,lossless,primary,0,0,0,18,18,1,1,state,state,,1,1,0,5110,187,15715,580493953bfd9de6d0b2d1d8a4f1e43ab9de066daab1e45d308f79bb0263f1ee,af764e444e61b1ddd0a8dd8a70053f81d2d5c40a21e80d7444bbea260cb0c6be,qwen3.8:27b,22130167c4c20e20c7b71454612966ca8e8171e9b3cc8ab6ce8aa6cbfec79643,0.33.2,off,16384,63.53
3hop1__103180_214799_259594|overwritten_note|18,3hop1__103180_214799_259594,overwritten_note,state,write_note,18,1,26,0.692,prov,lossless,primary,0,0,0,18,18,1,1,state,state,,0,1,0,5130,198,15230,168bfa490b87987c32e9abf27aba2b17c5b1e85904f1f25d9f267c0979b5b569,820f0bb48fbfb95f7facbbecae55e18faf814fe6a80b1729c6b78c76ebe74051,qwen3.8:27b,22130167c4c20e20c7b71454612966ca8e8171e9b3cc8ab6ce8aa6cbfec79643,0.33.2,off,16384,65.93
3hop1__103180_214799_259594|wrong_argument|16,3hop1__103180_214799_259594,wrong_argument,tool,read,16,1,26,0.615,log,lossless,primary,0,0,0,16,16,1,1,tool,tool,,0,1,0,4110,211,12734,ba8b77f02b64574ea7e93ea62fa1fc123ccb9b7577129cf415e005a243f5b0a5,192ff2ff1c67822765d7ebae6d22b9a4da8965b684479ee55825c65649b8c6c8,qwen3.8:27b,22130167c4c20e20c7b71454612966ca8e8171e9b3cc8ab6ce8aa6cbfec79643,0.33.2,off,16384,56.58
3hop1__103180_214799_259594|wrong_argument|16,3hop1__103180_214799_259594,wrong_argument,tool,read,16,1,26,0.615,diff,lossless,primary,0,0,0,16,16,1,1,tool,tool,,0,1,0,5428,212,17126,580493953bfd9de6d0b2d1d8a4f1e43ab9de066daab1e45d308f79bb0263f1ee,a635511ffd34763cef83b0b349c144742de6534788df60350f1bd04bbae4c8c9,qwen3.8:27b,22130167c4c20e20c7b71454612966ca8e8171e9b3cc8ab6ce8aa6cbfec79643,0.33.2,off,16384,68.01
3hop1__103180_214799_259594|wrong_argument|16,3hop1__103180_214799_259594,wrong_argument,tool,read,16,1,26,0.615,prov,lossless,primary,0,0,0,16,16,1,1,tool,tool,,1,1,0,5319,177,16132,168bfa490b87987c32e9abf27aba2b17c5b1e85904f1f25d9f267c0979b5b569,44e5163a0785ec7df5614cb275fe18df8516c3f4296bf2ef379649447ab4fb3c,qwen3.8:27b,22130167c4c20e20c7b71454612966ca8e8171e9b3cc8ab6ce8aa6cbfec79643,0.33.2,off,16384,64.62
3hop1__103180_214799_259594|wrong_source|24,3hop1__103180_214799_259594,wrong_source,evidence,write_note,24,2,26,0.923,log,lossless,primary,0,0,0,24,24,1,1,evidence,evidence,,1,1,0,3938,215,11938,ba8b77f02b64574ea7e93ea62fa1fc123ccb9b7577129cf415e005a243f5b0a5,5c49b7b15cb0d1eaf8537f369249fcc84af5d413a9ec2c6e55f60e58272f6274,qwen3.8:27b,22130167c4c20e20c7b71454612966ca8e8171e9b3cc8ab6ce8aa6cbfec79643,0.33.2,off,16384,55.55
3hop1__103180_214799_259594|wrong_source|24,3hop1__103180_214799_259594,wrong_source,evidence,write_note,24,2,26,0.923,diff,lossless,primary,0,0,0,24,24,1,1,evidence,evidence,,1,1,0,5108,214,15711,580493953bfd9de6d0b2d1d8a4f1e43ab9de066daab1e45d308f79bb0263f1ee,184e74ebad7c55ca55ac74e50782c92a4816f5f695e2d1e7e5b73ffc7ed15dbb,qwen3.8:27b,22130167c4c20e20c7b71454612966ca8e8171e9b3cc8ab6ce8aa6cbfec79643,0.33.2,off,16384,65.62
3hop1__103180_214799_259594|wrong_source|24,3hop1__103180_214799_259594,wrong_source,evidence,write_note,24,2,26,0.923,prov,lossless,primary,0,0,0,24,24,1,1,evidence,evidence,,0,1,0,5127,204,15226,168bfa490b87987c32e9abf27aba2b17c5b1e85904f1f25d9f267c0979b5b569,8fc0fbf75468b20d5f2e11d98b55958202d1d94350a2b8bfe31309142c79b34c,qwen3.8:27b,22130167c4c20e20c7b71454612966ca8e8171e9b3cc8ab6ce8aa6cbfec79643,0.33.2,off,16384,65.22
3hop1__818422_160545_34751|corrupted_output|4,3hop1__818422_160545_34751,corrupted_output,tool,read,4,0,22,0.182,log,lossless,primary,0,0,0,4,4,1,1,tool,tool,,0,1,0,3262,176,9040,ba8b77f02b64574ea7e93ea62fa1fc123ccb9b7577129cf415e005a243f5b0a5,4d8d39c8b9b2792f463b3a20dda017150d6f928c432640fcef890e7bc95facaa,qwen3.8:27b,22130167c4c20e20c7b71454612966ca8e8171e9b3cc8ab6ce8aa6cbfec79643,0.33.2,off,16384,45.29
3hop1__818422_160545_34751|corrupted_output|4,3hop1__818422_160545_34751,corrupted_output,tool,read,4,0,22,0.182,diff,lossless,primary,0,0,0,4,4,1,1,tool,tool,,0,1,0,4271,177,12230,580493953bfd9de6d0b2d1d8a4f1e43ab9de066daab1e45d308f79bb0263f1ee,dbb59c246cea93f53a6726a4eae14735c425646faeced86b9a136c936353a49e,qwen3.8:27b,22130167c4c20e20c7b71454612966ca8e8171e9b3cc8ab6ce8aa6cbfec79643,0.33.2,off,16384,54.4
3hop1__818422_160545_34751|corrupted_output|4,3hop1__818422_160545_34751,corrupted_output,tool,read,4,0,22,0.182,prov,lossless,primary,0,0,0,4,4,1,1,tool,tool,,0,1,0,4302,207,12008,168bfa490b87987c32e9abf27aba2b17c5b1e85904f1f25d9f267c0979b5b569,8e82021e220d093d4c591ad7e200fc78bcdc5820378516ba666cce68ac2a5e1c,qwen3.8:27b,22130167c4c20e20c7b71454612966ca8e8171e9b3cc8ab6ce8aa6cbfec79643,0.33.2,off,16384,58.3
3hop1__818422_160545_34751|dropped_note|12,3hop1__818422_160545_34751,dropped_note,state,write_note,12,2,14,0.857,log,lossless,primary,0,0,0,12,12,1,1,state,state,,0,1,0,2265,210,5851,ba8b77f02b64574ea7e93ea62fa1fc123ccb9b7577129cf415e005a243f5b0a5,f0fc9aa7798c857d214f9d2b07b41851b1cb390472ade2156333c4159270fea4,qwen3.8:27b,22130167c4c20e20c7b71454612966ca8e8171e9b3cc8ab6ce8aa6cbfec79643,0.33.2,off,16384,42.87
3hop1__818422_160545_34751|dropped_note|12,3hop1__818422_160545_34751,dropped_note,state,write_note,12,2,14,0.857,diff,lossless,primary,0,0,0,12,12,1,1,state,state,,0,1,0,2826,179,7739,580493953bfd9de6d0b2d1d8a4f1e43ab9de066daab1e45d308f79bb0263f1ee,eba1dfbabe574a03659782f82e584b69c81a59eb4aaf0dadb8ef79c71990bffb,qwen3.8:27b,22130167c4c20e20c7b71454612966ca8e8171e9b3cc8ab6ce8aa6cbfec79643,0.33.2,off,16384,45.48
3hop1__818422_160545_34751|dropped_note|12,3hop1__818422_160545_34751,dropped_note,state,write_note,12,2,14,0.857,prov,lossless,primary,0,0,0,12,12,1,1,state,state,,0,1,0,2851,175,7541,168bfa490b87987c32e9abf27aba2b17c5b1e85904f1f25d9f267c0979b5b569,34d4424706094f75107c2b91f4b32732a72bfa8edb4e326324ee0d521376f521,qwen3.8:27b,22130167c4c20e20c7b71454612966ca8e8171e9b3cc8ab6ce8aa6cbfec79643,0.33.2,off,16384,42.76
3hop1__818422_160545_34751|no_source|12,3hop1__818422_160545_34751,no_source,evidence,write_note,12,2,14,0.857,log,lossless,primary,0,0,0,12,12,1,1,evidence,evidence,,1,1,0,2291,123,5979,ba8b77f02b64574ea7e93ea62fa1fc123ccb9b7577129cf415e005a243f5b0a5,1a0863fc45034f5e2a4d64e8de643dc5402c8366ac1ed172cde41ed75390a3df,qwen3.8:27b,22130167c4c20e20c7b71454612966ca8e8171e9b3cc8ab6ce8aa6cbfec79643,0.33.2,off,16384,21.65
3hop1__818422_160545_34751|no_source|12,3hop1__818422_160545_34751,no_source,evidence,write_note,12,2,14,0.857,diff,lossless,primary,0,0,0,12,12,1,1,evidence,evidence,,1,1,0,2882,124,7970,580493953bfd9de6d0b2d1d8a4f1e43ab9de066daab1e45d308f79bb0263f1ee,e630fe2b4b5a027770d52975aec8792c2ccaf59b14e5382a4f3395af9b1e718b,qwen3.8:27b,22130167c4c20e20c7b71454612966ca8e8171e9b3cc8ab6ce8aa6cbfec79643,0.33.2,off,16384,23.83
3hop1__818422_160545_34751|no_source|12,3hop1__818422_160545_34751,no_source,evidence,write_note,12,2,14,0.857,prov,lossless,primary,0,0,0,12,12,1,1,evidence,evidence,,0,1,0,2961,137,7906,168bfa490b87987c32e9abf27aba2b17c5b1e85904f1f25d9f267c0979b5b569,dbb2648d6e8d9dfba5730a0fac6d5b18add39da9172edc9a03dd92bb67121cdb,qwen3.8:27b,22130167c4c20e20c7b71454612966ca8e8171e9b3cc8ab6ce8aa6cbfec79643,0.33.2,off,16384,25.51
3hop1__818422_160545_34751|overwritten_note|12,3hop1__818422_160545_34751,overwritten_note,state,write_note,12,1,14,0.857,log,lossless,primary,0,0,0,12,12,1,1,state,state,,1,1,0,2281,142,5905,ba8b77f02b64574ea7e93ea62fa1fc123ccb9b7577129cf415e005a243f5b0a5,75ecc83a9002daefa0f914dc030a09f7d5143cebbc659e9fef1b0df4fb65a384,qwen3.8:27b,22130167c4c20e20c7b71454612966ca8e8171e9b3cc8ab6ce8aa6cbfec79643,0.33.2,off,16384,23.51
3hop1__818422_160545_34751|overwritten_note|12,3hop1__818422_160545_34751,overwritten_note,state,write_note,12,1,14,0.857,diff,lossless,primary,0,0,0,12,12,1,1,state,state,,1,1,0,2885,192,7906,580493953bfd9de6d0b2d1d8a4f1e43ab9de066daab1e45d308f79bb0263f1ee,4da9bb7d1ed463e05bb822e0d82099721cbbe7bec70f09f99172e72d76028a61,qwen3.8:27b,22130167c4c20e20c7b71454612966ca8e8171e9b3cc8ab6ce8aa6cbfec79643,0.33.2,off,16384,30.52
3hop1__818422_160545_34751|overwritten_note|12,3hop1__818422_160545_34751,overwritten_note,state,write_note,12,1,14,0.857,prov,lossless,primary,0,0,0,12,12,1,1,state,state,,1,1,0,2958,184,7839,168bfa490b87987c32e9abf27aba2b17c5b1e85904f1f25d9f267c0979b5b569,3f580424b16c5bc07ec3b7d74f75c61ae00a01a41c3b41a6a20c302538382025,qwen3.8:27b,22130167c4c20e20c7b71454612966ca8e8171e9b3cc8ab6ce8aa6cbfec79643,0.33.2,off,16384,28.23
3hop1__818422_160545_34751|wrong_argument|8,3hop1__818422_160545_34751,wrong_argument,tool,search,8,1,18,0.444,log,lossless,primary,0,0,0,8,8,1,1,tool,tool,,1,1,0,2859,151,7841,ba8b77f02b64574ea7e93ea62fa1fc123ccb9b7577129cf415e005a243f5b0a5,4715801528f17c75284443627f7994612f5c1dd26c6b76a667179f0d1baaf581,qwen3.8:27b,22130167c4c20e20c7b71454612966ca8e8171e9b3cc8ab6ce8aa6cbfec79643,0.33.2,off,16384,31.78
3hop1__818422_160545_34751|wrong_argument|8,3hop1__818422_160545_34751,wrong_argument,tool,search,8,1,18,0.444,diff,lossless,primary,0,0,0,8,8,1,1,tool,tool,,1,1,0,3558,157,10086,580493953bfd9de6d0b2d1d8a4f1e43ab9de066daab1e45d308f79bb0263f1ee,cee243a5939b207e8615bed05ac9b0f292e8f5508e4217f6ed658a071efd225b,qwen3.8:27b,22130167c4c20e20c7b71454612966ca8e8171e9b3cc8ab6ce8aa6cbfec79643,0.33.2,off,16384,46.8
3hop1__818422_160545_34751|wrong_argument|8,3hop1__818422_160545_34751,wrong_argument,tool,search,8,1,18,0.444,prov,lossless,primary,0,0,0,8,8,1,1,tool,tool,,1,1,0,3679,154,10203,168bfa490b87987c32e9abf27aba2b17c5b1e85904f1f25d9f267c0979b5b569,01ecad35bb4acf0b6bceffec8f6aa5807d70d3549906e445d9eaa750d8ca2873,qwen3.8:27b,22130167c4c20e20c7b71454612966ca8e8171e9b3cc8ab6ce8aa6cbfec79643,0.33.2,off,16384,48.02
3hop1__818422_160545_34751|wrong_source|12,3hop1__818422_160545_34751,wrong_source,evidence,write_note,12,1,14,0.857,log,lossless,primary,0,0,0,12,12,1,1,evidence,evidence,,1,1,0,2312,218,5999,ba8b77f02b64574ea7e93ea62fa1fc123ccb9b7577129cf415e005a243f5b0a5,6139da44aaf19fe318dbae5b19c720dc6f0ed94755534f80825b39518bf3ea12,qwen3.8:27b,22130167c4c20e20c7b71454612966ca8e8171e9b3cc8ab6ce8aa6cbfec79643,0.33.2,off,16384,32.53
3hop1__818422_160545_34751|wrong_source|12,3hop1__818422_160545_34751,wrong_source,evidence,write_note,12,1,14,0.857,diff,lossless,primary,0,0,0,12,12,1,1,evidence,evidence,,0,1,0,2913,215,8000,580493953bfd9de6d0b2d1d8a4f1e43ab9de066daab1e45d308f79bb0263f1ee,12a5c617f9b8242250af530e1ba6f2b874373fffc0a3323f09c413c9e5365de7,qwen3.8:27b,22130167c4c20e20c7b71454612966ca8e8171e9b3cc8ab6ce8aa6cbfec79643,0.33.2,off,16384,48.0
3hop1__818422_160545_34751|wrong_source|12,3hop1__818422_160545_34751,wrong_source,evidence,write_note,12,1,14,0.857,prov,lossless,primary,0,0,0,12,12,1,1,evidence,evidence,,0,1,0,3017,198,8011,168bfa490b87987c32e9abf27aba2b17c5b1e85904f1f25d9f267c0979b5b569,648d3302f512c73b4cdfdc71d83cccb48e12614c61e2efe357e2dbd52524daa2,qwen3.8:27b,22130167c4c20e20c7b71454612966ca8e8171e9b3cc8ab6ce8aa6cbfec79643,0.33.2,off,16384,45.86
3hop1__742780_567566_84283|corrupted_output|8,3hop1__742780_567566_84283,corrupted_output,tool,search,8,1,26,0.308,log,lossless,primary,0,0,0,10,8,0,1,tool,tool,,0,1,0,4301,172,13237,ba8b77f02b64574ea7e93ea62fa1fc123ccb9b7577129cf415e005a243f5b0a5,d2fe6719ee8509c0664c58ad7922eb0cb9f05c607d7cebe5e730836ee9ba41f9,qwen3.8:27b,22130167c4c20e20c7b71454612966ca8e8171e9b3cc8ab6ce8aa6cbfec79643,0.33.2,off,16384,56.06
3hop1__742780_567566_84283|corrupted_output|8,3hop1__742780_567566_84283,corrupted_output,tool,search,8,1,26,0.308,diff,lossless,primary,0,0,0,10,8,0,1,tool,tool,,0,1,0,5760,189,18108,580493953bfd9de6d0b2d1d8a4f1e43ab9de066daab1e45d308f79bb0263f1ee,f62f67cb497bc0d28bf18e28d3d1931cb8ac480d66a564de3cc765523e2b0697,qwen3.8:27b,22130167c4c20e20c7b71454612966ca8e8171e9b3cc8ab6ce8aa6cbfec79643,0.33.2,off,16384,69.63
3hop1__742780_567566_84283|corrupted_output|8,3hop1__742780_567566_84283,corrupted_output,tool,search,8,1,26,0.308,prov,lossless,primary,0,0,0,10,8,0,1,tool,tool,,0,1,0,5548,193,16837,168bfa490b87987c32e9abf27aba2b17c5b1e85904f1f25d9f267c0979b5b569,61dd3c9cc8076beece9bb2845e97f76f188e704ce587471ce19b0bc39b59c2f6,qwen3.8:27b,22130167c4c20e20c7b71454612966ca8e8171e9b3cc8ab6ce8aa6cbfec79643,0.33.2,off,16384,71.08
3hop1__742780_567566_84283|dropped_note|18,3hop1__742780_567566_84283,dropped_note,state,write_note,18,2,20,0.9,log,lossless,primary,0,0,0,18,18,1,1,state,state,,0,1,0,3525,154,10474,ba8b77f02b64574ea7e93ea62fa1fc123ccb9b7577129cf415e005a243f5b0a5,d7df85632186e8ca96cc889746a4f26bdc9a28e9043fa3210bb91777dffb6008,qwen3.8:27b,22130167c4c20e20c7b71454612966ca8e8171e9b3cc8ab6ce8aa6cbfec79643,0.33.2,off,16384,46.94
3hop1__742780_567566_84283|dropped_note|18,3hop1__742780_567566_84283,dropped_note,state,write_note,18,2,20,0.9,diff,lossless,primary,0,0,0,18,18,1,1,state,state,,0,1,0,4637,190,14148,580493953bfd9de6d0b2d1d8a4f1e43ab9de066daab1e45d308f79bb0263f1ee,853825f6544232873e7024afa365a4a036b0d94500fe312950ff574d571e75b6,qwen3.8:27b,22130167c4c20e20c7b71454612966ca8e8171e9b3cc8ab6ce8aa6cbfec79643,0.33.2,off,16384,61.47
3hop1__742780_567566_84283|dropped_note|18,3hop1__742780_567566_84283,dropped_note,state,write_note,18,2,20,0.9,prov,lossless,primary,0,0,0,18,18,1,1,state,state,,0,1,0,4408,185,13006,168bfa490b87987c32e9abf27aba2b17c5b1e85904f1f25d9f267c0979b5b569,9cbb2c4bffee8d7994754f94efd34eac11823a383734347224d6842659596d51,qwen3.8:27b,22130167c4c20e20c7b71454612966ca8e8171e9b3cc8ab6ce8aa6cbfec79643,0.33.2,off,16384,61.61
3hop1__742780_567566_84283|no_source|18,3hop1__742780_567566_84283,no_source,evidence,write_note,18,2,20,0.9,log,lossless,primary,0,0,0,18,18,1,1,evidence,evidence,,1,1,0,3507,143,10419,ba8b77f02b64574ea7e93ea62fa1fc123ccb9b7577129cf415e005a243f5b0a5,a66d5b9cd27c8ee1e4dc4b7d2aea08d611d25315165427972014808c853c81a3,qwen3.8:27b,22130167c4c20e20c7b71454612966ca8e8171e9b3cc8ab6ce8aa6cbfec79643,0.33.2,off,16384,24.42
3hop1__742780_567566_84283|no_source|18,3hop1__742780_567566_84283,no_source,evidence,write_note,18,2,20,0.9,diff,lossless,primary,0,0,0,18,18,1,1,evidence,evidence,,1,1,0,4648,145,14205,580493953bfd9de6d0b2d1d8a4f1e43ab9de066daab1e45d308f79bb0263f1ee,bf197e8175348574c598eb1f2f192751fd2343cb3bf988a10f9ce03651dc125d,qwen3.8:27b,22130167c4c20e20c7b71454612966ca8e8171e9b3cc8ab6ce8aa6cbfec79643,0.33.2,off,16384,26.77
3hop1__742780_567566_84283|no_source|18,3hop1__742780_567566_84283,no_source,evidence,write_note,18,2,20,0.9,prov,lossless,primary,0,0,0,18,18,1,1,evidence,evidence,,0,1,0,4470,176,13177,168bfa490b87987c32e9abf27aba2b17c5b1e85904f1f25d9f267c0979b5b569,39067248b6097b31e5d696fb7ce2abb458126afcc6d7c4969eeeb4f0c9e4e6aa,qwen3.8:27b,22130167c4c20e20c7b71454612966ca8e8171e9b3cc8ab6ce8aa6cbfec79643,0.33.2,off,16384,29.99
3hop1__742780_567566_84283|overwritten_note|12,3hop1__742780_567566_84283,overwritten_note,state,write_note,12,0,20,0.6,log,lossless,primary,0,0,0,12,12,1,1,state,state,,0,1,0,3551,159,10533,ba8b77f02b64574ea7e93ea62fa1fc123ccb9b7577129cf415e005a243f5b0a5,66e45e3171a6ef712c44a034609151753e038d232c0935cbefc336dfb4c56f06,qwen3.8:27b,22130167c4c20e20c7b71454612966ca8e8171e9b3cc8ab6ce8aa6cbfec79643,0.33.2,off,16384,47.44
3hop1__742780_567566_84283|overwritten_note|12,3hop1__742780_567566_84283,overwritten_note,state,write_note,12,0,20,0.6,diff,lossless,primary,0,0,0,12,12,1,1,state,state,,1,1,0,4701,188,14329,580493953bfd9de6d0b2d1d8a4f1e43ab9de066daab1e45d308f79bb0263f1ee,edf9c18220b4dabceb10aa4ef3b332a96892cbacf3f2fadc2d706e6fc7a56d8d,qwen3.8:27b,22130167c4c20e20c7b71454612966ca8e8171e9b3cc8ab6ce8aa6cbfec79643,0.33.2,off,16384,59.88
3hop1__742780_567566_84283|overwritten_note|12,3hop1__742780_567566_84283,overwritten_note,state,write_note,12,0,20,0.6,prov,lossless,primary,0,0,0,12,12,1,1,state,state,,1,1,0,4546,195,13369,168bfa490b87987c32e9abf27aba2b17c5b1e85904f1f25d9f267c0979b5b569,57f79bc65677f5d467273fc454fe5fe69d7163927416c18f36d3f4b003a7ff8e,qwen3.8:27b,22130167c4c20e20c7b71454612966ca8e8171e9b3cc8ab6ce8aa6cbfec79643,0.33.2,off,16384,58.73
3hop1__742780_567566_84283|wrong_argument|4,3hop1__742780_567566_84283,wrong_argument,tool,read,4,0,38,0.105,log,lossless,primary,0,0,0,4,4,1,1,tool,tool,,0,1,0,6067,174,19106,ba8b77f02b64574ea7e93ea62fa1fc123ccb9b7577129cf415e005a243f5b0a5,b0873c46d638cdb2c494e8851d62e4b3437336be2146f2ffee1f240c20f6c4e3,qwen3.8:27b,22130167c4c20e20c7b71454612966ca8e8171e9b3cc8ab6ce8aa6cbfec79643,0.33.2,off,16384,70.61
3hop1__742780_567566_84283|wrong_argument|4,3hop1__742780_567566_84283,wrong_argument,tool,read,4,0,38,0.105,diff,lossless,primary,0,0,0,4,4,1,1,tool,tool,,0,1,0,8077,210,25603,580493953bfd9de6d0b2d1d8a4f1e43ab9de066daab1e45d308f79bb0263f1ee,335bb168232457ba0173c04beaa61854aa63079d87997848d8313071997bf659,qwen3.8:27b,22130167c4c20e20c7b71454612966ca8e8171e9b3cc8ab6ce8aa6cbfec79643,0.33.2,off,16384,92.56
3hop1__742780_567566_84283|wrong_argument|4,3hop1__742780_567566_84283,wrong_argument,tool,read,4,0,38,0.105,prov,lossless,primary,0,0,0,4,4,1,1,tool,tool,,1,1,0,7833,190,24090,168bfa490b87987c32e9abf27aba2b17c5b1e85904f1f25d9f267c0979b5b569,6969d5dd496202bd504faeb6b5890dd8b2993139d60c0a48594fda325fca6591,qwen3.8:27b,22130167c4c20e20c7b71454612966ca8e8171e9b3cc8ab6ce8aa6cbfec79643,0.33.2,off,16384,88.17
3hop1__742780_567566_84283|wrong_source|18,3hop1__742780_567566_84283,wrong_source,evidence,write_note,18,2,20,0.9,log,lossless,primary,0,0,0,18,18,1,1,evidence,evidence,,1,1,0,3524,204,10407,ba8b77f02b64574ea7e93ea62fa1fc123ccb9b7577129cf415e005a243f5b0a5,3cf7e4dab88dfc01cd1967c2f5914d13197b2e53dd09d537fd6d0a71d1e079a3,qwen3.8:27b,22130167c4c20e20c7b71454612966ca8e8171e9b3cc8ab6ce8aa6cbfec79643,0.33.2,off,16384,51.06
3hop1__742780_567566_84283|wrong_source|18,3hop1__742780_567566_84283,wrong_source,evidence,write_note,18,2,20,0.9,diff,lossless,primary,0,0,0,18,18,1,1,evidence,evidence,,1,1,0,4674,196,14203,580493953bfd9de6d0b2d1d8a4f1e43ab9de066daab1e45d308f79bb0263f1ee,73ccd342a1e8b99daa79722804bf5db054c6efdf24fa93cefd86a88517075cc5,qwen3.8:27b,22130167c4c20e20c7b71454612966ca8e8171e9b3cc8ab6ce8aa6cbfec79643,0.33.2,off,16384,59.97
3hop1__742780_567566_84283|wrong_source|18,3hop1__742780_567566_84283,wrong_source,evidence,write_note,18,2,20,0.9,prov,lossless,primary,0,0,0,18,18,1,1,evidence,evidence,,0,1,0,4519,198,13246,168bfa490b87987c32e9abf27aba2b17c5b1e85904f1f25d9f267c0979b5b569,26cdbf58cb9c4a5a2fd4d27cbf107793c9a9f870b253185a6b0048a9d9ceaf00,qwen3.8:27b,22130167c4c20e20c7b71454612966ca8e8171e9b3cc8ab6ce8aa6cbfec79643,0.33.2,off,16384,59.8
3hop1__796649_720914_41132|corrupted_output|16,3hop1__796649_720914_41132,corrupted_output,tool,read,16,2,38,0.421,log,lossless,primary,0,0,0,16,16,1,1,tool,tool,,0,1,0,5935,209,18673,ba8b77f02b64574ea7e93ea62fa1fc123ccb9b7577129cf415e005a243f5b0a5,5465f05550b2c204f82d4b1b6de13bd78540f09cdeb8c2c35f9bf703bdaee9eb,qwen3.8:27b,22130167c4c20e20c7b71454612966ca8e8171e9b3cc8ab6ce8aa6cbfec79643,0.33.2,off,16384,72.6
3hop1__796649_720914_41132|corrupted_output|16,3hop1__796649_720914_41132,corrupted_output,tool,read,16,2,38,0.421,diff,lossless,primary,0,0,0,16,16,1,1,tool,tool,,0,1,0,7252,174,22506,580493953bfd9de6d0b2d1d8a4f1e43ab9de066daab1e45d308f79bb0263f1ee,40ca817a07548c1a27db7c3f1d8004a4842f288b0cf33fa469517ea7da06fdb1,qwen3.8:27b,22130167c4c20e20c7b71454612966ca8e8171e9b3cc8ab6ce8aa6cbfec79643,0.33.2,off,16384,80.89
3hop1__796649_720914_41132|corrupted_output|16,3hop1__796649_720914_41132,corrupted_output,tool,read,16,2,38,0.421,prov,lossless,primary,0,0,0,16,16,1,1,tool,tool,,1,1,0,7498,250,23196,168bfa490b87987c32e9abf27aba2b17c5b1e85904f1f25d9f267c0979b5b569,8a76bf6c60b9c4d70066fd54e10794067ac76b1b95e15feb0e18dd9a356f1584,qwen3.8:27b,22130167c4c20e20c7b71454612966ca8e8171e9b3cc8ab6ce8aa6cbfec79643,0.33.2,off,16384,91.38
3hop1__796649_720914_41132|dropped_note|6,3hop1__796649_720914_41132,dropped_note,state,write_note,6,0,20,0.3,log,lossless,primary,0,0,0,12,6,0,0,evidence,state,,1,1,0,3333,183,8804,ba8b77f02b64574ea7e93ea62fa1fc123ccb9b7577129cf415e005a243f5b0a5,57e507c7010d1412e2ec738da6986c6c0cc65efb279d57aa77ab3e5d6996c165,qwen3.8:27b,22130167c4c20e20c7b71454612966ca8e8171e9b3cc8ab6ce8aa6cbfec79643,0.33.2,off,16384,48.09
3hop1__796649_720914_41132|dropped_note|6,3hop1__796649_720914_41132,dropped_note,state,write_note,6,0,20,0.3,diff,lossless,primary,0,0,0,12,6,0,0,evidence,state,,1,1,0,4374,206,11770,580493953bfd9de6d0b2d1d8a4f1e43ab9de066daab1e45d308f79bb0263f1ee,ac34d246f8d6e6f4092a613354f75c020112c39e3f81e2a6a7dd9fe5eefc9a61,qwen3.8:27b,22130167c4c20e20c7b71454612966ca8e8171e9b3cc8ab6ce8aa6cbfec79643,0.33.2,off,16384,60.14
3hop1__796649_720914_41132|dropped_note|6,3hop1__796649_720914_41132,dropped_note,state,write_note,6,0,20,0.3,prov,lossless,primary,0,0,0,12,6,0,0,evidence,state,,1,1,0,4238,279,11342,168bfa490b87987c32e9abf27aba2b17c5b1e85904f1f25d9f267c0979b5b569,dc7a31c9992a615fed5f7230b6707929be5c7bb229bcb44dd4414b1245586f43,qwen3.8:27b,22130167c4c20e20c7b71454612966ca8e8171e9b3cc8ab6ce8aa6cbfec79643,0.33.2,off,16384,64.64
3hop1__796649_720914_41132|no_source|6,3hop1__796649_720914_41132,no_source,evidence,write_note,6,0,38,0.158,log,lossless,primary,0,0,0,6,6,1,1,evidence,evidence,,1,1,0,5064,159,14553,ba8b77f02b64574ea7e93ea62fa1fc123ccb9b7577129cf415e005a243f5b0a5,c97c084329553913e84c18820cefe4238e3ede6b7d51e4f572d9d9c09c0b50b8,qwen3.8:27b,22130167c4c20e20c7b71454612966ca8e8171e9b3cc8ab6ce8aa6cbfec79643,0.33.2,off,16384,60.7
3hop1__796649_720914_41132|no_source|6,3hop1__796649_720914_41132,no_source,evidence,write_note,6,0,38,0.158,diff,lossless,primary,0,0,0,,6,0,0,none,evidence,,0,1,0,6651,117,19027,580493953bfd9de6d0b2d1d8a4f1e43ab9de066daab1e45d308f79bb0263f1ee,195d0ecbaf7fb54f3ef610e503006b4416b421637805b0cf2a1074644454030b,qwen3.8:27b,22130167c4c20e20c7b71454612966ca8e8171e9b3cc8ab6ce8aa6cbfec79643,0.33.2,off,16384,73.21
3hop1__796649_720914_41132|no_source|6,3hop1__796649_720914_41132,no_source,evidence,write_note,6,0,38,0.158,prov,lossless,primary,0,0,0,6,6,1,1,evidence,evidence,,0,1,0,6586,142,18877,168bfa490b87987c32e9abf27aba2b17c5b1e85904f1f25d9f267c0979b5b569,d60836641053f70cee1d2a2d189ef03602389fb5a7a27de3b281862722d759f4,qwen3.8:27b,22130167c4c20e20c7b71454612966ca8e8171e9b3cc8ab6ce8aa6cbfec79643,0.33.2,off,16384,72.63
3hop1__796649_720914_41132|overwritten_note|18,3hop1__796649_720914_41132,overwritten_note,state,write_note,18,2,20,0.9,log,lossless,primary,0,0,0,18,18,1,1,state,state,,1,1,0,3332,153,8832,ba8b77f02b64574ea7e93ea62fa1fc123ccb9b7577129cf415e005a243f5b0a5,7d29507f3a98fa4d41bd1d0610d38511d8890533ab6039ece785a67935b4d4b3,qwen3.8:27b,22130167c4c20e20c7b71454612966ca8e8171e9b3cc8ab6ce8aa6cbfec79643,0.33.2,off,16384,45.33
3hop1__796649_720914_41132|overwritten_note|18,3hop1__796649_720914_41132,overwritten_note,state,write_note,18,2,20,0.9,diff,lossless,primary,0,0,0,18,18,1,1,state,state,,1,1,0,4408,188,11886,580493953bfd9de6d0b2d1d8a4f1e43ab9de066daab1e45d308f79bb0263f1ee,ff38ac2cbbb8698e94f46762d3f3884ba4604d66ac7a4bec5b8a58a6fc9ee3fc,qwen3.8:27b,22130167c4c20e20c7b71454612966ca8e8171e9b3cc8ab6ce8aa6cbfec79643,0.33.2,off,16384,57.45
3hop1__796649_720914_41132|overwritten_note|18,3hop1__796649_720914_41132,overwritten_note,state,write_note,18,2,20,0.9,prov,lossless,primary,0,0,0,18,18,1,1,state,state,,1,1,0,4276,193,11463,168bfa490b87987c32e9abf27aba2b17c5b1e85904f1f25d9f267c0979b5b569,6de7a231680ea447f272c69a4e07fa68271e34fb547b8881ca43dc622996a34c,qwen3.8:27b,22130167c4c20e20c7b71454612966ca8e8171e9b3cc8ab6ce8aa6cbfec79643,0.33.2,off,16384,56.3
3hop1__796649_720914_41132|wrong_argument|14,3hop1__796649_720914_41132,wrong_argument,tool,search,14,2,24,0.583,log,lossless,primary,0,0,0,12,14,0,1,evidence,tool,,0,1,0,3899,258,10670,ba8b77f02b64574ea7e93ea62fa1fc123ccb9b7577129cf415e005a243f5b0a5,198de950a41445e56451d57134746e5cd4f75d71270ac55b2774cba32e6865af,qwen3.8:27b,22130167c4c20e20c7b71454612966ca8e8171e9b3cc8ab6ce8aa6cbfec79643,0.33.2,off,16384,62.28
3hop1__796649_720914_41132|wrong_argument|14,3hop1__796649_720914_41132,wrong_argument,tool,search,14,2,24,0.583,diff,lossless,primary,0,0,0,12,14,0,1,evidence,tool,,1,1,0,5070,217,13968,580493953bfd9de6d0b2d1d8a4f1e43ab9de066daab1e45d308f79bb0263f1ee,b2060ce9142ece398e6d555c93431f0cec43bc69d5fbc9552939769c278d0357,qwen3.8:27b,22130167c4c20e20c7b71454612966ca8e8171e9b3cc8ab6ce8aa6cbfec79643,0.33.2,off,16384,67.47
3hop1__796649_720914_41132|wrong_argument|14,3hop1__796649_720914_41132,wrong_argument,tool,search,14,2,24,0.583,prov,lossless,primary,0,0,0,14,14,1,1,tool,tool,,1,1,0,4990,160,13725,168bfa490b87987c32e9abf27aba2b17c5b1e85904f1f25d9f267c0979b5b569,050b793af21590bbe8b7b1b4b468d79ad7f38994bea086cb03a467ae61e1c3d5,qwen3.8:27b,22130167c4c20e20c7b71454612966ca8e8171e9b3cc8ab6ce8aa6cbfec79643,0.33.2,off,16384,61.11
3hop1__796649_720914_41132|wrong_source|18,3hop1__796649_720914_41132,wrong_source,evidence,write_note,18,2,20,0.9,log,lossless,primary,0,0,0,18,18,1,1,evidence,evidence,,1,1,0,3357,210,8895,ba8b77f02b64574ea7e93ea62fa1fc123ccb9b7577129cf415e005a243f5b0a5,bb645973fcbd8b96a9be45cbd6a44ad42bfbc6160e0044b84c62f34583e46a11,qwen3.8:27b,22130167c4c20e20c7b71454612966ca8e8171e9b3cc8ab6ce8aa6cbfec79643,0.33.2,off,16384,48.2
3hop1__796649_720914_41132|wrong_source|18,3hop1__796649_720914_41132,wrong_source,evidence,write_note,18,2,20,0.9,diff,lossless,primary,0,0,0,18,18,1,1,evidence,evidence,,1,1,0,4430,231,11943,580493953bfd9de6d0b2d1d8a4f1e43ab9de066daab1e45d308f79bb0263f1ee,194e7b74c5d7db98c143caa342a31ed53b73782e0a60c7a83a88b0fb2bce3a6b,qwen3.8:27b,22130167c4c20e20c7b71454612966ca8e8171e9b3cc8ab6ce8aa6cbfec79643,0.33.2,off,16384,62.33
3hop1__796649_720914_41132|wrong_source|18,3hop1__796649_720914_41132,wrong_source,evidence,write_note,18,2,20,0.9,prov,lossless,primary,0,0,0,18,18,1,1,evidence,evidence,,0,1,0,4335,198,11618,168bfa490b87987c32e9abf27aba2b17c5b1e85904f1f25d9f267c0979b5b569,6c23646ff363cf093dd96d00d39083308c6996f49ee2a792c11af2834d230fef,qwen3.8:27b,22130167c4c20e20c7b71454612966ca8e8171e9b3cc8ab6ce8aa6cbfec79643,0.33.2,off,16384,58.52
3hop1__273571_834494_34053|corrupted_output|2,3hop1__273571_834494_34053,corrupted_output,tool,search,2,0,38,0.053,log,lossless,primary,0,0,0,6,2,0,0,evidence,tool,,0,1,0,5753,204,17717,ba8b77f02b64574ea7e93ea62fa1fc123ccb9b7577129cf415e005a243f5b0a5,0d0cc0df118f7de8a5d0d0ddb74b5c4b8267abf7fcb9f872e3e42c9bccd36bae,qwen3.8:27b,22130167c4c20e20c7b71454612966ca8e8171e9b3cc8ab6ce8aa6cbfec79643,0.33.2,off,16384,72.09
3hop1__273571_834494_34053|corrupted_output|2,3hop1__273571_834494_34053,corrupted_output,tool,search,2,0,38,0.053,diff,lossless,primary,0,0,0,2,2,1,1,tool,tool,,0,1,0,7548,168,23211,580493953bfd9de6d0b2d1d8a4f1e43ab9de066daab1e45d308f79bb0263f1ee,a3432abad68dc631dc2f4856f3a0510b2980572fac55c8a9dcf3966456fd5858,qwen3.8:27b,22130167c4c20e20c7b71454612966ca8e8171e9b3cc8ab6ce8aa6cbfec79643,0.33.2,off,16384,86.2
3hop1__273571_834494_34053|corrupted_output|2,3hop1__273571_834494_34053,corrupted_output,tool,search,2,0,38,0.053,prov,lossless,primary,0,0,0,6,2,0,0,evidence,tool,,0,1,0,7283,233,22071,168bfa490b87987c32e9abf27aba2b17c5b1e85904f1f25d9f267c0979b5b569,1d9510cef081f00ef49d7def533b1202ad7bb3a980d07ad570775e912303ecdd,qwen3.8:27b,22130167c4c20e20c7b71454612966ca8e8171e9b3cc8ab6ce8aa6cbfec79643,0.33.2,off,16384,89.11
3hop1__273571_834494_34053|dropped_note|12,3hop1__273571_834494_34053,dropped_note,state,write_note,12,2,14,0.857,log,lossless,primary,0,0,0,,12,0,0,none,state,,0,1,0,2591,139,6307,ba8b77f02b64574ea7e93ea62fa1fc123ccb9b7577129cf415e005a243f5b0a5,aa40a1aa13363ecc69c652a403d6a23ae81a3f8f71fe0576710152c49ad80cfa,qwen3.8:27b,22130167c4c20e20c7b71454612966ca8e8171e9b3cc8ab6ce8aa6cbfec79643,0.33.2,off,16384,40.95
3hop1__273571_834494_34053|dropped_note|12,3hop1__273571_834494_34053,dropped_note,state,write_note,12,2,14,0.857,diff,lossless,primary,0,0,0,,12,0,0,none,state,,0,1,0,3381,148,8451,580493953bfd9de6d0b2d1d8a4f1e43ab9de066daab1e45d308f79bb0263f1ee,e0e07576aad441da163fcd47bec4eb5d9a5856afbe5823ecc019342b881010fb,qwen3.8:27b,22130167c4c20e20c7b71454612966ca8e8171e9b3cc8ab6ce8aa6cbfec79643,0.33.2,off,16384,48.64
3hop1__273571_834494_34053|dropped_note|12,3hop1__273571_834494_34053,dropped_note,state,write_note,12,2,14,0.857,prov,lossless,primary,0,0,0,12,12,1,1,state,state,,0,1,0,3173,148,7985,168bfa490b87987c32e9abf27aba2b17c5b1e85904f1f25d9f267c0979b5b569,1fb8141dfaad3377aa13fa7ac2088f22518a05e9731875221e5af0d97b5e8878,qwen3.8:27b,22130167c4c20e20c7b71454612966ca8e8171e9b3cc8ab6ce8aa6cbfec79643,0.33.2,off,16384,43.56
3hop1__273571_834494_34053|no_source|12,3hop1__273571_834494_34053,no_source,evidence,write_note,12,2,14,0.857,log,lossless,primary,0,0,0,12,12,1,1,evidence,evidence,,1,1,0,2594,181,6328,ba8b77f02b64574ea7e93ea62fa1fc123ccb9b7577129cf415e005a243f5b0a5,a1542d27dcc7daca8e5ab1e44a2d35a9764114e4afc56ee701d3b0cb9a680e62,qwen3.8:27b,22130167c4c20e20c7b71454612966ca8e8171e9b3cc8ab6ce8aa6cbfec79643,0.33.2,off,16384,27.25
3hop1__273571_834494_34053|no_source|12,3hop1__273571_834494_34053,no_source,evidence,write_note,12,2,14,0.857,diff,lossless,primary,0,0,0,12,12,1,1,evidence,evidence,,1,1,0,3414,148,8565,580493953bfd9de6d0b2d1d8a4f1e43ab9de066daab1e45d308f79bb0263f1ee,9bf200484942097be941214ac805ecd69cc32c269c4d8421ba2a3372b89ddd6f,qwen3.8:27b,22130167c4c20e20c7b71454612966ca8e8171e9b3cc8ab6ce8aa6cbfec79643,0.33.2,off,16384,27.81
3hop1__273571_834494_34053|no_source|12,3hop1__273571_834494_34053,no_source,evidence,write_note,12,2,14,0.857,prov,lossless,primary,0,0,0,12,12,1,1,evidence,evidence,,0,1,0,3256,151,8221,168bfa490b87987c32e9abf27aba2b17c5b1e85904f1f25d9f267c0979b5b569,374532c56893c9737c884e946ac0fe279765d2a1bc431f4980c26497927c5eb0,qwen3.8:27b,22130167c4c20e20c7b71454612966ca8e8171e9b3cc8ab6ce8aa6cbfec79643,0.33.2,off,16384,26.7
3hop1__273571_834494_34053|overwritten_note|12,3hop1__273571_834494_34053,overwritten_note,state,write_note,12,1,14,0.857,log,lossless,primary,0,0,0,12,12,1,1,state,state,,1,1,0,2605,146,6355,ba8b77f02b64574ea7e93ea62fa1fc123ccb9b7577129cf415e005a243f5b0a5,2ca605117269b4f281195c9988b6a31121c553a653f888f2c4c28128ae62106d,qwen3.8:27b,22130167c4c20e20c7b71454612966ca8e8171e9b3cc8ab6ce8aa6cbfec79643,0.33.2,off,16384,25.15
3hop1__273571_834494_34053|overwritten_note|12,3hop1__273571_834494_34053,overwritten_note,state,write_note,12,1,14,0.857,diff,lossless,primary,0,0,0,12,12,1,1,state,state,,1,1,0,3436,166,8602,580493953bfd9de6d0b2d1d8a4f1e43ab9de066daab1e45d308f79bb0263f1ee,a9633ec0149f8cf5463648c4972d67934062411597d2bbeb3592373eb7bf2eab,qwen3.8:27b,22130167c4c20e20c7b71454612966ca8e8171e9b3cc8ab6ce8aa6cbfec79643,0.33.2,off,16384,26.15
3hop1__273571_834494_34053|overwritten_note|12,3hop1__273571_834494_34053,overwritten_note,state,write_note,12,1,14,0.857,prov,lossless,primary,0,0,0,12,12,1,1,state,state,,1,1,0,3270,182,8249,168bfa490b87987c32e9abf27aba2b17c5b1e85904f1f25d9f267c0979b5b569,e41b77986a51f1ed2db4dd55e6798e0bc1fa6d6a02bcb2ce7f9d771a3be96ac4,qwen3.8:27b,22130167c4c20e20c7b71454612966ca8e8171e9b3cc8ab6ce8aa6cbfec79643,0.33.2,off,16384,28.4
3hop1__273571_834494_34053|wrong_argument|10,3hop1__273571_834494_34053,wrong_argument,tool,read,10,2,20,0.5,log,lossless,primary,0,0,0,10,10,1,1,tool,tool,,0,1,0,3540,219,9402,ba8b77f02b64574ea7e93ea62fa1fc123ccb9b7577129cf415e005a243f5b0a5,a314b54da5b50e502e1bd8d13e1fdb1068f5729f7511fcaab258f89fc2025e11,qwen3.8:27b,22130167c4c20e20c7b71454612966ca8e8171e9b3cc8ab6ce8aa6cbfec79643,0.33.2,off,16384,40.78
3hop1__273571_834494_34053|wrong_argument|10,3hop1__273571_834494_34053,wrong_argument,tool,read,10,2,20,0.5,diff,lossless,primary,0,0,0,10,10,1,1,tool,tool,,0,1,0,4708,219,12783,580493953bfd9de6d0b2d1d8a4f1e43ab9de066daab1e45d308f79bb0263f1ee,65fb85071f063b9a63af22f18b3690b91af10b5ded3b25abf91a7067f78fdcf9,qwen3.8:27b,22130167c4c20e20c7b71454612966ca8e8171e9b3cc8ab6ce8aa6cbfec79643,0.33.2,off,16384,62.75
3hop1__273571_834494_34053|wrong_argument|10,3hop1__273571_834494_34053,wrong_argument,tool,read,10,2,20,0.5,prov,lossless,primary,0,0,0,10,10,1,1,tool,tool,,1,1,0,4503,199,12122,168bfa490b87987c32e9abf27aba2b17c5b1e85904f1f25d9f267c0979b5b569,f8f61dcf1f4dc9bd0e8d11297e95f16a7c546fbf50ae9d0425a41162b74c50b4,qwen3.8:27b,22130167c4c20e20c7b71454612966ca8e8171e9b3cc8ab6ce8aa6cbfec79643,0.33.2,off,16384,41.4
3hop1__273571_834494_34053|wrong_source|12,3hop1__273571_834494_34053,wrong_source,evidence,write_note,12,1,14,0.857,log,lossless,primary,0,0,0,12,12,1,1,evidence,evidence,,1,1,0,2620,182,6365,ba8b77f02b64574ea7e93ea62fa1fc123ccb9b7577129cf415e005a243f5b0a5,601a58f83dd796588c0299685480548737a2483bdb704d3b9e12abbc45036ad2,qwen3.8:27b,22130167c4c20e20c7b71454612966ca8e8171e9b3cc8ab6ce8aa6cbfec79643,0.33.2,off,16384,27.6
3hop1__273571_834494_34053|wrong_source|12,3hop1__273571_834494_34053,wrong_source,evidence,write_note,12,1,14,0.857,diff,lossless,primary,0,0,0,12,12,1,1,evidence,evidence,,1,1,0,3451,181,8612,580493953bfd9de6d0b2d1d8a4f1e43ab9de066daab1e45d308f79bb0263f1ee,3120f7c522119f51e32ffcd813fe2536fd7fe3994089b1f2ceb04c47f80bc461,qwen3.8:27b,22130167c4c20e20c7b71454612966ca8e8171e9b3cc8ab6ce8aa6cbfec79643,0.33.2,off,16384,47.47
3hop1__273571_834494_34053|wrong_source|12,3hop1__273571_834494_34053,wrong_source,evidence,write_note,12,1,14,0.857,prov,lossless,primary,0,0,0,12,12,1,1,evidence,evidence,,0,1,0,3316,217,8339,168bfa490b87987c32e9abf27aba2b17c5b1e85904f1f25d9f267c0979b5b569,4aea869594b38c964a8a728a0c52b784c0199bd42e873e06da3adc6fc0029dae,qwen3.8:27b,22130167c4c20e20c7b71454612966ca8e8171e9b3cc8ab6ce8aa6cbfec79643,0.33.2,off,16384,32.78
3hop1__222497_309482_80702|corrupted_output|10,3hop1__222497_309482_80702,corrupted_output,tool,read,10,1,20,0.5,log,lossless,primary,0,0,0,10,10,1,1,tool,tool,,0,1,0,3301,184,8957,ba8b77f02b64574ea7e93ea62fa1fc123ccb9b7577129cf415e005a243f5b0a5,93b92a450b1d43fc0530184c468e573a44b2f3f906b99c6a6453f5547500de43,qwen3.8:27b,22130167c4c20e20c7b71454612966ca8e8171e9b3cc8ab6ce8aa6cbfec79643,0.33.2,off,16384,47.56
3hop1__222497_309482_80702|corrupted_output|10,3hop1__222497_309482_80702,corrupted_output,tool,read,10,1,20,0.5,diff,lossless,primary,0,0,0,10,10,1,1,tool,tool,,0,1,0,4316,167,12248,580493953bfd9de6d0b2d1d8a4f1e43ab9de066daab1e45d308f79bb0263f1ee,db78ac018e0cee3220ee2eacce1501b8192993fe8c945bdce082118248fb9379,qwen3.8:27b,22130167c4c20e20c7b71454612966ca8e8171e9b3cc8ab6ce8aa6cbfec79643,0.33.2,off,16384,55.4
3hop1__222497_309482_80702|corrupted_output|10,3hop1__222497_309482_80702,corrupted_output,tool,read,10,1,20,0.5,prov,lossless,primary,0,0,0,10,10,1,1,tool,tool,,0,1,0,4267,212,11689,168bfa490b87987c32e9abf27aba2b17c5b1e85904f1f25d9f267c0979b5b569,454aa46cbb4840d109dae243b259ee77f5fb4e8d2efd1687738652533866474a,qwen3.8:27b,22130167c4c20e20c7b71454612966ca8e8171e9b3cc8ab6ce8aa6cbfec79643,0.33.2,off,16384,59.45
3hop1__222497_309482_80702|dropped_note|18,3hop1__222497_309482_80702,dropped_note,state,write_note,18,2,20,0.9,log,lossless,primary,0,0,0,12,18,0,0,evidence,state,,0,1,0,3435,235,9191,ba8b77f02b64574ea7e93ea62fa1fc123ccb9b7577129cf415e005a243f5b0a5,efb353990be294eb02dbbb51c0dbeb2b37a006e72674f93eeb7d754b9b3b58d6,qwen3.8:27b,22130167c4c20e20c7b71454612966ca8e8171e9b3cc8ab6ce8aa6cbfec79643,0.33.2,off,16384,54.36
3hop1__222497_309482_80702|dropped_note|18,3hop1__222497_309482_80702,dropped_note,state,write_note,18,2,20,0.9,diff,lossless,primary,0,0,0,12,18,0,0,evidence,state,,1,1,0,4595,210,12815,580493953bfd9de6d0b2d1d8a4f1e43ab9de066daab1e45d308f79bb0263f1ee,e9ff7ab9037ce467d539ac5495ffb273437221b28b4d6711cfe4cc0872d92055,qwen3.8:27b,22130167c4c20e20c7b71454612966ca8e8171e9b3cc8ab6ce8aa6cbfec79643,0.33.2,off,16384,62.9
3hop1__222497_309482_80702|dropped_note|18,3hop1__222497_309482_80702,dropped_note,state,write_note,18,2,20,0.9,prov,lossless,primary,0,0,0,18,18,1,1,state,state,,0,1,0,4299,189,11648,168bfa490b87987c32e9abf27aba2b17c5b1e85904f1f25d9f267c0979b5b569,cb0d1075463650e6a7e8e980b64fdf6f56e4c50ebe477084964ddbe6c19cca7b,qwen3.8:27b,22130167c4c20e20c7b71454612966ca8e8171e9b3cc8ab6ce8aa6cbfec79643,0.33.2,off,16384,59.93
3hop1__222497_309482_80702|no_source|18,3hop1__222497_309482_80702,no_source,evidence,write_note,18,2,20,0.9,log,lossless,primary,0,0,0,18,18,1,1,evidence,evidence,,1,1,0,3431,139,9204,ba8b77f02b64574ea7e93ea62fa1fc123ccb9b7577129cf415e005a243f5b0a5,38181ffa6259da4bf1feb8780faf8ea05682de175542b01f77d0567e3b84b06f,qwen3.8:27b,22130167c4c20e20c7b71454612966ca8e8171e9b3cc8ab6ce8aa6cbfec79643,0.33.2,off,16384,24.87
3hop1__222497_309482_80702|no_source|18,3hop1__222497_309482_80702,no_source,evidence,write_note,18,2,20,0.9,diff,lossless,primary,0,0,0,18,18,1,1,evidence,evidence,,1,1,0,4618,128,12924,580493953bfd9de6d0b2d1d8a4f1e43ab9de066daab1e45d308f79bb0263f1ee,0cda590990e3f7cc7409ac1bd8d51e3eaf1794101e4e84cea6952d4b566cbc25,qwen3.8:27b,22130167c4c20e20c7b71454612966ca8e8171e9b3cc8ab6ce8aa6cbfec79643,0.33.2,off,16384,22.83
3hop1__222497_309482_80702|no_source|18,3hop1__222497_309482_80702,no_source,evidence,write_note,18,2,20,0.9,prov,lossless,primary,0,0,0,18,18,1,1,evidence,evidence,,0,1,0,4364,144,11861,168bfa490b87987c32e9abf27aba2b17c5b1e85904f1f25d9f267c0979b5b569,b844ead2d367a7bb2351d94095e188d3f00e8fcb69a0995634ad163e1ed5697c,qwen3.8:27b,22130167c4c20e20c7b71454612966ca8e8171e9b3cc8ab6ce8aa6cbfec79643,0.33.2,off,16384,25.45
3hop1__222497_309482_80702|overwritten_note|12,3hop1__222497_309482_80702,overwritten_note,state,write_note,12,0,20,0.6,log,lossless,primary,0,0,0,12,12,1,1,state,state,,0,1,0,3461,151,9242,ba8b77f02b64574ea7e93ea62fa1fc123ccb9b7577129cf415e005a243f5b0a5,735a267fec7952c3b9e3a0fb4b44314619935b5269e203f62bff30569cd30756,qwen3.8:27b,22130167c4c20e20c7b71454612966ca8e8171e9b3cc8ab6ce8aa6cbfec79643,0.33.2,off,16384,26.56
3hop1__222497_309482_80702|overwritten_note|12,3hop1__222497_309482_80702,overwritten_note,state,write_note,12,0,20,0.6,diff,lossless,primary,0,0,0,12,12,1,1,state,state,,1,1,0,4660,200,12972,580493953bfd9de6d0b2d1d8a4f1e43ab9de066daab1e45d308f79bb0263f1ee,d2f417025972e26b09c2a7f3ff4124a8193e992ee0f92fb23a9d3480131e35dc,qwen3.8:27b,22130167c4c20e20c7b71454612966ca8e8171e9b3cc8ab6ce8aa6cbfec79643,0.33.2,off,16384,62.59
3hop1__222497_309482_80702|overwritten_note|12,3hop1__222497_309482_80702,overwritten_note,state,write_note,12,0,20,0.6,prov,lossless,primary,0,0,0,12,12,1,1,state,state,,1,1,0,4423,170,11959,168bfa490b87987c32e9abf27aba2b17c5b1e85904f1f25d9f267c0979b5b569,aafe74f899eab48241f60a6d2b3fc455bc6cf351e1403559fa5e14fea822425f,qwen3.8:27b,22130167c4c20e20c7b71454612966ca8e8171e9b3cc8ab6ce8aa6cbfec79643,0.33.2,off,16384,55.91
3hop1__222497_309482_80702|wrong_argument|8,3hop1__222497_309482_80702,wrong_argument,tool,search,8,0,24,0.333,log,lossless,primary,0,0,0,8,8,1,1,tool,tool,,0,1,0,4078,175,11212,ba8b77f02b64574ea7e93ea62fa1fc123ccb9b7577129cf415e005a243f5b0a5,17785bddf0dbe9bc23d19a9f6da50083d229d210575e1a27284ff0ca592f85b8,qwen3.8:27b,22130167c4c20e20c7b71454612966ca8e8171e9b3cc8ab6ce8aa6cbfec79643,0.33.2,off,16384,54.12
3hop1__222497_309482_80702|wrong_argument|8,3hop1__222497_309482_80702,wrong_argument,tool,search,8,0,24,0.333,diff,lossless,primary,0,0,0,8,8,1,1,tool,tool,,1,1,0,5373,144,15186,580493953bfd9de6d0b2d1d8a4f1e43ab9de066daab1e45d308f79bb0263f1ee,0b522c951dbbb03474d084710c3904ad4e9546ebc0549ca26288e89a0c84e8d3,qwen3.8:27b,22130167c4c20e20c7b71454612966ca8e8171e9b3cc8ab6ce8aa6cbfec79643,0.33.2,off,16384,61.01
3hop1__222497_309482_80702|wrong_argument|8,3hop1__222497_309482_80702,wrong_argument,tool,search,8,0,24,0.333,prov,lossless,primary,0,0,0,8,8,1,1,tool,tool,,1,1,0,5166,162,14308,168bfa490b87987c32e9abf27aba2b17c5b1e85904f1f25d9f267c0979b5b569,117342292e8ebaeb2617d33c35d8d5587d4f967a51ecaffc79d85f302b8a8371,qwen3.8:27b,22130167c4c20e20c7b71454612966ca8e8171e9b3cc8ab6ce8aa6cbfec79643,0.33.2,off,16384,60.63
3hop1__222497_309482_80702|wrong_source|18,3hop1__222497_309482_80702,wrong_source,evidence,write_note,18,2,20,0.9,log,lossless,primary,0,0,0,18,18,1,1,evidence,evidence,,1,1,0,3454,188,9224,ba8b77f02b64574ea7e93ea62fa1fc123ccb9b7577129cf415e005a243f5b0a5,5a7af864809fae20f25fce456243de56fe41b78435480b97de13faeb2f4dbd14,qwen3.8:27b,22130167c4c20e20c7b71454612966ca8e8171e9b3cc8ab6ce8aa6cbfec79643,0.33.2,off,16384,50.31
3hop1__222497_309482_80702|wrong_source|18,3hop1__222497_309482_80702,wrong_source,evidence,write_note,18,2,20,0.9,diff,lossless,primary,0,0,0,18,18,1,1,evidence,evidence,,1,1,0,4652,167,12954,580493953bfd9de6d0b2d1d8a4f1e43ab9de066daab1e45d308f79bb0263f1ee,bc723b9ddcbf21228681dca5ea55d28aeb770087cba86271c9c8059ec1088091,qwen3.8:27b,22130167c4c20e20c7b71454612966ca8e8171e9b3cc8ab6ce8aa6cbfec79643,0.33.2,off,16384,57.39
3hop1__222497_309482_80702|wrong_source|18,3hop1__222497_309482_80702,wrong_source,evidence,write_note,18,2,20,0.9,prov,lossless,primary,0,0,0,18,18,1,1,evidence,evidence,,0,1,0,4418,186,11956,168bfa490b87987c32e9abf27aba2b17c5b1e85904f1f25d9f267c0979b5b569,cedbf7bad451db6684aa78a3eda80008efca34265dca00e876d028f5d968ec0c,qwen3.8:27b,22130167c4c20e20c7b71454612966ca8e8171e9b3cc8ab6ce8aa6cbfec79643,0.33.2,off,16384,58.44
3hop1__337705_132457_47686|corrupted_output|14,3hop1__337705_132457_47686,corrupted_output,tool,search,14,2,26,0.538,log,lossless,primary,0,0,0,16,14,0,1,tool,tool,,0,1,0,3992,189,11673,ba8b77f02b64574ea7e93ea62fa1fc123ccb9b7577129cf415e005a243f5b0a5,a9e6fcf611368981e7c924552b5b5da50a644e56eb07b70f88a665c6b49c7915,qwen3.8:27b,22130167c4c20e20c7b71454612966ca8e8171e9b3cc8ab6ce8aa6cbfec79643,0.33.2,off,16384,55.39
3hop1__337705_132457_47686|corrupted_output|14,3hop1__337705_132457_47686,corrupted_output,tool,search,14,2,26,0.538,diff,lossless,primary,0,0,0,16,14,0,1,tool,tool,,0,1,0,5156,194,15329,580493953bfd9de6d0b2d1d8a4f1e43ab9de066daab1e45d308f79bb0263f1ee,74161f7de2279efb8f218b237d8fffe8697c02d53098f7652514447e15f83cba,qwen3.8:27b,22130167c4c20e20c7b71454612966ca8e8171e9b3cc8ab6ce8aa6cbfec79643,0.33.2,off,16384,67.13
3hop1__337705_132457_47686|corrupted_output|14,3hop1__337705_132457_47686,corrupted_output,tool,search,14,2,26,0.538,prov,lossless,primary,0,0,0,16,14,0,1,tool,tool,,1,1,0,5247,206,15235,168bfa490b87987c32e9abf27aba2b17c5b1e85904f1f25d9f267c0979b5b569,70902b4b69a9abad3691ac040ff7879ebc0574a4b857cb4c575727c3c8cd3baa,qwen3.8:27b,22130167c4c20e20c7b71454612966ca8e8171e9b3cc8ab6ce8aa6cbfec79643,0.33.2,off,16384,68.59
3hop1__337705_132457_47686|dropped_note|6,3hop1__337705_132457_47686,dropped_note,state,write_note,6,0,20,0.3,log,lossless,primary,0,0,0,6,6,1,1,state,state,,0,1,0,3140,138,8942,ba8b77f02b64574ea7e93ea62fa1fc123ccb9b7577129cf415e005a243f5b0a5,445cc584a65d8d17ac96c66cf613bf7c200e27ed3c8023959555716723b9fac4,qwen3.8:27b,22130167c4c20e20c7b71454612966ca8e8171e9b3cc8ab6ce8aa6cbfec79643,0.33.2,off,16384,44.12
3hop1__337705_132457_47686|dropped_note|6,3hop1__337705_132457_47686,dropped_note,state,write_note,6,0,20,0.3,diff,lossless,primary,0,0,0,6,6,1,1,state,state,,0,1,0,4009,175,11753,580493953bfd9de6d0b2d1d8a4f1e43ab9de066daab1e45d308f79bb0263f1ee,e19a953f99024b5bf0483d38bc96c600f8edb347d2f54636cf229aa2af38dadf,qwen3.8:27b,22130167c4c20e20c7b71454612966ca8e8171e9b3cc8ab6ce8aa6cbfec79643,0.33.2,off,16384,53.98
3hop1__337705_132457_47686|dropped_note|6,3hop1__337705_132457_47686,dropped_note,state,write_note,6,0,20,0.3,prov,lossless,primary,0,0,0,6,6,1,1,state,state,,0,1,0,4056,165,11573,168bfa490b87987c32e9abf27aba2b17c5b1e85904f1f25d9f267c0979b5b569,74ecafbc8ba2c0e347591e5230803e8f220b5175ec8d3aabc87abafe27bdc34a,qwen3.8:27b,22130167c4c20e20c7b71454612966ca8e8171e9b3cc8ab6ce8aa6cbfec79643,0.33.2,off,16384,54.7
3hop1__337705_132457_47686|no_source|6,3hop1__337705_132457_47686,no_source,evidence,write_note,6,0,20,0.3,log,lossless,primary,0,0,0,6,6,1,1,evidence,evidence,,1,1,0,3102,164,8784,ba8b77f02b64574ea7e93ea62fa1fc123ccb9b7577129cf415e005a243f5b0a5,34d284ba0b7f7d49d907fda6846122a401df435581f25787a0a456d27afc79f4,qwen3.8:27b,22130167c4c20e20c7b71454612966ca8e8171e9b3cc8ab6ce8aa6cbfec79643,0.33.2,off,16384,45.15
3hop1__337705_132457_47686|no_source|6,3hop1__337705_132457_47686,no_source,evidence,write_note,6,0,20,0.3,diff,lossless,primary,0,0,0,6,6,1,1,evidence,evidence,,1,1,0,3994,130,11675,580493953bfd9de6d0b2d1d8a4f1e43ab9de066daab1e45d308f79bb0263f1ee,02ef2e33971849772110e20230e1498a894b971e9e80891217d5a4b10d70146a,qwen3.8:27b,22130167c4c20e20c7b71454612966ca8e8171e9b3cc8ab6ce8aa6cbfec79643,0.33.2,off,16384,48.19
3hop1__337705_132457_47686|no_source|6,3hop1__337705_132457_47686,no_source,evidence,write_note,6,0,20,0.3,prov,lossless,primary,0,0,0,6,6,1,1,evidence,evidence,,0,1,0,4050,166,11521,168bfa490b87987c32e9abf27aba2b17c5b1e85904f1f25d9f267c0979b5b569,eeadcdaf70ff93fecc6d7d82702da9826677a2ecebd80a25f64bd00d78b54c1a,qwen3.8:27b,22130167c4c20e20c7b71454612966ca8e8171e9b3cc8ab6ce8aa6cbfec79643,0.33.2,off,16384,56.88
3hop1__337705_132457_47686|overwritten_note|18,3hop1__337705_132457_47686,overwritten_note,state,write_note,18,2,20,0.9,log,lossless,primary,0,0,0,18,18,1,1,state,state,,1,1,0,3141,166,8974,ba8b77f02b64574ea7e93ea62fa1fc123ccb9b7577129cf415e005a243f5b0a5,99324e250afe5a20f284d0e4e2341df526924f1400cb45d51a1af6fdbb25fdb1,qwen3.8:27b,22130167c4c20e20c7b71454612966ca8e8171e9b3cc8ab6ce8aa6cbfec79643,0.33.2,off,16384,44.42
3hop1__337705_132457_47686|overwritten_note|18,3hop1__337705_132457_47686,overwritten_note,state,write_note,18,2,20,0.9,diff,lossless,primary,0,0,0,18,18,1,1,state,state,,1,1,0,4046,192,11875,580493953bfd9de6d0b2d1d8a4f1e43ab9de066daab1e45d308f79bb0263f1ee,88a33fd6a4ea6c24c6e4d6eda65fa8e251f76b62a6760d6b75c053dd96ef0644,qwen3.8:27b,22130167c4c20e20c7b71454612966ca8e8171e9b3cc8ab6ce8aa6cbfec79643,0.33.2,off,16384,54.27
3hop1__337705_132457_47686|overwritten_note|18,3hop1__337705_132457_47686,overwritten_note,state,write_note,18,2,20,0.9,prov,lossless,primary,0,0,0,18,18,1,1,state,state,,1,1,0,4101,200,11708,168bfa490b87987c32e9abf27aba2b17c5b1e85904f1f25d9f267c0979b5b569,9f8381239b45dfbc364d7c21a364d3c78f2b6ab0e18454323833bd0cb39f4912,qwen3.8:27b,22130167c4c20e20c7b71454612966ca8e8171e9b3cc8ab6ce8aa6cbfec79643,0.33.2,off,16384,55.83
3hop1__337705_132457_47686|wrong_argument|10,3hop1__337705_132457_47686,wrong_argument,tool,read,10,1,20,0.5,log,lossless,primary,0,0,0,10,10,1,1,tool,tool,,0,1,0,3156,190,8958,ba8b77f02b64574ea7e93ea62fa1fc123ccb9b7577129cf415e005a243f5b0a5,502f1f7fe8fdbcfa75976b387627e2cc7d8ae11822727fa6d54fcbfbf029e9ed,qwen3.8:27b,22130167c4c20e20c7b71454612966ca8e8171e9b3cc8ab6ce8aa6cbfec79643,0.33.2,off,16384,45.75
3hop1__337705_132457_47686|wrong_argument|10,3hop1__337705_132457_47686,wrong_argument,tool,read,10,1,20,0.5,diff,lossless,primary,0,0,0,10,10,1,1,tool,tool,,0,1,0,4063,203,11838,580493953bfd9de6d0b2d1d8a4f1e43ab9de066daab1e45d308f79bb0263f1ee,73e8b34266c6d5ba301b016239c5d46ddf8b90c458f2d20f73e04d9cdf07cb12,qwen3.8:27b,22130167c4c20e20c7b71454612966ca8e8171e9b3cc8ab6ce8aa6cbfec79643,0.33.2,off,16384,54.29
3hop1__337705_132457_47686|wrong_argument|10,3hop1__337705_132457_47686,wrong_argument,tool,read,10,1,20,0.5,prov,lossless,primary,0,0,0,10,10,1,1,tool,tool,,1,1,0,4132,220,11750,168bfa490b87987c32e9abf27aba2b17c5b1e85904f1f25d9f267c0979b5b569,f28ee05dca93cf813ab1a2a1b8cc5302db01324ecd27ee5bd8fb21ae3c63c50e,qwen3.8:27b,22130167c4c20e20c7b71454612966ca8e8171e9b3cc8ab6ce8aa6cbfec79643,0.33.2,off,16384,59.86
3hop1__337705_132457_47686|wrong_source|18,3hop1__337705_132457_47686,wrong_source,evidence,write_note,18,2,20,0.9,log,lossless,primary,0,0,0,18,18,1,1,evidence,evidence,,1,1,0,3157,230,8996,ba8b77f02b64574ea7e93ea62fa1fc123ccb9b7577129cf415e005a243f5b0a5,5f00d019d2c42e48132d67bc20be4c0ef225ddde9b15b692d7505809f57a7a5e,qwen3.8:27b,22130167c4c20e20c7b71454612966ca8e8171e9b3cc8ab6ce8aa6cbfec79643,0.33.2,off,16384,51.28
3hop1__337705_132457_47686|wrong_source|18,3hop1__337705_132457_47686,wrong_source,evidence,write_note,18,2,20,0.9,diff,lossless,primary,0,0,0,18,18,1,1,evidence,evidence,,0,1,0,4061,218,11897,580493953bfd9de6d0b2d1d8a4f1e43ab9de066daab1e45d308f79bb0263f1ee,ab421fd0520956844073a4ee614a55c93239d114fbe2066d1e6961c2673fffa1,qwen3.8:27b,22130167c4c20e20c7b71454612966ca8e8171e9b3cc8ab6ce8aa6cbfec79643,0.33.2,off,16384,56.86
3hop1__337705_132457_47686|wrong_source|18,3hop1__337705_132457_47686,wrong_source,evidence,write_note,18,2,20,0.9,prov,lossless,primary,0,0,0,18,18,1,1,evidence,evidence,,0,1,0,4149,156,11829,168bfa490b87987c32e9abf27aba2b17c5b1e85904f1f25d9f267c0979b5b569,c5782d39abdf73daa2a7544f107a3884bc3118ed84b9ba783a89c1c2a4587ed2,qwen3.8:27b,22130167c4c20e20c7b71454612966ca8e8171e9b3cc8ab6ce8aa6cbfec79643,0.33.2,off,16384,52.61
3hop1__389069_132457_51423|corrupted_output|4,3hop1__389069_132457_51423,corrupted_output,tool,read,4,0,30,0.133,log,lossless,primary,0,0,0,4,4,1,1,tool,tool,,0,1,0,4651,233,14083,ba8b77f02b64574ea7e93ea62fa1fc123ccb9b7577129cf415e005a243f5b0a5,90a00dbbce55272aeb12c75742d3531aa596cefe942c8c05c6a1e7655697b476,qwen3.8:27b,22130167c4c20e20c7b71454612966ca8e8171e9b3cc8ab6ce8aa6cbfec79643,0.33.2,off,16384,65.09
3hop1__389069_132457_51423|corrupted_output|4,3hop1__389069_132457_51423,corrupted_output,tool,read,4,0,30,0.133,diff,lossless,primary,0,0,0,4,4,1,1,tool,tool,,0,1,0,6073,216,18687,580493953bfd9de6d0b2d1d8a4f1e43ab9de066daab1e45d308f79bb0263f1ee,ed8a756b5919c3f69a25c0b7b62a5b3c6ab0ad4ec5564b06161b3abd269f31c5,qwen3.8:27b,22130167c4c20e20c7b71454612966ca8e8171e9b3cc8ab6ce8aa6cbfec79643,0.33.2,off,16384,74.72
3hop1__389069_132457_51423|corrupted_output|4,3hop1__389069_132457_51423,corrupted_output,tool,read,4,0,30,0.133,prov,lossless,primary,0,0,0,4,4,1,1,tool,tool,,0,1,0,6032,246,17939,168bfa490b87987c32e9abf27aba2b17c5b1e85904f1f25d9f267c0979b5b569,0aeadee437d056c2bb6e0eb7de18d2403e46e997b466557d7cd0c3522d418698,qwen3.8:27b,22130167c4c20e20c7b71454612966ca8e8171e9b3cc8ab6ce8aa6cbfec79643,0.33.2,off,16384,78.41
3hop1__389069_132457_51423|dropped_note|18,3hop1__389069_132457_51423,dropped_note,state,write_note,18,1,26,0.692,log,lossless,primary,0,0,0,18,18,1,1,tool,state,,0,1,0,3862,165,11117,ba8b77f02b64574ea7e93ea62fa1fc123ccb9b7577129cf415e005a243f5b0a5,7249cad8108d6aaa4272da203653eaf2603b5da9dfa4dbd861d833cb93e9c5db,qwen3.8:27b,22130167c4c20e20c7b71454612966ca8e8171e9b3cc8ab6ce8aa6cbfec79643,0.33.2,off,16384,52.03
3hop1__389069_132457_51423|dropped_note|18,3hop1__389069_132457_51423,dropped_note,state,write_note,18,1,26,0.692,diff,lossless,primary,0,0,0,18,18,1,1,tool,state,,0,1,0,5034,180,14759,580493953bfd9de6d0b2d1d8a4f1e43ab9de066daab1e45d308f79bb0263f1ee,16d82acdb297589c1011203cac09a6875c60368bd9a95d346ef693519adc4168,qwen3.8:27b,22130167c4c20e20c7b71454612966ca8e8171e9b3cc8ab6ce8aa6cbfec79643,0.33.2,off,16384,63.54
3hop1__389069_132457_51423|dropped_note|18,3hop1__389069_132457_51423,dropped_note,state,write_note,18,1,26,0.692,prov,lossless,primary,0,0,0,18,18,1,1,tool,state,,0,1,0,4998,167,14311,168bfa490b87987c32e9abf27aba2b17c5b1e85904f1f25d9f267c0979b5b569,604b1c0636e8d7828409fd869022c85ea3fe712347ee41880ff3a41412bbe86e,qwen3.8:27b,22130167c4c20e20c7b71454612966ca8e8171e9b3cc8ab6ce8aa6cbfec79643,0.33.2,off,16384,64.54
3hop1__389069_132457_51423|no_source|18,3hop1__389069_132457_51423,no_source,evidence,write_note,18,1,26,0.692,log,lossless,primary,0,0,0,,18,0,0,none,evidence,,0,1,0,3863,193,11129,ba8b77f02b64574ea7e93ea62fa1fc123ccb9b7577129cf415e005a243f5b0a5,fc1348ef177b79446a9901cf313d7f219053579afc36a02e9a8556db58119c7b,qwen3.8:27b,22130167c4c20e20c7b71454612966ca8e8171e9b3cc8ab6ce8aa6cbfec79643,0.33.2,off,16384,36.36
3hop1__389069_132457_51423|no_source|18,3hop1__389069_132457_51423,no_source,evidence,write_note,18,1,26,0.692,diff,lossless,primary,0,0,0,18,18,1,1,tool,evidence,,0,1,0,5063,180,14889,580493953bfd9de6d0b2d1d8a4f1e43ab9de066daab1e45d308f79bb0263f1ee,0e120d059445f438dd7b3b234373f0f9ace5b29f21f728224e6389751379b733,qwen3.8:27b,22130167c4c20e20c7b71454612966ca8e8171e9b3cc8ab6ce8aa6cbfec79643,0.33.2,off,16384,63.79
3hop1__389069_132457_51423|no_source|18,3hop1__389069_132457_51423,no_source,evidence,write_note,18,1,26,0.692,prov,lossless,primary,0,0,0,18,18,1,1,tool,evidence,,0,1,0,5049,163,14489,168bfa490b87987c32e9abf27aba2b17c5b1e85904f1f25d9f267c0979b5b569,91f26dc67a280f4feb514c546dc27982b234470e4b25e5b77bf659666f15fb24,qwen3.8:27b,22130167c4c20e20c7b71454612966ca8e8171e9b3cc8ab6ce8aa6cbfec79643,0.33.2,off,16384,63.03
3hop1__389069_132457_51423|overwritten_note|24,3hop1__389069_132457_51423,overwritten_note,state,write_note,24,2,26,0.923,log,lossless,primary,0,0,0,24,24,1,1,state,state,,0,1,0,3866,167,11159,ba8b77f02b64574ea7e93ea62fa1fc123ccb9b7577129cf415e005a243f5b0a5,326e960b1bf029f370b3e8657516c294b99bb4bb58fff35b71a7e602941a3608,qwen3.8:27b,22130167c4c20e20c7b71454612966ca8e8171e9b3cc8ab6ce8aa6cbfec79643,0.33.2,off,16384,27.31
3hop1__389069_132457_51423|overwritten_note|24,3hop1__389069_132457_51423,overwritten_note,state,write_note,24,2,26,0.923,diff,lossless,primary,0,0,0,24,24,1,1,state,state,,1,1,0,5079,164,14937,580493953bfd9de6d0b2d1d8a4f1e43ab9de066daab1e45d308f79bb0263f1ee,9f5e94297fbdd373f22dbe828e6a0df9c370a22d3338768727ca0fbb68b94c58,qwen3.8:27b,22130167c4c20e20c7b71454612966ca8e8171e9b3cc8ab6ce8aa6cbfec79643,0.33.2,off,16384,61.13
3hop1__389069_132457_51423|overwritten_note|24,3hop1__389069_132457_51423,overwritten_note,state,write_note,24,2,26,0.923,prov,lossless,primary,0,0,0,24,24,1,1,state,state,,1,1,0,5067,193,14554,168bfa490b87987c32e9abf27aba2b17c5b1e85904f1f25d9f267c0979b5b569,1a6271d6801b7f908e34f2e787280bcc0acfe76806481b3e7be8fc6eac944193,qwen3.8:27b,22130167c4c20e20c7b71454612966ca8e8171e9b3cc8ab6ce8aa6cbfec79643,0.33.2,off,16384,65.44
3hop1__389069_132457_51423|wrong_argument|20,3hop1__389069_132457_51423,wrong_argument,tool,search,20,2,34,0.588,log,lossless,primary,0,0,0,,20,0,0,none,tool,,0,1,0,4747,171,14213,ba8b77f02b64574ea7e93ea62fa1fc123ccb9b7577129cf415e005a243f5b0a5,c252d2f0b8e1902c49e1b129357efbf254065f9706df1209042a55da32e5f1eb,qwen3.8:27b,22130167c4c20e20c7b71454612966ca8e8171e9b3cc8ab6ce8aa6cbfec79643,0.33.2,off,16384,37.55
3hop1__389069_132457_51423|wrong_argument|20,3hop1__389069_132457_51423,wrong_argument,tool,search,20,2,34,0.588,diff,lossless,primary,0,0,0,,20,0,0,none,tool,,0,1,0,6273,127,18964,580493953bfd9de6d0b2d1d8a4f1e43ab9de066daab1e45d308f79bb0263f1ee,34780589a5b5eb6fbdc3e2a2ff54017124211fd2bf71d4602b4df3669a5c5b1b,qwen3.8:27b,22130167c4c20e20c7b71454612966ca8e8171e9b3cc8ab6ce8aa6cbfec79643,0.33.2,off,16384,69.7
3hop1__389069_132457_51423|wrong_argument|20,3hop1__389069_132457_51423,wrong_argument,tool,search,20,2,34,0.588,prov,lossless,primary,0,0,0,18,20,0,1,tool,tool,,0,1,0,6297,155,18585,168bfa490b87987c32e9abf27aba2b17c5b1e85904f1f25d9f267c0979b5b569,9a0922657f94a91ed5f1bd66b112bb275dfed214751f68ffacf2e718195ece2f,qwen3.8:27b,22130167c4c20e20c7b71454612966ca8e8171e9b3cc8ab6ce8aa6cbfec79643,0.33.2,off,16384,71.81
3hop1__389069_132457_51423|wrong_source|12,3hop1__389069_132457_51423,wrong_source,evidence,write_note,12,0,26,0.462,log,lossless,primary,0,0,0,12,12,1,1,evidence,evidence,,0,1,0,3874,200,11151,ba8b77f02b64574ea7e93ea62fa1fc123ccb9b7577129cf415e005a243f5b0a5,4e89b46d37b0dc6457e9da643ed41a96be1a78a23e12e9130494b2586be8edd2,qwen3.8:27b,22130167c4c20e20c7b71454612966ca8e8171e9b3cc8ab6ce8aa6cbfec79643,0.33.2,off,16384,55.17
3hop1__389069_132457_51423|wrong_source|12,3hop1__389069_132457_51423,wrong_source,evidence,write_note,12,0,26,0.462,diff,lossless,primary,0,0,0,12,12,1,1,evidence,evidence,,0,1,0,5086,226,14929,580493953bfd9de6d0b2d1d8a4f1e43ab9de066daab1e45d308f79bb0263f1ee,0c42a8b9e7c67c94999711e658ce4c7ac8bcf125b7b0c68a0fbd43447bd5ff0a,qwen3.8:27b,22130167c4c20e20c7b71454612966ca8e8171e9b3cc8ab6ce8aa6cbfec79643,0.33.2,off,16384,68.15
3hop1__389069_132457_51423|wrong_source|12,3hop1__389069_132457_51423,wrong_source,evidence,write_note,12,0,26,0.462,prov,lossless,primary,0,0,0,12,12,1,1,evidence,evidence,,0,1,0,5090,260,14576,168bfa490b87987c32e9abf27aba2b17c5b1e85904f1f25d9f267c0979b5b569,67b8096afcbadcf9d2d2600442da11a01687de8d9d6357016381d69313259a41,qwen3.8:27b,22130167c4c20e20c7b71454612966ca8e8171e9b3cc8ab6ce8aa6cbfec79643,0.33.2,off,16384,70.45
3hop1__654651_55349_651302|corrupted_output|8,3hop1__654651_55349_651302,corrupted_output,tool,search,8,1,38,0.211,log,lossless,primary,0,0,0,,8,0,0,none,tool,,0,1,0,6095,204,19245,ba8b77f02b64574ea7e93ea62fa1fc123ccb9b7577129cf415e005a243f5b0a5,389ec5985b7f7ee87c82067e3a1f2fd6127051a17c98d58680e690655727048c,qwen3.8:27b,22130167c4c20e20c7b71454612966ca8e8171e9b3cc8ab6ce8aa6cbfec79643,0.33.2,off,16384,80.49
3hop1__654651_55349_651302|corrupted_output|8,3hop1__654651_55349_651302,corrupted_output,tool,search,8,1,38,0.211,diff,lossless,primary,0,0,0,22,8,0,0,tool,tool,,0,1,0,7563,256,23591,580493953bfd9de6d0b2d1d8a4f1e43ab9de066daab1e45d308f79bb0263f1ee,9b2c3b734ecc02ee49bc1d5b8ab222ee594541bd9391237fce8364afb66cb98a,qwen3.8:27b,22130167c4c20e20c7b71454612966ca8e8171e9b3cc8ab6ce8aa6cbfec79643,0.33.2,off,16384,94.18
3hop1__654651_55349_651302|corrupted_output|8,3hop1__654651_55349_651302,corrupted_output,tool,search,8,1,38,0.211,prov,lossless,primary,0,0,0,,8,0,0,,tool,,0,0,0,7681,1024,23725,168bfa490b87987c32e9abf27aba2b17c5b1e85904f1f25d9f267c0979b5b569,78c3eafcd8c172c2e507f7f725c78628e078dc89f4e26ef19f35d68316d7bf91,qwen3.8:27b,22130167c4c20e20c7b71454612966ca8e8171e9b3cc8ab6ce8aa6cbfec79643,0.33.2,off,16384,170.52
3hop1__654651_55349_651302|dropped_note|18,3hop1__654651_55349_651302,dropped_note,state,write_note,18,2,20,0.9,log,lossless,primary,0,0,0,18,18,1,1,evidence,state,,0,1,0,3134,208,8729,ba8b77f02b64574ea7e93ea62fa1fc123ccb9b7577129cf415e005a243f5b0a5,f7e39256bcb7be595db9c7656797c5be5ac9a9e63b66b3f83b43b00b113eabc2,qwen3.8:27b,22130167c4c20e20c7b71454612966ca8e8171e9b3cc8ab6ce8aa6cbfec79643,0.33.2,off,16384,49.21
3hop1__654651_55349_651302|dropped_note|18,3hop1__654651_55349_651302,dropped_note,state,write_note,18,2,20,0.9,diff,lossless,primary,0,0,0,18,18,1,1,evidence,state,,1,1,0,4008,181,11417,580493953bfd9de6d0b2d1d8a4f1e43ab9de066daab1e45d308f79bb0263f1ee,7d0fbf5b3cfb67dfc5b334fea345dd887af3c6ddf11a1afd0d2cfcbe60b8e7a6,qwen3.8:27b,22130167c4c20e20c7b71454612966ca8e8171e9b3cc8ab6ce8aa6cbfec79643,0.33.2,off,16384,54.16
3hop1__654651_55349_651302|dropped_note|18,3hop1__654651_55349_651302,dropped_note,state,write_note,18,2,20,0.9,prov,lossless,primary,0,0,0,18,18,1,1,evidence,state,,0,1,0,4005,159,11136,168bfa490b87987c32e9abf27aba2b17c5b1e85904f1f25d9f267c0979b5b569,420282d8b783f5be08c74eb4618d46b00e487ae797cbb1c40632db7e354a7dc3,qwen3.8:27b,22130167c4c20e20c7b71454612966ca8e8171e9b3cc8ab6ce8aa6cbfec79643,0.33.2,off,16384,51.57
3hop1__654651_55349_651302|no_source|18,3hop1__654651_55349_651302,no_source,evidence,write_note,18,2,20,0.9,log,lossless,primary,0,0,0,18,18,1,1,evidence,evidence,,1,1,0,3134,170,8730,ba8b77f02b64574ea7e93ea62fa1fc123ccb9b7577129cf415e005a243f5b0a5,9b36fddb9187829b89bf6fe504b117ee7b98fe4992224a5afd59316b2e605127,qwen3.8:27b,22130167c4c20e20c7b71454612966ca8e8171e9b3cc8ab6ce8aa6cbfec79643,0.33.2,off,16384,29.28
3hop1__654651_55349_651302|no_source|18,3hop1__654651_55349_651302,no_source,evidence,write_note,18,2,20,0.9,diff,lossless,primary,0,0,0,18,18,1,1,evidence,evidence,,1,1,0,4036,217,11523,580493953bfd9de6d0b2d1d8a4f1e43ab9de066daab1e45d308f79bb0263f1ee,c7b944ad80e804d7f48ce0345065e5e43fb6856c3bd6ce0c4d0c866a27d63006,qwen3.8:27b,22130167c4c20e20c7b71454612966ca8e8171e9b3cc8ab6ce8aa6cbfec79643,0.33.2,off,16384,37.98
3hop1__654651_55349_651302|no_source|18,3hop1__654651_55349_651302,no_source,evidence,write_note,18,2,20,0.9,prov,lossless,primary,0,0,0,18,18,1,1,evidence,evidence,,0,1,0,4077,147,11325,168bfa490b87987c32e9abf27aba2b17c5b1e85904f1f25d9f267c0979b5b569,28903d9b2d8b8ef2a74333dad69b3cca6d2e4629020c8c43fc8f16c08e5904f0,qwen3.8:27b,22130167c4c20e20c7b71454612966ca8e8171e9b3cc8ab6ce8aa6cbfec79643,0.33.2,off,16384,28.06
3hop1__654651_55349_651302|overwritten_note|12,3hop1__654651_55349_651302,overwritten_note,state,write_note,12,0,20,0.6,log,lossless,primary,0,0,0,12,12,1,1,state,state,,0,1,0,3161,152,8778,ba8b77f02b64574ea7e93ea62fa1fc123ccb9b7577129cf415e005a243f5b0a5,3db104fd4fa773bc23b7a951571e3da33f3efbd176b1e50e845ef34cadcaf359,qwen3.8:27b,22130167c4c20e20c7b71454612966ca8e8171e9b3cc8ab6ce8aa6cbfec79643,0.33.2,off,16384,26.11
3hop1__654651_55349_651302|overwritten_note|12,3hop1__654651_55349_651302,overwritten_note,state,write_note,12,0,20,0.6,diff,lossless,primary,0,0,0,12,12,1,1,state,state,,1,1,0,4075,159,11581,580493953bfd9de6d0b2d1d8a4f1e43ab9de066daab1e45d308f79bb0263f1ee,bc9e74883edcfbd2d755e43cf04c9b1c500192ca819f8ff648e6641d7b9a3e01,qwen3.8:27b,22130167c4c20e20c7b71454612966ca8e8171e9b3cc8ab6ce8aa6cbfec79643,0.33.2,off,16384,51.63
3hop1__654651_55349_651302|overwritten_note|12,3hop1__654651_55349_651302,overwritten_note,state,write_note,12,0,20,0.6,prov,lossless,primary,0,0,0,12,12,1,1,state,state,,0,1,0,4138,219,11441,168bfa490b87987c32e9abf27aba2b17c5b1e85904f1f25d9f267c0979b5b569,8cf29051a4ef871b7d773f5bb7617fb018f7d59555eefa75a93108ddb8b50977,qwen3.8:27b,22130167c4c20e20c7b71454612966ca8e8171e9b3cc8ab6ce8aa6cbfec79643,0.33.2,off,16384,60.39
3hop1__654651_55349_651302|wrong_argument|4,3hop1__654651_55349_651302,wrong_argument,tool,read,4,0,38,0.105,log,lossless,primary,0,0,0,4,4,1,1,tool,tool,,0,1,0,5922,208,18528,ba8b77f02b64574ea7e93ea62fa1fc123ccb9b7577129cf415e005a243f5b0a5,997eaa91f721068c23aada5246b0c32d4213a7f03fb133d2eb4bdec375df01a4,qwen3.8:27b,22130167c4c20e20c7b71454612966ca8e8171e9b3cc8ab6ce8aa6cbfec79643,0.33.2,off,16384,73.87
3hop1__654651_55349_651302|wrong_argument|4,3hop1__654651_55349_651302,wrong_argument,tool,read,4,0,38,0.105,diff,lossless,primary,0,0,0,4,4,1,1,tool,tool,,0,1,0,7501,204,23299,580493953bfd9de6d0b2d1d8a4f1e43ab9de066daab1e45d308f79bb0263f1ee,d897fe606b6a47053cc776145eecc1a35fc7ef681b8b4eda454e9965eb3c6f6d,qwen3.8:27b,22130167c4c20e20c7b71454612966ca8e8171e9b3cc8ab6ce8aa6cbfec79643,0.33.2,off,16384,87.36
3hop1__654651_55349_651302|wrong_argument|4,3hop1__654651_55349_651302,wrong_argument,tool,read,4,0,38,0.105,prov,lossless,primary,0,0,0,4,4,1,1,tool,tool,,1,1,0,7645,198,23507,168bfa490b87987c32e9abf27aba2b17c5b1e85904f1f25d9f267c0979b5b569,ab57d2ab0c3f2ee51701921ebbbe904d10395fb8e630ff35b2193e6182beedc5,qwen3.8:27b,22130167c4c20e20c7b71454612966ca8e8171e9b3cc8ab6ce8aa6cbfec79643,0.33.2,off,16384,89.24
3hop1__654651_55349_651302|wrong_source|18,3hop1__654651_55349_651302,wrong_source,evidence,write_note,18,2,20,0.9,log,lossless,primary,0,0,0,18,18,1,1,evidence,evidence,,1,1,0,3159,189,8774,ba8b77f02b64574ea7e93ea62fa1fc123ccb9b7577129cf415e005a243f5b0a5,ae9622cfd812913ab4faf9d11176eb1fe4a29805ba7e688aa650ca40ed2d9393,qwen3.8:27b,22130167c4c20e20c7b71454612966ca8e8171e9b3cc8ab6ce8aa6cbfec79643,0.33.2,off,16384,47.36
3hop1__654651_55349_651302|wrong_source|18,3hop1__654651_55349_651302,wrong_source,evidence,write_note,18,2,20,0.9,diff,lossless,primary,0,0,0,18,18,1,1,evidence,evidence,,1,1,0,4072,205,11577,580493953bfd9de6d0b2d1d8a4f1e43ab9de066daab1e45d308f79bb0263f1ee,a2aa32c24f82d233537a5d45f223aab9e7a7c1f0a7f0063b27b8c9b1d72bc651,qwen3.8:27b,22130167c4c20e20c7b71454612966ca8e8171e9b3cc8ab6ce8aa6cbfec79643,0.33.2,off,16384,56.78
3hop1__654651_55349_651302|wrong_source|18,3hop1__654651_55349_651302,wrong_source,evidence,write_note,18,2,20,0.9,prov,lossless,primary,0,0,0,18,18,1,1,evidence,evidence,,0,1,0,4135,198,11437,168bfa490b87987c32e9abf27aba2b17c5b1e85904f1f25d9f267c0979b5b569,0feab493b1f869771aecef4a9d295b460bf97b5b482de0bb58c48550024ae09f,qwen3.8:27b,22130167c4c20e20c7b71454612966ca8e8171e9b3cc8ab6ce8aa6cbfec79643,0.33.2,off,16384,57.8
4hop1__608132_508773_85832_745702|corrupted_output|22,4hop1__608132_508773_85832_745702,corrupted_output,tool,read,22,2,26,0.846,log,lossless,primary,0,0,0,22,22,1,1,tool,tool,,0,1,0,4072,241,11966,ba8b77f02b64574ea7e93ea62fa1fc123ccb9b7577129cf415e005a243f5b0a5,5643059d856fb90e944beabb7d2c272ca94a1f015a6faf2b9fd02947cdfb5d78,qwen3.8:27b,22130167c4c20e20c7b71454612966ca8e8171e9b3cc8ab6ce8aa6cbfec79643,0.33.2,off,16384,60.14
4hop1__608132_508773_85832_745702|corrupted_output|22,4hop1__608132_508773_85832_745702,corrupted_output,tool,read,22,2,26,0.846,diff,lossless,primary,0,0,0,22,22,1,1,tool,tool,,0,1,0,5281,164,15758,580493953bfd9de6d0b2d1d8a4f1e43ab9de066daab1e45d308f79bb0263f1ee,e1c0936d378d14735b1374c5ae0e07086d3bca01393df751440a80752e214f7e,qwen3.8:27b,22130167c4c20e20c7b71454612966ca8e8171e9b3cc8ab6ce8aa6cbfec79643,0.33.2,off,16384,61.8
4hop1__608132_508773_85832_745702|corrupted_output|22,4hop1__608132_508773_85832_745702,corrupted_output,tool,read,22,2,26,0.846,prov,lossless,primary,0,0,0,22,22,1,1,tool,tool,,0,1,0,5367,209,15627,168bfa490b87987c32e9abf27aba2b17c5b1e85904f1f25d9f267c0979b5b569,9335ed40270ab9bafacf463b8edc9a72d08b5b646584348d39ad1ad0ef2bdf1e,qwen3.8:27b,22130167c4c20e20c7b71454612966ca8e8171e9b3cc8ab6ce8aa6cbfec79643,0.33.2,off,16384,68.42
4hop1__608132_508773_85832_745702|dropped_note|6,4hop1__608132_508773_85832_745702,dropped_note,state,write_note,6,0,26,0.231,log,lossless,primary,0,0,0,,6,0,0,none,state,,0,1,0,4016,133,11685,ba8b77f02b64574ea7e93ea62fa1fc123ccb9b7577129cf415e005a243f5b0a5,477dd675b729a742f456a7fcbedf7db5291afc239bcb577b95105d86022bbeca,qwen3.8:27b,22130167c4c20e20c7b71454612966ca8e8171e9b3cc8ab6ce8aa6cbfec79643,0.33.2,off,16384,50.26
4hop1__608132_508773_85832_745702|dropped_note|6,4hop1__608132_508773_85832_745702,dropped_note,state,write_note,6,0,26,0.231,diff,lossless,primary,0,0,0,6,6,1,1,state,state,,0,1,0,5181,183,15259,580493953bfd9de6d0b2d1d8a4f1e43ab9de066daab1e45d308f79bb0263f1ee,b06b3b3c35c740c507bfe5ae716e309a5208152e4c12acc7123b11896b591345,qwen3.8:27b,22130167c4c20e20c7b71454612966ca8e8171e9b3cc8ab6ce8aa6cbfec79643,0.33.2,off,16384,65.33
4hop1__608132_508773_85832_745702|dropped_note|6,4hop1__608132_508773_85832_745702,dropped_note,state,write_note,6,0,26,0.231,prov,lossless,primary,0,0,0,6,6,1,1,state,state,,0,1,0,5225,204,15086,168bfa490b87987c32e9abf27aba2b17c5b1e85904f1f25d9f267c0979b5b569,96586c173a67bfcec6a98c46ae0b0d085c4dda2a9eaa94c39c4e3b35825c398a,qwen3.8:27b,22130167c4c20e20c7b71454612966ca8e8171e9b3cc8ab6ce8aa6cbfec79643,0.33.2,off,16384,68.9
4hop1__608132_508773_85832_745702|no_source|6,4hop1__608132_508773_85832_745702,no_source,evidence,write_note,6,0,20,0.3,log,lossless,primary,0,0,0,6,6,1,1,evidence,evidence,,1,1,0,3296,129,9585,ba8b77f02b64574ea7e93ea62fa1fc123ccb9b7577129cf415e005a243f5b0a5,514676dfbef3ed0df655583664724d9b663e275e95e5e5537d2492d74299b989,qwen3.8:27b,22130167c4c20e20c7b71454612966ca8e8171e9b3cc8ab6ce8aa6cbfec79643,0.33.2,off,16384,42.14
4hop1__608132_508773_85832_745702|no_source|6,4hop1__608132_508773_85832_745702,no_source,evidence,write_note,6,0,20,0.3,diff,lossless,primary,0,0,0,6,6,1,1,evidence,evidence,,1,1,0,4263,127,12658,580493953bfd9de6d0b2d1d8a4f1e43ab9de066daab1e45d308f79bb0263f1ee,17bed86c8f5a946a0250180627c848d463b3c2849a1bac91c31e0d51020570b1,qwen3.8:27b,22130167c4c20e20c7b71454612966ca8e8171e9b3cc8ab6ce8aa6cbfec79643,0.33.2,off,16384,50.3
4hop1__608132_508773_85832_745702|no_source|6,4hop1__608132_508773_85832_745702,no_source,evidence,write_note,6,0,20,0.3,prov,lossless,primary,0,0,0,6,6,1,1,evidence,evidence,,0,1,0,4287,137,12448,168bfa490b87987c32e9abf27aba2b17c5b1e85904f1f25d9f267c0979b5b569,ccb4dec09920729e499a5bf3e4f2b396ac04474d5fc1e32575e7857a29ccdf9d,qwen3.8:27b,22130167c4c20e20c7b71454612966ca8e8171e9b3cc8ab6ce8aa6cbfec79643,0.33.2,off,16384,52.83
4hop1__608132_508773_85832_745702|overwritten_note|18,4hop1__608132_508773_85832_745702,overwritten_note,state,write_note,18,1,26,0.692,log,lossless,primary,0,0,0,18,18,1,1,state,state,,0,1,0,4032,174,11739,ba8b77f02b64574ea7e93ea62fa1fc123ccb9b7577129cf415e005a243f5b0a5,b33b9d925f14bb98845755016f11540cab2178fdbebb99025b97ec2517d1301c,qwen3.8:27b,22130167c4c20e20c7b71454612966ca8e8171e9b3cc8ab6ce8aa6cbfec79643,0.33.2,off,16384,52.69
4hop1__608132_508773_85832_745702|overwritten_note|18,4hop1__608132_508773_85832_745702,overwritten_note,state,write_note,18,1,26,0.692,diff,lossless,primary,0,0,0,18,18,1,1,state,state,,1,1,0,5236,215,15440,580493953bfd9de6d0b2d1d8a4f1e43ab9de066daab1e45d308f79bb0263f1ee,d2141ccc4b24cfd91a725b1a4de1912417b7ec2eb796858f1fd51c02bc9bc14f,qwen3.8:27b,22130167c4c20e20c7b71454612966ca8e8171e9b3cc8ab6ce8aa6cbfec79643,0.33.2,off,16384,68.28
4hop1__608132_508773_85832_745702|overwritten_note|18,4hop1__608132_508773_85832_745702,overwritten_note,state,write_note,18,1,26,0.692,prov,lossless,primary,0,0,0,18,18,1,1,state,state,,0,1,0,5324,192,15394,168bfa490b87987c32e9abf27aba2b17c5b1e85904f1f25d9f267c0979b5b569,2db85e16523fe961a17ddb8610ae1b78d6fe4fc7a3a2065b8112af4ab260208f,qwen3.8:27b,22130167c4c20e20c7b71454612966ca8e8171e9b3cc8ab6ce8aa6cbfec79643,0.33.2,off,16384,66.31
4hop1__608132_508773_85832_745702|wrong_argument|14,4hop1__608132_508773_85832_745702,wrong_argument,tool,search,14,1,30,0.467,log,lossless,primary,0,0,0,14,14,1,1,tool,tool,,0,1,0,4652,181,13754,ba8b77f02b64574ea7e93ea62fa1fc123ccb9b7577129cf415e005a243f5b0a5,b0bbf0fc91b5bf8abe7dd3347db37fd9debfc4bbde45f7ac52b20344673710d1,qwen3.8:27b,22130167c4c20e20c7b71454612966ca8e8171e9b3cc8ab6ce8aa6cbfec79643,0.33.2,off,16384,60.09
4hop1__608132_508773_85832_745702|wrong_argument|14,4hop1__608132_508773_85832_745702,wrong_argument,tool,search,14,1,30,0.467,diff,lossless,primary,0,0,0,14,14,1,1,tool,tool,,1,1,0,5954,161,17698,580493953bfd9de6d0b2d1d8a4f1e43ab9de066daab1e45d308f79bb0263f1ee,e1ebd720bf868c5c45243fdb9ce22edfe88ddf5a8d3b21b46f0a72109116d992,qwen3.8:27b,22130167c4c20e20c7b71454612966ca8e8171e9b3cc8ab6ce8aa6cbfec79643,0.33.2,off,16384,68.52
4hop1__608132_508773_85832_745702|wrong_argument|14,4hop1__608132_508773_85832_745702,wrong_argument,tool,search,14,1,30,0.467,prov,lossless,primary,0,0,0,14,14,1,1,tool,tool,,1,1,0,6069,161,17772,168bfa490b87987c32e9abf27aba2b17c5b1e85904f1f25d9f267c0979b5b569,419f88f9cda47f5d361b4d52640b22bbac003d0702e8825706116239c99a5e54,qwen3.8:27b,22130167c4c20e20c7b71454612966ca8e8171e9b3cc8ab6ce8aa6cbfec79643,0.33.2,off,16384,69.97
4hop1__608132_508773_85832_745702|wrong_source|24,4hop1__608132_508773_85832_745702,wrong_source,evidence,write_note,24,2,26,0.923,log,lossless,primary,0,0,0,24,24,1,1,evidence,evidence,,0,1,0,4037,229,11763,ba8b77f02b64574ea7e93ea62fa1fc123ccb9b7577129cf415e005a243f5b0a5,7d8f5328d0ee477f3015d1d309ffd29d50c807b7b56972962046a69201faa09e,qwen3.8:27b,22130167c4c20e20c7b71454612966ca8e8171e9b3cc8ab6ce8aa6cbfec79643,0.33.2,off,16384,61.64
4hop1__608132_508773_85832_745702|wrong_source|24,4hop1__608132_508773_85832_745702,wrong_source,evidence,write_note,24,2,26,0.923,diff,lossless,primary,0,0,0,24,24,1,1,evidence,evidence,,1,1,0,5240,203,15464,580493953bfd9de6d0b2d1d8a4f1e43ab9de066daab1e45d308f79bb0263f1ee,6b082ad7699ce6a8c30f4d3a08f12e6a2a38a56b82dbb3ce050eb9e4030855cf,qwen3.8:27b,22130167c4c20e20c7b71454612966ca8e8171e9b3cc8ab6ce8aa6cbfec79643,0.33.2,off,16384,65.32
4hop1__608132_508773_85832_745702|wrong_source|24,4hop1__608132_508773_85832_745702,wrong_source,evidence,write_note,24,2,26,0.923,prov,lossless,primary,0,0,0,24,24,1,1,evidence,evidence,,0,1,0,5330,205,15424,168bfa490b87987c32e9abf27aba2b17c5b1e85904f1f25d9f267c0979b5b569,a8a2098beeab149fda4e468498e24a3e0ec7222f9dfb80a05d8577189248c51e,qwen3.8:27b,22130167c4c20e20c7b71454612966ca8e8171e9b3cc8ab6ce8aa6cbfec79643,0.33.2,off,16384,67.05
3hop1__273571_834494_34088|corrupted_output|2,3hop1__273571_834494_34088,corrupted_output,tool,search,2,0,38,0.053,log,lossless,primary,0,0,0,,2,0,0,none,tool,,0,1,0,2970,131,9485,ba8b77f02b64574ea7e93ea62fa1fc123ccb9b7577129cf415e005a243f5b0a5,dfdc3906436bf73110f348753e74017c2261a4a0aa49822e5ea23de21eec6585,qwen3.8:27b,22130167c4c20e20c7b71454612966ca8e8171e9b3cc8ab6ce8aa6cbfec79643,0.33.2,off,16384,40.83
3hop1__273571_834494_34088|corrupted_output|2,3hop1__273571_834494_34088,corrupted_output,tool,search,2,0,38,0.053,diff,lossless,primary,0,0,0,,2,0,0,none,tool,,0,1,0,3978,134,12176,580493953bfd9de6d0b2d1d8a4f1e43ab9de066daab1e45d308f79bb0263f1ee,0ead70e28708e6e9b114a4164df0fd0f1753559f6e48d7ff3b2eb8b20aab42de,qwen3.8:27b,22130167c4c20e20c7b71454612966ca8e8171e9b3cc8ab6ce8aa6cbfec79643,0.33.2,off,16384,50.88
3hop1__273571_834494_34088|corrupted_output|2,3hop1__273571_834494_34088,corrupted_output,tool,search,2,0,38,0.053,prov,lossless,primary,0,0,0,,2,0,0,none,tool,,0,1,0,4148,162,12821,168bfa490b87987c32e9abf27aba2b17c5b1e85904f1f25d9f267c0979b5b569,e3dec3581d23c82090373c60d4a91d4e72c90d5c414836d66dfc5dcd3ed58b58,qwen3.8:27b,22130167c4c20e20c7b71454612966ca8e8171e9b3cc8ab6ce8aa6cbfec79643,0.33.2,off,16384,53.7
3hop1__273571_834494_34088|dropped_note|12,3hop1__273571_834494_34088,dropped_note,state,write_note,12,1,20,0.6,log,lossless,primary,0,0,0,12,12,1,1,state,state,,0,1,0,3154,146,9142,ba8b77f02b64574ea7e93ea62fa1fc123ccb9b7577129cf415e005a243f5b0a5,ecbb64a558f1ab5f03eaf154c7244baf8637b5b3b811b479f96309ca3da4323a,qwen3.8:27b,22130167c4c20e20c7b71454612966ca8e8171e9b3cc8ab6ce8aa6cbfec79643,0.33.2,off,16384,43.07
3hop1__273571_834494_34088|dropped_note|12,3hop1__273571_834494_34088,dropped_note,state,write_note,12,1,20,0.6,diff,lossless,primary,0,0,0,12,12,1,1,state,state,,0,1,0,3972,171,11747,580493953bfd9de6d0b2d1d8a4f1e43ab9de066daab1e45d308f79bb0263f1ee,259f5e9a00374612e5ded6b6403d2331b3b1a218616e8fe200845c8b4fe5d3f6,qwen3.8:27b,22130167c4c20e20c7b71454612966ca8e8171e9b3cc8ab6ce8aa6cbfec79643,0.33.2,off,16384,52.76
3hop1__273571_834494_34088|dropped_note|12,3hop1__273571_834494_34088,dropped_note,state,write_note,12,1,20,0.6,prov,lossless,primary,0,0,0,12,12,1,1,state,state,,0,1,0,4045,166,11700,168bfa490b87987c32e9abf27aba2b17c5b1e85904f1f25d9f267c0979b5b569,a29c1030b7b94b4790b13df4963a9e13f5072973121d3df1eb516c1841a363a1,qwen3.8:27b,22130167c4c20e20c7b71454612966ca8e8171e9b3cc8ab6ce8aa6cbfec79643,0.33.2,off,16384,52.86
3hop1__273571_834494_34088|no_source|12,3hop1__273571_834494_34088,no_source,evidence,write_note,12,1,20,0.6,log,lossless,primary,0,0,0,12,12,1,1,evidence,evidence,,1,1,0,3175,163,9290,ba8b77f02b64574ea7e93ea62fa1fc123ccb9b7577129cf415e005a243f5b0a5,bcf518755e7f6d9ba6ffce72c1fbd45a5c62bb5ccd69d517a84598ad0a03bd62,qwen3.8:27b,22130167c4c20e20c7b71454612966ca8e8171e9b3cc8ab6ce8aa6cbfec79643,0.33.2,off,16384,43.37
3hop1__273571_834494_34088|no_source|12,3hop1__273571_834494_34088,no_source,evidence,write_note,12,1,20,0.6,diff,lossless,primary,0,0,0,12,12,1,1,evidence,evidence,,1,1,0,4013,134,11957,580493953bfd9de6d0b2d1d8a4f1e43ab9de066daab1e45d308f79bb0263f1ee,79cb6bec7bf1540e968b1c75d4d821f712b39d0110c60678a897610828c38e63,qwen3.8:27b,22130167c4c20e20c7b71454612966ca8e8171e9b3cc8ab6ce8aa6cbfec79643,0.33.2,off,16384,48.52
3hop1__273571_834494_34088|no_source|12,3hop1__273571_834494_34088,no_source,evidence,write_note,12,1,20,0.6,prov,lossless,primary,0,0,0,12,12,1,1,evidence,evidence,,0,1,0,4114,131,12004,168bfa490b87987c32e9abf27aba2b17c5b1e85904f1f25d9f267c0979b5b569,91ccf9ea78eec9d4c00ec76fefc2163eb0af8496afece2149ace78f709b254e0,qwen3.8:27b,22130167c4c20e20c7b71454612966ca8e8171e9b3cc8ab6ce8aa6cbfec79643,0.33.2,off,16384,49.87
3hop1__273571_834494_34088|overwritten_note|18,3hop1__273571_834494_34088,overwritten_note,state,write_note,18,2,20,0.9,log,lossless,primary,0,0,0,18,18,1,1,state,state,,0,1,0,3158,170,9191,ba8b77f02b64574ea7e93ea62fa1fc123ccb9b7577129cf415e005a243f5b0a5,005602fa472b544e5ccd8da2ab79dd6419cba3e125ee5d1167e2d2a371b2446c,qwen3.8:27b,22130167c4c20e20c7b71454612966ca8e8171e9b3cc8ab6ce8aa6cbfec79643,0.33.2,off,16384,44.59
3hop1__273571_834494_34088|overwritten_note|18,3hop1__273571_834494_34088,overwritten_note,state,write_note,18,2,20,0.9,diff,lossless,primary,0,0,0,18,18,1,1,state,state,,1,1,0,4011,163,11879,580493953bfd9de6d0b2d1d8a4f1e43ab9de066daab1e45d308f79bb0263f1ee,e026414de777c6f6c08e0f0a5e2bdbe48112ef5a1bace04aea2c7d31ea204078,qwen3.8:27b,22130167c4c20e20c7b71454612966ca8e8171e9b3cc8ab6ce8aa6cbfec79643,0.33.2,off,16384,51.25
3hop1__273571_834494_34088|overwritten_note|18,3hop1__273571_834494_34088,overwritten_note,state,write_note,18,2,20,0.9,prov,lossless,primary,0,0,0,18,18,1,1,state,state,,1,1,0,4104,185,11915,168bfa490b87987c32e9abf27aba2b17c5b1e85904f1f25d9f267c0979b5b569,6382d2bc76c182d33bbb4fa726848e7b838634384d0b22a520ca858aeedfad0b,qwen3.8:27b,22130167c4c20e20c7b71454612966ca8e8171e9b3cc8ab6ce8aa6cbfec79643,0.33.2,off,16384,53.87
3hop1__273571_834494_34088|wrong_argument|16,3hop1__273571_834494_34088,wrong_argument,tool,read,16,2,20,0.8,log,lossless,primary,0,0,0,16,16,1,1,tool,tool,,0,1,0,3218,201,9385,ba8b77f02b64574ea7e93ea62fa1fc123ccb9b7577129cf415e005a243f5b0a5,860246c5829bdc028f648f0c10b0e2bdaa2bf78dbd8cb3ac64a84ce20f3c6f4a,qwen3.8:27b,22130167c4c20e20c7b71454612966ca8e8171e9b3cc8ab6ce8aa6cbfec79643,0.33.2,off,16384,29.96
3hop1__273571_834494_34088|wrong_argument|16,3hop1__273571_834494_34088,wrong_argument,tool,read,16,2,20,0.8,diff,lossless,primary,0,0,0,18,16,0,1,tool,tool,,0,1,0,4067,174,12114,580493953bfd9de6d0b2d1d8a4f1e43ab9de066daab1e45d308f79bb0263f1ee,a3f56fd83e41196d589ce03c2cf035b1d2c73ab953378d17ae4922aaa2148b30,qwen3.8:27b,22130167c4c20e20c7b71454612966ca8e8171e9b3cc8ab6ce8aa6cbfec79643,0.33.2,off,16384,28.14
3hop1__273571_834494_34088|wrong_argument|16,3hop1__273571_834494_34088,wrong_argument,tool,read,16,2,20,0.8,prov,lossless,primary,0,0,0,16,16,1,1,tool,tool,,1,1,0,4193,177,12158,168bfa490b87987c32e9abf27aba2b17c5b1e85904f1f25d9f267c0979b5b569,f624086210d1dd62c48d470f347647499780fd50c827024d2ff32eb86e0b2e4d,qwen3.8:27b,22130167c4c20e20c7b71454612966ca8e8171e9b3cc8ab6ce8aa6cbfec79643,0.33.2,off,16384,29.24
3hop1__273571_834494_34088|wrong_source|12,3hop1__273571_834494_34088,wrong_source,evidence,write_note,12,0,20,0.6,log,lossless,primary,0,0,0,12,12,1,1,evidence,evidence,,0,1,0,3189,382,9323,ba8b77f02b64574ea7e93ea62fa1fc123ccb9b7577129cf415e005a243f5b0a5,c0c458a2fdaf58bb84e463c976dff14358635d8dbd51cbe4002808fea1ce314e,qwen3.8:27b,22130167c4c20e20c7b71454612966ca8e8171e9b3cc8ab6ce8aa6cbfec79643,0.33.2,off,16384,76.63
3hop1__273571_834494_34088|wrong_source|12,3hop1__273571_834494_34088,wrong_source,evidence,write_note,12,0,20,0.6,diff,lossless,primary,0,0,0,12,12,1,1,evidence,evidence,,1,1,0,4039,190,12000,580493953bfd9de6d0b2d1d8a4f1e43ab9de066daab1e45d308f79bb0263f1ee,0372538bdf577168dac265f3eaf7c0f46ad142a5077f124da48183ed6925d602,qwen3.8:27b,22130167c4c20e20c7b71454612966ca8e8171e9b3cc8ab6ce8aa6cbfec79643,0.33.2,off,16384,53.29
3hop1__273571_834494_34088|wrong_source|12,3hop1__273571_834494_34088,wrong_source,evidence,write_note,12,0,20,0.6,prov,lossless,primary,0,0,0,12,12,1,1,evidence,evidence,,0,1,0,4161,204,12117,168bfa490b87987c32e9abf27aba2b17c5b1e85904f1f25d9f267c0979b5b569,dc6b8df57e7153ec025dd25734cb17e93bc002fde66e8b2932c9aee610120280,qwen3.8:27b,22130167c4c20e20c7b71454612966ca8e8171e9b3cc8ab6ce8aa6cbfec79643,0.33.2,off,16384,57.05
3hop1__813285_774554_124169|corrupted_output|16,3hop1__813285_774554_124169,corrupted_output,tool,read,16,1,26,0.615,log,lossless,primary,0,0,0,16,16,1,1,tool,tool,,0,1,0,4419,219,12469,ba8b77f02b64574ea7e93ea62fa1fc123ccb9b7577129cf415e005a243f5b0a5,8de7b86eee390f654e53d0a0fef9e08b11f1333a0cf7df4fd9ad496023e037ad,qwen3.8:27b,22130167c4c20e20c7b71454612966ca8e8171e9b3cc8ab6ce8aa6cbfec79643,0.33.2,off,16384,63.07
3hop1__813285_774554_124169|corrupted_output|16,3hop1__813285_774554_124169,corrupted_output,tool,read,16,1,26,0.615,diff,lossless,primary,0,0,0,16,16,1,1,tool,tool,,0,1,0,5807,161,16840,580493953bfd9de6d0b2d1d8a4f1e43ab9de066daab1e45d308f79bb0263f1ee,6e8146bdf2e605adc08f914f50d4536612a2edadc21526a680d4a2bf1341ba27,qwen3.8:27b,22130167c4c20e20c7b71454612966ca8e8171e9b3cc8ab6ce8aa6cbfec79643,0.33.2,off,16384,66.25
3hop1__813285_774554_124169|corrupted_output|16,3hop1__813285_774554_124169,corrupted_output,tool,read,16,1,26,0.615,prov,lossless,primary,0,0,0,16,16,1,1,tool,tool,,0,1,0,5670,217,15918,168bfa490b87987c32e9abf27aba2b17c5b1e85904f1f25d9f267c0979b5b569,26d02b4b5313fa68cc4387591f772270991e8483546af3220434561c2fb93f04,qwen3.8:27b,22130167c4c20e20c7b71454612966ca8e8171e9b3cc8ab6ce8aa6cbfec79643,0.33.2,off,16384,71.57
3hop1__813285_774554_124169|dropped_note|24,3hop1__813285_774554_124169,dropped_note,state,write_note,24,2,26,0.923,log,lossless,primary,0,0,0,,24,0,0,none,state,,0,1,0,4247,665,11988,ba8b77f02b64574ea7e93ea62fa1fc123ccb9b7577129cf415e005a243f5b0a5,cd2e2c27566f9297e7d02dac1f2ff9adb47f75a61ef00f9f47fe0290e63b7abd,qwen3.8:27b,22130167c4c20e20c7b71454612966ca8e8171e9b3cc8ab6ce8aa6cbfec79643,0.33.2,off,16384,121.19
3hop1__813285_774554_124169|dropped_note|24,3hop1__813285_774554_124169,dropped_note,state,write_note,24,2,26,0.923,diff,lossless,primary,0,0,0,24,24,1,1,state,state,,0,1,0,5577,188,16209,580493953bfd9de6d0b2d1d8a4f1e43ab9de066daab1e45d308f79bb0263f1ee,6c8af451c098d669f41db55d5d02dbec7def7d62a9ab8e0b2d715391bf133ed3,qwen3.8:27b,22130167c4c20e20c7b71454612966ca8e8171e9b3cc8ab6ce8aa6cbfec79643,0.33.2,off,16384,69.59
3hop1__813285_774554_124169|dropped_note|24,3hop1__813285_774554_124169,dropped_note,state,write_note,24,2,26,0.923,prov,lossless,primary,0,0,0,24,24,1,1,state,state,,0,1,0,5378,268,15117,168bfa490b87987c32e9abf27aba2b17c5b1e85904f1f25d9f267c0979b5b569,afc943d5d8da6f5e94af38ac85674bca63affaac4bedf09a72ba969d0629bd2d,qwen3.8:27b,22130167c4c20e20c7b71454612966ca8e8171e9b3cc8ab6ce8aa6cbfec79643,0.33.2,off,16384,78.58
3hop1__813285_774554_124169|no_source|24,3hop1__813285_774554_124169,no_source,evidence,write_note,24,2,26,0.923,log,lossless,primary,0,0,0,24,24,1,1,evidence,evidence,,1,1,0,4250,188,12019,ba8b77f02b64574ea7e93ea62fa1fc123ccb9b7577129cf415e005a243f5b0a5,5b3b9111c8687ff09c96eab2ef7044e8afeece8fce8e7635bc0fcbb2c0ba8fdd,qwen3.8:27b,22130167c4c20e20c7b71454612966ca8e8171e9b3cc8ab6ce8aa6cbfec79643,0.33.2,off,16384,28.42
3hop1__813285_774554_124169|no_source|24,3hop1__813285_774554_124169,no_source,evidence,write_note,24,2,26,0.923,diff,lossless,primary,0,0,0,24,24,1,1,evidence,evidence,,1,1,0,5608,143,16330,580493953bfd9de6d0b2d1d8a4f1e43ab9de066daab1e45d308f79bb0263f1ee,308a3a76bd15de4a6fb6de5ab195d00fa2ba539e90c91ff5e5d67485272b78d6,qwen3.8:27b,22130167c4c20e20c7b71454612966ca8e8171e9b3cc8ab6ce8aa6cbfec79643,0.33.2,off,16384,24.72
3hop1__813285_774554_124169|no_source|24,3hop1__813285_774554_124169,no_source,evidence,write_note,24,2,26,0.923,prov,lossless,primary,0,0,0,24,24,1,1,evidence,evidence,,0,1,0,5454,140,15339,168bfa490b87987c32e9abf27aba2b17c5b1e85904f1f25d9f267c0979b5b569,5995b70ae430479e70e9840de5b65a528cccbcf3f4043fd093208e25e0bb69e3,qwen3.8:27b,22130167c4c20e20c7b71454612966ca8e8171e9b3cc8ab6ce8aa6cbfec79643,0.33.2,off,16384,24.24
3hop1__813285_774554_124169|overwritten_note|12,3hop1__813285_774554_124169,overwritten_note,state,write_note,12,0,26,0.462,log,lossless,primary,0,0,0,12,12,1,1,state,state,,1,1,0,4272,133,12039,ba8b77f02b64574ea7e93ea62fa1fc123ccb9b7577129cf415e005a243f5b0a5,e9a07d25777f9736ab6a645e95084aa69142538a258b390cce5bffc1e236ebac,qwen3.8:27b,22130167c4c20e20c7b71454612966ca8e8171e9b3cc8ab6ce8aa6cbfec79643,0.33.2,off,16384,50.23
3hop1__813285_774554_124169|overwritten_note|12,3hop1__813285_774554_124169,overwritten_note,state,write_note,12,0,26,0.462,diff,lossless,primary,0,0,0,12,12,1,1,state,state,,1,1,0,5641,203,16360,580493953bfd9de6d0b2d1d8a4f1e43ab9de066daab1e45d308f79bb0263f1ee,901f7f6055dc6542a98a3ca38ea511d0868934276d34737d9e74f59e06830949,qwen3.8:27b,22130167c4c20e20c7b71454612966ca8e8171e9b3cc8ab6ce8aa6cbfec79643,0.33.2,off,16384,71.86
3hop1__813285_774554_124169|overwritten_note|12,3hop1__813285_774554_124169,overwritten_note,state,write_note,12,0,26,0.462,prov,lossless,primary,0,0,0,12,12,1,1,state,state,,0,1,0,5506,184,15421,168bfa490b87987c32e9abf27aba2b17c5b1e85904f1f25d9f267c0979b5b569,413d6ad23003e0bc478948ce467408577365de0fe6ffa0f4a21938ffd2a5edf9,qwen3.8:27b,22130167c4c20e20c7b71454612966ca8e8171e9b3cc8ab6ce8aa6cbfec79643,0.33.2,off,16384,67.76
3hop1__813285_774554_124169|wrong_argument|8,3hop1__813285_774554_124169,wrong_argument,tool,search,8,0,38,0.211,log,lossless,primary,0,0,0,8,8,1,1,tool,tool,,0,1,0,5359,190,15982,ba8b77f02b64574ea7e93ea62fa1fc123ccb9b7577129cf415e005a243f5b0a5,3ab0fc113b56957fb5d4c11d0d8f3d0674c05884dc1f7491314bb51816a3ade8,qwen3.8:27b,22130167c4c20e20c7b71454612966ca8e8171e9b3cc8ab6ce8aa6cbfec79643,0.33.2,off,16384,66.17
3hop1__813285_774554_124169|wrong_argument|8,3hop1__813285_774554_124169,wrong_argument,tool,search,8,0,38,0.211,diff,lossless,primary,0,0,0,8,8,1,1,tool,tool,,0,1,0,7012,186,21045,580493953bfd9de6d0b2d1d8a4f1e43ab9de066daab1e45d308f79bb0263f1ee,02d383df60ba67cd7ea554c40e16356f3e075d43e1af4f80186b62610f359ee5,qwen3.8:27b,22130167c4c20e20c7b71454612966ca8e8171e9b3cc8ab6ce8aa6cbfec79643,0.33.2,off,16384,79.96
3hop1__813285_774554_124169|wrong_argument|8,3hop1__813285_774554_124169,wrong_argument,tool,search,8,0,38,0.211,prov,lossless,primary,0,0,0,8,8,1,1,tool,tool,,1,1,0,6902,176,20274,168bfa490b87987c32e9abf27aba2b17c5b1e85904f1f25d9f267c0979b5b569,0e28a683eca36a062ce54c051c1878d04c7d7ed8e819c453f2b270d0e5ce726c,qwen3.8:27b,22130167c4c20e20c7b71454612966ca8e8171e9b3cc8ab6ce8aa6cbfec79643,0.33.2,off,16384,79.84
3hop1__813285_774554_124169|wrong_source|18,3hop1__813285_774554_124169,wrong_source,evidence,write_note,18,1,26,0.692,log,lossless,primary,0,0,0,18,18,1,1,evidence,evidence,,1,1,0,4274,220,12039,ba8b77f02b64574ea7e93ea62fa1fc123ccb9b7577129cf415e005a243f5b0a5,b0ad97260524e57dfd97eb9ede77861b405c445385ca4b024462764cf78fa21a,qwen3.8:27b,22130167c4c20e20c7b71454612966ca8e8171e9b3cc8ab6ce8aa6cbfec79643,0.33.2,off,16384,60.37
3hop1__813285_774554_124169|wrong_source|18,3hop1__813285_774554_124169,wrong_source,evidence,write_note,18,1,26,0.692,diff,lossless,primary,0,0,0,18,18,1,1,evidence,evidence,,1,1,0,5644,212,16360,580493953bfd9de6d0b2d1d8a4f1e43ab9de066daab1e45d308f79bb0263f1ee,aebc4e78410d3dd763a0f712acdbe74e052d8f798d164865ebb54ff86157e3e6,qwen3.8:27b,22130167c4c20e20c7b71454612966ca8e8171e9b3cc8ab6ce8aa6cbfec79643,0.33.2,off,16384,71.16
3hop1__813285_774554_124169|wrong_source|18,3hop1__813285_774554_124169,wrong_source,evidence,write_note,18,1,26,0.692,prov,lossless,primary,0,0,0,18,18,1,1,evidence,evidence,,0,1,0,5513,265,15433,168bfa490b87987c32e9abf27aba2b17c5b1e85904f1f25d9f267c0979b5b569,0be5bf6e6c156f11ff47f72bbe009f2414eb3f3f8102e7343b518478448583cf,qwen3.8:27b,22130167c4c20e20c7b71454612966ca8e8171e9b3cc8ab6ce8aa6cbfec79643,0.33.2,off,16384,74.38
3hop1__131820_59747_60748|corrupted_output|8,3hop1__131820_59747_60748,corrupted_output,tool,search,8,2,38,0.211,log,lossless,primary,0,0,0,12,8,0,0,tool,tool,,0,1,0,6366,151,20201,ba8b77f02b64574ea7e93ea62fa1fc123ccb9b7577129cf415e005a243f5b0a5,f670cc493870e41b614ef7c00c09c312d02ed1ca62de9011e5367a97fd6e506d,qwen3.8:27b,22130167c4c20e20c7b71454612966ca8e8171e9b3cc8ab6ce8aa6cbfec79643,0.33.2,off,16384,72.99
3hop1__131820_59747_60748|corrupted_output|8,3hop1__131820_59747_60748,corrupted_output,tool,search,8,2,38,0.211,diff,lossless,primary,0,0,0,,8,0,0,none,tool,,0,1,0,8052,157,25507,580493953bfd9de6d0b2d1d8a4f1e43ab9de066daab1e45d308f79bb0263f1ee,b3e0ddc21adfd6d2d6be1ba8087a7beaaaaaeadb355cce30437b0189bee2d9cd,qwen3.8:27b,22130167c4c20e20c7b71454612966ca8e8171e9b3cc8ab6ce8aa6cbfec79643,0.33.2,off,16384,90.28
3hop1__131820_59747_60748|corrupted_output|8,3hop1__131820_59747_60748,corrupted_output,tool,search,8,2,38,0.211,prov,lossless,primary,0,0,0,12,8,0,0,evidence,tool,,0,1,0,8034,372,25020,168bfa490b87987c32e9abf27aba2b17c5b1e85904f1f25d9f267c0979b5b569,addb4d9119392a81db8e1ee977f200b110cd4a8526bdf0dfb4f7e689d8d4ef3c,qwen3.8:27b,22130167c4c20e20c7b71454612966ca8e8171e9b3cc8ab6ce8aa6cbfec79643,0.33.2,off,16384,112.93
3hop1__131820_59747_60748|dropped_note|6,3hop1__131820_59747_60748,dropped_note,state,write_note,6,0,14,0.429,log,lossless,primary,0,0,0,6,6,1,1,state,state,,0,1,0,2486,160,6549,ba8b77f02b64574ea7e93ea62fa1fc123ccb9b7577129cf415e005a243f5b0a5,1dc9cbca0e8bcdba84007a50a569dd1fa7a546e590d4f789c440bd3574ede3d9,qwen3.8:27b,22130167c4c20e20c7b71454612966ca8e8171e9b3cc8ab6ce8aa6cbfec79643,0.33.2,off,16384,39.83
3hop1__131820_59747_60748|dropped_note|6,3hop1__131820_59747_60748,dropped_note,state,write_note,6,0,14,0.429,diff,lossless,primary,0,0,0,6,6,1,1,state,state,,0,1,0,3176,173,8907,580493953bfd9de6d0b2d1d8a4f1e43ab9de066daab1e45d308f79bb0263f1ee,baa4a7ded01904b461112184b5ab6bd69395d54c1a2f8d17904b8e865f46789a,qwen3.8:27b,22130167c4c20e20c7b71454612966ca8e8171e9b3cc8ab6ce8aa6cbfec79643,0.33.2,off,16384,46.66
3hop1__131820_59747_60748|dropped_note|6,3hop1__131820_59747_60748,dropped_note,state,write_note,6,0,14,0.429,prov,lossless,primary,0,0,0,6,6,1,1,state,state,,0,1,0,3133,212,8356,168bfa490b87987c32e9abf27aba2b17c5b1e85904f1f25d9f267c0979b5b569,832e9f6c758600f44abcbc0114ea4e6d7c9dd2afbdceaa4bf5c17c39d356aaf4,qwen3.8:27b,22130167c4c20e20c7b71454612966ca8e8171e9b3cc8ab6ce8aa6cbfec79643,0.33.2,off,16384,54.51
3hop1__131820_59747_60748|no_source|6,3hop1__131820_59747_60748,no_source,evidence,write_note,6,0,14,0.429,log,lossless,primary,0,0,0,6,6,1,1,evidence,evidence,,1,1,0,2516,195,6734,ba8b77f02b64574ea7e93ea62fa1fc123ccb9b7577129cf415e005a243f5b0a5,94dc3ad79e744a97570b1da7ae50a3eba351116db5779417d4c17b0667abb9bc,qwen3.8:27b,22130167c4c20e20c7b71454612966ca8e8171e9b3cc8ab6ce8aa6cbfec79643,0.33.2,off,16384,41.78
3hop1__131820_59747_60748|no_source|6,3hop1__131820_59747_60748,no_source,evidence,write_note,6,0,14,0.429,diff,lossless,primary,0,0,0,6,6,1,1,evidence,evidence,,1,1,0,3230,133,9176,580493953bfd9de6d0b2d1d8a4f1e43ab9de066daab1e45d308f79bb0263f1ee,2ce3dd4df585129c9554ef5add62678437f01d1ac62a4fe68189b09019245640,qwen3.8:27b,22130167c4c20e20c7b71454612966ca8e8171e9b3cc8ab6ce8aa6cbfec79643,0.33.2,off,16384,40.96
3hop1__131820_59747_60748|no_source|6,3hop1__131820_59747_60748,no_source,evidence,write_note,6,0,14,0.429,prov,lossless,primary,0,0,0,6,6,1,1,evidence,evidence,,0,1,0,3205,149,8666,168bfa490b87987c32e9abf27aba2b17c5b1e85904f1f25d9f267c0979b5b569,ab500772845ad504fcaecc99a9ed17e34b1cd38ee3a2a913015eb3e311121bff,qwen3.8:27b,22130167c4c20e20c7b71454612966ca8e8171e9b3cc8ab6ce8aa6cbfec79643,0.33.2,off,16384,44.3
3hop1__131820_59747_60748|overwritten_note|12,3hop1__131820_59747_60748,overwritten_note,state,write_note,12,1,14,0.857,log,lossless,primary,0,0,0,12,12,1,1,state,state,,1,1,0,2485,150,6576,ba8b77f02b64574ea7e93ea62fa1fc123ccb9b7577129cf415e005a243f5b0a5,74fd9886ba969a6a1c832a615fcf46e950f31c6ff1a56ebac756283f3f15d42f,qwen3.8:27b,22130167c4c20e20c7b71454612966ca8e8171e9b3cc8ab6ce8aa6cbfec79643,0.33.2,off,16384,36.35
3hop1__131820_59747_60748|overwritten_note|12,3hop1__131820_59747_60748,overwritten_note,state,write_note,12,1,14,0.857,diff,lossless,primary,0,0,0,12,12,1,1,state,state,,1,1,0,3213,190,9028,580493953bfd9de6d0b2d1d8a4f1e43ab9de066daab1e45d308f79bb0263f1ee,7370684bcd27bf3be35c0634499d38be35d1cd029ede53954b9e6bd05f90af31,qwen3.8:27b,22130167c4c20e20c7b71454612966ca8e8171e9b3cc8ab6ce8aa6cbfec79643,0.33.2,off,16384,47.7
3hop1__131820_59747_60748|overwritten_note|12,3hop1__131820_59747_60748,overwritten_note,state,write_note,12,1,14,0.857,prov,lossless,primary,0,0,0,12,12,1,1,state,state,,1,1,0,3172,174,8482,168bfa490b87987c32e9abf27aba2b17c5b1e85904f1f25d9f267c0979b5b569,226f5ba073291382ec4e95af8ab65f804c49bfdf4e77200c5b39032d4f1a54a2,qwen3.8:27b,22130167c4c20e20c7b71454612966ca8e8171e9b3cc8ab6ce8aa6cbfec79643,0.33.2,off,16384,43.92
3hop1__131820_59747_60748|wrong_argument|10,3hop1__131820_59747_60748,wrong_argument,tool,read,10,2,38,0.263,log,lossless,primary,0,0,0,10,10,1,1,tool,tool,,0,1,0,6332,207,19492,ba8b77f02b64574ea7e93ea62fa1fc123ccb9b7577129cf415e005a243f5b0a5,14f5947b15a093aaf1f1e46c0d09619ba3b6ae717717b31c4f2a4fc451072b1f,qwen3.8:27b,22130167c4c20e20c7b71454612966ca8e8171e9b3cc8ab6ce8aa6cbfec79643,0.33.2,off,16384,65.39
3hop1__131820_59747_60748|wrong_argument|10,3hop1__131820_59747_60748,wrong_argument,tool,read,10,2,38,0.263,diff,lossless,primary,0,0,0,10,10,1,1,tool,tool,,0,1,0,8365,227,25688,580493953bfd9de6d0b2d1d8a4f1e43ab9de066daab1e45d308f79bb0263f1ee,84c01b4ed6fcc49c09dcbdcaacc3cd5b49709444d219dce1c089f6a037f7030b,qwen3.8:27b,22130167c4c20e20c7b71454612966ca8e8171e9b3cc8ab6ce8aa6cbfec79643,0.33.2,off,16384,77.41
3hop1__131820_59747_60748|wrong_argument|10,3hop1__131820_59747_60748,wrong_argument,tool,read,10,2,38,0.263,prov,lossless,primary,0,0,0,10,10,1,1,tool,tool,,0,1,0,8031,203,24248,168bfa490b87987c32e9abf27aba2b17c5b1e85904f1f25d9f267c0979b5b569,f8e1dd7b6978ba0f99bb8d971b9f98bb00a83b76a42f2e5123e37d122973d696,qwen3.8:27b,22130167c4c20e20c7b71454612966ca8e8171e9b3cc8ab6ce8aa6cbfec79643,0.33.2,off,16384,74.3
3hop1__131820_59747_60748|wrong_source|12,3hop1__131820_59747_60748,wrong_source,evidence,write_note,12,1,14,0.857,log,lossless,primary,0,0,0,12,12,1,1,evidence,evidence,,1,1,0,2502,219,6591,ba8b77f02b64574ea7e93ea62fa1fc123ccb9b7577129cf415e005a243f5b0a5,af34a31eb3352c5e8afb258112b6e48f9766c8a85d5e745662fe23aeb910d62b,qwen3.8:27b,22130167c4c20e20c7b71454612966ca8e8171e9b3cc8ab6ce8aa6cbfec79643,0.33.2,off,16384,30.37
3hop1__131820_59747_60748|wrong_source|12,3hop1__131820_59747_60748,wrong_source,evidence,write_note,12,1,14,0.857,diff,lossless,primary,0,0,0,12,12,1,1,evidence,evidence,,1,1,0,3230,171,9043,580493953bfd9de6d0b2d1d8a4f1e43ab9de066daab1e45d308f79bb0263f1ee,396cce80bc42963aedbb6db1a6164485063d607977daa4275a40081e13bde76b,qwen3.8:27b,22130167c4c20e20c7b71454612966ca8e8171e9b3cc8ab6ce8aa6cbfec79643,0.33.2,off,16384,27.24
3hop1__131820_59747_60748|wrong_source|12,3hop1__131820_59747_60748,wrong_source,evidence,write_note,12,1,14,0.857,prov,lossless,primary,0,0,0,12,12,1,1,evidence,evidence,,0,1,0,3225,191,8595,168bfa490b87987c32e9abf27aba2b17c5b1e85904f1f25d9f267c0979b5b569,5b69b9c8ee86ebe5f97515188605a8aa3c98911874ac56e1a69c57f3ccb7fbb5,qwen3.8:27b,22130167c4c20e20c7b71454612966ca8e8171e9b3cc8ab6ce8aa6cbfec79643,0.33.2,off,16384,28.89
3hop1__401538_132457_47686|corrupted_output|4,3hop1__401538_132457_47686,corrupted_output,tool,read,4,0,38,0.105,log,lossless,primary,0,0,0,4,4,1,1,tool,tool,,0,1,0,5836,200,19067,ba8b77f02b64574ea7e93ea62fa1fc123ccb9b7577129cf415e005a243f5b0a5,c26e0c629a349a3afa3c55ffa0c9c3f03aa129b311828e6555b657692635ea47,qwen3.8:27b,22130167c4c20e20c7b71454612966ca8e8171e9b3cc8ab6ce8aa6cbfec79643,0.33.2,off,16384,72.49
3hop1__401538_132457_47686|corrupted_output|4,3hop1__401538_132457_47686,corrupted_output,tool,read,4,0,38,0.105,diff,lossless,primary,0,0,0,4,4,1,1,tool,tool,,0,1,0,7296,180,23734,580493953bfd9de6d0b2d1d8a4f1e43ab9de066daab1e45d308f79bb0263f1ee,9bccf52c2c35e086cf4de3161fe8f5e5d7148619b33c9b26e3bf215595c3d264,qwen3.8:27b,22130167c4c20e20c7b71454612966ca8e8171e9b3cc8ab6ce8aa6cbfec79643,0.33.2,off,16384,82.18
3hop1__401538_132457_47686|corrupted_output|4,3hop1__401538_132457_47686,corrupted_output,tool,read,4,0,38,0.105,prov,lossless,primary,0,0,0,4,4,1,1,tool,tool,,0,1,0,7326,228,23441,168bfa490b87987c32e9abf27aba2b17c5b1e85904f1f25d9f267c0979b5b569,8e1fbfc31caa3b29e762b9cca0cef946f8bf2eddfbda23a4e3ec0a502c0ec0fe,qwen3.8:27b,22130167c4c20e20c7b71454612966ca8e8171e9b3cc8ab6ce8aa6cbfec79643,0.33.2,off,16384,88.12
3hop1__401538_132457_47686|dropped_note|12,3hop1__401538_132457_47686,dropped_note,state,write_note,12,1,20,0.6,log,lossless,primary,0,0,0,,12,0,0,none,state,,0,1,0,3109,134,8751,ba8b77f02b64574ea7e93ea62fa1fc123ccb9b7577129cf415e005a243f5b0a5,ec02e3839add6a89a4e1bd761137b9d129c3c2ba7740b37d3c0660e024b5ebb7,qwen3.8:27b,22130167c4c20e20c7b71454612966ca8e8171e9b3cc8ab6ce8aa6cbfec79643,0.33.2,off,16384,45.02
3hop1__401538_132457_47686|dropped_note|12,3hop1__401538_132457_47686,dropped_note,state,write_note,12,1,20,0.6,diff,lossless,primary,0,0,0,12,12,1,1,state,state,,0,1,0,4006,185,11639,580493953bfd9de6d0b2d1d8a4f1e43ab9de066daab1e45d308f79bb0263f1ee,8ec24cd9c2d6b8c97e9aeb69d302f158cd714c7923b9e83cd2d88a790bc11202,qwen3.8:27b,22130167c4c20e20c7b71454612966ca8e8171e9b3cc8ab6ce8aa6cbfec79643,0.33.2,off,16384,53.39
3hop1__401538_132457_47686|dropped_note|12,3hop1__401538_132457_47686,dropped_note,state,write_note,12,1,20,0.6,prov,lossless,primary,0,0,0,12,12,1,1,state,state,,0,1,0,3996,159,11303,168bfa490b87987c32e9abf27aba2b17c5b1e85904f1f25d9f267c0979b5b569,d24c47e0a15282019691cd174020a7e71e2a62407b77182bcadbaba9fd0aaab1,qwen3.8:27b,22130167c4c20e20c7b71454612966ca8e8171e9b3cc8ab6ce8aa6cbfec79643,0.33.2,off,16384,52.78
3hop1__401538_132457_47686|no_source|12,3hop1__401538_132457_47686,no_source,evidence,write_note,12,1,20,0.6,log,lossless,primary,0,0,0,12,12,1,1,evidence,evidence,,1,1,0,3121,135,8828,ba8b77f02b64574ea7e93ea62fa1fc123ccb9b7577129cf415e005a243f5b0a5,eddaeff26617084242ff9051015e35125e084ba7d18e8823041fb8313c06c873,qwen3.8:27b,22130167c4c20e20c7b71454612966ca8e8171e9b3cc8ab6ce8aa6cbfec79643,0.33.2,off,16384,24.24
3hop1__401538_132457_47686|no_source|12,3hop1__401538_132457_47686,no_source,evidence,write_note,12,1,20,0.6,diff,lossless,primary,0,0,0,12,12,1,1,evidence,evidence,,1,1,0,4036,138,11765,580493953bfd9de6d0b2d1d8a4f1e43ab9de066daab1e45d308f79bb0263f1ee,6e8d76259a1281e434625b8f73479f9648032218f5c8d741fc566f8e0f2f1ccd,qwen3.8:27b,22130167c4c20e20c7b71454612966ca8e8171e9b3cc8ab6ce8aa6cbfec79643,0.33.2,off,16384,48.16
3hop1__401538_132457_47686|no_source|12,3hop1__401538_132457_47686,no_source,evidence,write_note,12,1,20,0.6,prov,lossless,primary,0,0,0,12,12,1,1,evidence,evidence,,0,1,0,4046,137,11483,168bfa490b87987c32e9abf27aba2b17c5b1e85904f1f25d9f267c0979b5b569,864858f780ea596fcd63f6aa7493df35539386c90dae934d6ee41dcd7567cf7b,qwen3.8:27b,22130167c4c20e20c7b71454612966ca8e8171e9b3cc8ab6ce8aa6cbfec79643,0.33.2,off,16384,49.41
3hop1__401538_132457_47686|overwritten_note|18,3hop1__401538_132457_47686,overwritten_note,state,write_note,18,2,20,0.9,log,lossless,primary,0,0,0,18,18,1,1,state,state,,0,1,0,3108,162,8771,ba8b77f02b64574ea7e93ea62fa1fc123ccb9b7577129cf415e005a243f5b0a5,a0bbe135350feae63bc5170a5109cbd37aedcf3b5061af3f4741cf263881c30c,qwen3.8:27b,22130167c4c20e20c7b71454612966ca8e8171e9b3cc8ab6ce8aa6cbfec79643,0.33.2,off,16384,26.52
3hop1__401538_132457_47686|overwritten_note|18,3hop1__401538_132457_47686,overwritten_note,state,write_note,18,2,20,0.9,diff,lossless,primary,0,0,0,18,18,1,1,state,state,,1,1,0,4043,176,11753,580493953bfd9de6d0b2d1d8a4f1e43ab9de066daab1e45d308f79bb0263f1ee,e159a7fa108ea5f5f1e63f8637a02120673c34a6c4f1dd92e681bb92fe2ba408,qwen3.8:27b,22130167c4c20e20c7b71454612966ca8e8171e9b3cc8ab6ce8aa6cbfec79643,0.33.2,off,16384,53.24
3hop1__401538_132457_47686|overwritten_note|18,3hop1__401538_132457_47686,overwritten_note,state,write_note,18,2,20,0.9,prov,lossless,primary,0,0,0,18,18,1,1,state,state,,1,1,0,4042,167,11416,168bfa490b87987c32e9abf27aba2b17c5b1e85904f1f25d9f267c0979b5b569,2cab6770a546dc314b28ff675a7490c6e98a62396bcbdda97f7ec9561dae2324,qwen3.8:27b,22130167c4c20e20c7b71454612966ca8e8171e9b3cc8ab6ce8aa6cbfec79643,0.33.2,off,16384,51.14
3hop1__401538_132457_47686|wrong_argument|14,3hop1__401538_132457_47686,wrong_argument,tool,search,14,2,38,0.368,log,lossless,primary,0,0,0,14,14,1,1,tool,tool,,0,1,0,4278,191,13012,ba8b77f02b64574ea7e93ea62fa1fc123ccb9b7577129cf415e005a243f5b0a5,357b86a6fcb5da26a4db4a203089977f9a2f39a1fd7199322d54ebf90aa7fcf1,qwen3.8:27b,22130167c4c20e20c7b71454612966ca8e8171e9b3cc8ab6ce8aa6cbfec79643,0.33.2,off,16384,39.8
3hop1__401538_132457_47686|wrong_argument|14,3hop1__401538_132457_47686,wrong_argument,tool,search,14,2,38,0.368,diff,lossless,primary,0,0,0,14,14,1,1,tool,tool,,1,1,0,5630,150,17023,580493953bfd9de6d0b2d1d8a4f1e43ab9de066daab1e45d308f79bb0263f1ee,31a0f989a672164c332379293ae8a52fbb58736628506d99a7aabc96c1bce7d8,qwen3.8:27b,22130167c4c20e20c7b71454612966ca8e8171e9b3cc8ab6ce8aa6cbfec79643,0.33.2,off,16384,64.61
3hop1__401538_132457_47686|wrong_argument|14,3hop1__401538_132457_47686,wrong_argument,tool,search,14,2,38,0.368,prov,lossless,primary,0,0,0,14,14,1,1,tool,tool,,1,1,0,5688,149,17005,168bfa490b87987c32e9abf27aba2b17c5b1e85904f1f25d9f267c0979b5b569,d23cdab91fd12ec79f5c0f836b5bd9c11ca3e9dce81815f24eab20e4adfea9b5,qwen3.8:27b,22130167c4c20e20c7b71454612966ca8e8171e9b3cc8ab6ce8aa6cbfec79643,0.33.2,off,16384,66.09
3hop1__401538_132457_47686|wrong_source|12,3hop1__401538_132457_47686,wrong_source,evidence,write_note,12,0,20,0.6,log,lossless,primary,0,0,0,12,12,1,1,evidence,evidence,,1,1,0,3131,226,8758,ba8b77f02b64574ea7e93ea62fa1fc123ccb9b7577129cf415e005a243f5b0a5,6c532b89c03723db486cb07eab198ec1c7fdc6701370c7a9947f4fe1ecf18937,qwen3.8:27b,22130167c4c20e20c7b71454612966ca8e8171e9b3cc8ab6ce8aa6cbfec79643,0.33.2,off,16384,32.61
3hop1__401538_132457_47686|wrong_source|12,3hop1__401538_132457_47686,wrong_source,evidence,write_note,12,0,20,0.6,diff,lossless,primary,0,0,0,12,12,1,1,evidence,evidence,,1,1,0,4073,188,11741,580493953bfd9de6d0b2d1d8a4f1e43ab9de066daab1e45d308f79bb0263f1ee,cc1ead73e61be88b622bf7a404b32dd1c1a25ea100a4c01177a4781d2eedd82c,qwen3.8:27b,22130167c4c20e20c7b71454612966ca8e8171e9b3cc8ab6ce8aa6cbfec79643,0.33.2,off,16384,53.07
3hop1__401538_132457_47686|wrong_source|12,3hop1__401538_132457_47686,wrong_source,evidence,write_note,12,0,20,0.6,prov,lossless,primary,0,0,0,12,12,1,1,evidence,evidence,,0,1,0,4094,197,11461,168bfa490b87987c32e9abf27aba2b17c5b1e85904f1f25d9f267c0979b5b569,66e51db19569466339a80731991c72d4d5c624ead4936a26cac22c2e36172089,qwen3.8:27b,22130167c4c20e20c7b71454612966ca8e8171e9b3cc8ab6ce8aa6cbfec79643,0.33.2,off,16384,55.28
4hop1__152562_5274_458768_33677|corrupted_output|14,4hop1__152562_5274_458768_33677,corrupted_output,tool,search,14,1,38,0.368,log,lossless,primary,0,0,0,24,14,0,0,tool,tool,,0,1,0,6242,143,20214,ba8b77f02b64574ea7e93ea62fa1fc123ccb9b7577129cf415e005a243f5b0a5,d36a85dcc5a576c3e4c8fc84036995da858220eb64fbbea2d911c0c29e3809b3,qwen3.8:27b,22130167c4c20e20c7b71454612966ca8e8171e9b3cc8ab6ce8aa6cbfec79643,0.33.2,off,16384,70.14
4hop1__152562_5274_458768_33677|corrupted_output|14,4hop1__152562_5274_458768_33677,corrupted_output,tool,search,14,1,38,0.368,diff,lossless,primary,0,0,0,24,14,0,0,state,tool,,1,1,0,7997,131,26078,580493953bfd9de6d0b2d1d8a4f1e43ab9de066daab1e45d308f79bb0263f1ee,0032245915abb174558da90976162cc20103de2382d05fe188e1e0b30c3867fa,qwen3.8:27b,22130167c4c20e20c7b71454612966ca8e8171e9b3cc8ab6ce8aa6cbfec79643,0.33.2,off,16384,84.64
4hop1__152562_5274_458768_33677|corrupted_output|14,4hop1__152562_5274_458768_33677,corrupted_output,tool,search,14,1,38,0.368,prov,lossless,primary,0,0,0,22,14,0,0,tool,tool,,0,1,0,7943,192,25266,168bfa490b87987c32e9abf27aba2b17c5b1e85904f1f25d9f267c0979b5b569,b66dd1740655d48215c162c05410b829f3fa1eeab512a0dd2194d60b913c8ee7,qwen3.8:27b,22130167c4c20e20c7b71454612966ca8e8171e9b3cc8ab6ce8aa6cbfec79643,0.33.2,off,16384,89.89
4hop1__152562_5274_458768_33677|dropped_note|24,4hop1__152562_5274_458768_33677,dropped_note,state,write_note,24,2,26,0.923,log,lossless,primary,0,0,0,24,24,1,1,state,state,,0,1,0,4027,183,12445,ba8b77f02b64574ea7e93ea62fa1fc123ccb9b7577129cf415e005a243f5b0a5,47035d6b729c87c919761b593eca2c514e295b4c7522a4aec76f19aae911bb4e,qwen3.8:27b,22130167c4c20e20c7b71454612966ca8e8171e9b3cc8ab6ce8aa6cbfec79643,0.33.2,off,16384,53.96
4hop1__152562_5274_458768_33677|dropped_note|24,4hop1__152562_5274_458768_33677,dropped_note,state,write_note,24,2,26,0.923,diff,lossless,primary,0,0,0,24,24,1,1,state,state,,0,1,0,5237,180,16407,580493953bfd9de6d0b2d1d8a4f1e43ab9de066daab1e45d308f79bb0263f1ee,358ccb466e4892875e3c7072cde006a826f9c57c6542a86219fe7bc47126df59,qwen3.8:27b,22130167c4c20e20c7b71454612966ca8e8171e9b3cc8ab6ce8aa6cbfec79643,0.33.2,off,16384,64.77
4hop1__152562_5274_458768_33677|dropped_note|24,4hop1__152562_5274_458768_33677,dropped_note,state,write_note,24,2,26,0.923,prov,lossless,primary,0,0,0,24,24,1,1,evidence,state,,1,1,0,5196,245,15854,168bfa490b87987c32e9abf27aba2b17c5b1e85904f1f25d9f267c0979b5b569,6aabe39ffda7989c16d51af6ad52aeddee9029924234b9435288c90e044badb5,qwen3.8:27b,22130167c4c20e20c7b71454612966ca8e8171e9b3cc8ab6ce8aa6cbfec79643,0.33.2,off,16384,69.51
4hop1__152562_5274_458768_33677|no_source|24,4hop1__152562_5274_458768_33677,no_source,evidence,write_note,24,2,26,0.923,log,lossless,primary,0,0,0,24,24,1,1,evidence,evidence,,1,1,0,4035,146,12495,ba8b77f02b64574ea7e93ea62fa1fc123ccb9b7577129cf415e005a243f5b0a5,7e37b1b076bb0b3ce01371e8e3039768d024c533b9e3cf3b1df62a001f9ff232,qwen3.8:27b,22130167c4c20e20c7b71454612966ca8e8171e9b3cc8ab6ce8aa6cbfec79643,0.33.2,off,16384,24.01
4hop1__152562_5274_458768_33677|no_source|24,4hop1__152562_5274_458768_33677,no_source,evidence,write_note,24,2,26,0.923,diff,lossless,primary,0,0,0,24,24,1,1,evidence,evidence,,1,1,0,5278,149,16580,580493953bfd9de6d0b2d1d8a4f1e43ab9de066daab1e45d308f79bb0263f1ee,32e25bde1dc3115d71d2952d9c96cab491b5189751e84764f5f5e2e9645223bd,qwen3.8:27b,22130167c4c20e20c7b71454612966ca8e8171e9b3cc8ab6ce8aa6cbfec79643,0.33.2,off,16384,27.81
4hop1__152562_5274_458768_33677|no_source|24,4hop1__152562_5274_458768_33677,no_source,evidence,write_note,24,2,26,0.923,prov,lossless,primary,0,0,0,24,24,1,1,evidence,evidence,,0,1,0,5297,140,16185,168bfa490b87987c32e9abf27aba2b17c5b1e85904f1f25d9f267c0979b5b569,4bc8cd20633cb6641bc6cc9179eb04671d6424c93a40a7ce0cca117d335f5662,qwen3.8:27b,22130167c4c20e20c7b71454612966ca8e8171e9b3cc8ab6ce8aa6cbfec79643,0.33.2,off,16384,26.15
4hop1__152562_5274_458768_33677|overwritten_note|12,4hop1__152562_5274_458768_33677,overwritten_note,state,write_note,12,0,26,0.462,log,lossless,primary,0,0,0,12,12,1,1,state,state,,1,1,0,4060,157,12520,ba8b77f02b64574ea7e93ea62fa1fc123ccb9b7577129cf415e005a243f5b0a5,b42d2ab240e7903a67970722d0705907742ca8a5c519bb4f0d3ce9197a26791c,qwen3.8:27b,22130167c4c20e20c7b71454612966ca8e8171e9b3cc8ab6ce8aa6cbfec79643,0.33.2,off,16384,50.43
4hop1__152562_5274_458768_33677|overwritten_note|12,4hop1__152562_5274_458768_33677,overwritten_note,state,write_note,12,0,26,0.462,diff,lossless,primary,0,0,0,12,12,1,1,state,state,,1,1,0,5314,206,16615,580493953bfd9de6d0b2d1d8a4f1e43ab9de066daab1e45d308f79bb0263f1ee,1979664205cb92f5326ece986450b5390bdc98e342a405a94db7ea52b35376d9,qwen3.8:27b,22130167c4c20e20c7b71454612966ca8e8171e9b3cc8ab6ce8aa6cbfec79643,0.33.2,off,16384,67.71
4hop1__152562_5274_458768_33677|overwritten_note|12,4hop1__152562_5274_458768_33677,overwritten_note,state,write_note,12,0,26,0.462,prov,lossless,primary,0,0,0,12,12,1,1,state,state,,0,1,0,5366,184,16306,168bfa490b87987c32e9abf27aba2b17c5b1e85904f1f25d9f267c0979b5b569,a5304d6aa3b420f89566363f16b4276985ed8bd9529f9cdb9e41cb1614ec9f9a,qwen3.8:27b,22130167c4c20e20c7b71454612966ca8e8171e9b3cc8ab6ce8aa6cbfec79643,0.33.2,off,16384,64.09
4hop1__152562_5274_458768_33677|wrong_argument|4,4hop1__152562_5274_458768_33677,wrong_argument,tool,read,4,0,38,0.105,log,lossless,primary,0,0,0,4,4,1,1,tool,tool,,0,1,0,4666,185,15195,ba8b77f02b64574ea7e93ea62fa1fc123ccb9b7577129cf415e005a243f5b0a5,8ba7573bdf1476ed20039f3851308a3c1dbdc87f46f15cb7696c4b873b11653e,qwen3.8:27b,22130167c4c20e20c7b71454612966ca8e8171e9b3cc8ab6ce8aa6cbfec79643,0.33.2,off,16384,58.85
4hop1__152562_5274_458768_33677|wrong_argument|4,4hop1__152562_5274_458768_33677,wrong_argument,tool,read,4,0,38,0.105,diff,lossless,primary,0,0,0,4,4,1,1,tool,tool,,1,1,0,5863,172,18697,580493953bfd9de6d0b2d1d8a4f1e43ab9de066daab1e45d308f79bb0263f1ee,5d387c15ee535cf5739d687abd09611484a6569a806d92ab8d59509096b8b1e5,qwen3.8:27b,22130167c4c20e20c7b71454612966ca8e8171e9b3cc8ab6ce8aa6cbfec79643,0.33.2,off,16384,67.22
4hop1__152562_5274_458768_33677|wrong_argument|4,4hop1__152562_5274_458768_33677,wrong_argument,tool,read,4,0,38,0.105,prov,lossless,primary,0,0,0,4,4,1,1,tool,tool,,1,1,0,5987,176,19092,168bfa490b87987c32e9abf27aba2b17c5b1e85904f1f25d9f267c0979b5b569,4532c50f9486148329cfaebd8ecf172fe5cfa1f2e827c14741a08e8275b5beea,qwen3.8:27b,22130167c4c20e20c7b71454612966ca8e8171e9b3cc8ab6ce8aa6cbfec79643,0.33.2,off,16384,68.4
4hop1__152562_5274_458768_33677|wrong_source|18,4hop1__152562_5274_458768_33677,wrong_source,evidence,write_note,18,1,26,0.692,log,lossless,primary,0,0,0,18,18,1,1,evidence,evidence,,0,1,0,4056,179,12526,ba8b77f02b64574ea7e93ea62fa1fc123ccb9b7577129cf415e005a243f5b0a5,b89754cde89fae61b2d7b46a245f77fcc80e843203eda83b95d47c4b0d0f1e16,qwen3.8:27b,22130167c4c20e20c7b71454612966ca8e8171e9b3cc8ab6ce8aa6cbfec79643,0.33.2,off,16384,52.92
4hop1__152562_5274_458768_33677|wrong_source|18,4hop1__152562_5274_458768_33677,wrong_source,evidence,write_note,18,1,26,0.692,diff,lossless,primary,0,0,0,18,18,1,1,evidence,evidence,,1,1,0,5307,185,16612,580493953bfd9de6d0b2d1d8a4f1e43ab9de066daab1e45d308f79bb0263f1ee,bea2538673e17e2e9da4063cecf6407838c8c3c0b1d82642093d824bbee85e31,qwen3.8:27b,22130167c4c20e20c7b71454612966ca8e8171e9b3cc8ab6ce8aa6cbfec79643,0.33.2,off,16384,62.43
4hop1__152562_5274_458768_33677|wrong_source|18,4hop1__152562_5274_458768_33677,wrong_source,evidence,write_note,18,1,26,0.692,prov,lossless,primary,0,0,0,18,18,1,1,evidence,evidence,,0,1,0,5353,185,16300,168bfa490b87987c32e9abf27aba2b17c5b1e85904f1f25d9f267c0979b5b569,65b0e2ed65c1df44ca1d23dc2b52935000dd2431d73f294b9650d3ed9395c284,qwen3.8:27b,22130167c4c20e20c7b71454612966ca8e8171e9b3cc8ab6ce8aa6cbfec79643,0.33.2,off,16384,65.08
3hop1__695430_831637_91775|corrupted_output|22,3hop1__695430_831637_91775,corrupted_output,tool,read,22,2,36,0.611,log,lossless,primary,0,0,0,22,22,1,1,tool,tool,,0,1,0,5039,228,14257,ba8b77f02b64574ea7e93ea62fa1fc123ccb9b7577129cf415e005a243f5b0a5,ced8b660253457a27e2ef7b785715b0a2c35e3a7ffc4b19984e10c6ffa7860de,qwen3.8:27b,22130167c4c20e20c7b71454612966ca8e8171e9b3cc8ab6ce8aa6cbfec79643,0.33.2,off,16384,65.53
3hop1__695430_831637_91775|corrupted_output|22,3hop1__695430_831637_91775,corrupted_output,tool,read,22,2,36,0.611,diff,lossless,primary,0,0,0,22,22,1,1,tool,tool,,0,1,0,6549,223,18687,580493953bfd9de6d0b2d1d8a4f1e43ab9de066daab1e45d308f79bb0263f1ee,3f6956860374d3e559735d39fbcb0a34e4e13b6b01762e6e573487961fdf99b4,qwen3.8:27b,22130167c4c20e20c7b71454612966ca8e8171e9b3cc8ab6ce8aa6cbfec79643,0.33.2,off,16384,78.54
3hop1__695430_831637_91775|corrupted_output|22,3hop1__695430_831637_91775,corrupted_output,tool,read,22,2,36,0.611,prov,lossless,primary,0,0,0,22,22,1,1,tool,tool,,0,1,0,6737,253,18963,168bfa490b87987c32e9abf27aba2b17c5b1e85904f1f25d9f267c0979b5b569,29de0dc842c951f1bb48476acca76d39406ccf71ae263d74ec9bcedee889925c,qwen3.8:27b,22130167c4c20e20c7b71454612966ca8e8171e9b3cc8ab6ce8aa6cbfec79643,0.33.2,off,16384,84.32
3hop1__695430_831637_91775|dropped_note|6,3hop1__695430_831637_91775,dropped_note,state,write_note,6,0,26,0.231,log,lossless,primary,0,0,0,12,6,0,0,evidence,state,,1,1,0,3924,192,10447,ba8b77f02b64574ea7e93ea62fa1fc123ccb9b7577129cf415e005a243f5b0a5,77ec88e579e09aa02a323c85427d0e8c759ae37851b0292db977264184d14ccf,qwen3.8:27b,22130167c4c20e20c7b71454612966ca8e8171e9b3cc8ab6ce8aa6cbfec79643,0.33.2,off,16384,51.84
3hop1__695430_831637_91775|dropped_note|6,3hop1__695430_831637_91775,dropped_note,state,write_note,6,0,26,0.231,diff,lossless,primary,0,0,0,12,6,0,0,evidence,state,,1,1,0,4977,213,13537,580493953bfd9de6d0b2d1d8a4f1e43ab9de066daab1e45d308f79bb0263f1ee,305267634ad1721e32c66fa25b4f9cf7b1e1c79e52c1f6365729e3c880cc9b65,qwen3.8:27b,22130167c4c20e20c7b71454612966ca8e8171e9b3cc8ab6ce8aa6cbfec79643,0.33.2,off,16384,64.09
3hop1__695430_831637_91775|dropped_note|6,3hop1__695430_831637_91775,dropped_note,state,write_note,6,0,26,0.231,prov,lossless,primary,0,0,0,12,6,0,0,evidence,state,,0,1,0,5144,242,13829,168bfa490b87987c32e9abf27aba2b17c5b1e85904f1f25d9f267c0979b5b569,b4699189954f3469f8f693a465dcc53df3c42b99912303865d781dd57657b55f,qwen3.8:27b,22130167c4c20e20c7b71454612966ca8e8171e9b3cc8ab6ce8aa6cbfec79643,0.33.2,off,16384,68.24
3hop1__695430_831637_91775|no_source|6,3hop1__695430_831637_91775,no_source,evidence,write_note,6,0,38,0.158,log,lossless,primary,0,0,0,12,6,0,0,evidence,evidence,,1,1,0,5033,205,13946,ba8b77f02b64574ea7e93ea62fa1fc123ccb9b7577129cf415e005a243f5b0a5,d06ec54ff5fe8c91419bfab6c8fecad8709307c51da31de7fd18b6a1dce86d04,qwen3.8:27b,22130167c4c20e20c7b71454612966ca8e8171e9b3cc8ab6ce8aa6cbfec79643,0.33.2,off,16384,65.64
3hop1__695430_831637_91775|no_source|6,3hop1__695430_831637_91775,no_source,evidence,write_note,6,0,38,0.158,diff,lossless,primary,0,0,0,12,6,0,0,evidence,evidence,,1,1,0,6205,220,17125,580493953bfd9de6d0b2d1d8a4f1e43ab9de066daab1e45d308f79bb0263f1ee,81d821483c82791c0336ad25df259cada8243d262485f106893e66a7d93c6196,qwen3.8:27b,22130167c4c20e20c7b71454612966ca8e8171e9b3cc8ab6ce8aa6cbfec79643,0.33.2,off,16384,76.43
3hop1__695430_831637_91775|no_source|6,3hop1__695430_831637_91775,no_source,evidence,write_note,6,0,38,0.158,prov,lossless,primary,0,0,0,6,6,1,1,evidence,evidence,,0,1,0,6514,181,18134,168bfa490b87987c32e9abf27aba2b17c5b1e85904f1f25d9f267c0979b5b569,81d3a008ae0817bbb0919b450abfb0e7ecd9260baf0590fae54bb3c710db81c0,qwen3.8:27b,22130167c4c20e20c7b71454612966ca8e8171e9b3cc8ab6ce8aa6cbfec79643,0.33.2,off,16384,77.72
3hop1__695430_831637_91775|overwritten_note|18,3hop1__695430_831637_91775,overwritten_note,state,write_note,18,1,26,0.692,log,lossless,primary,0,0,0,18,18,1,1,state,state,,1,1,0,3933,131,10478,ba8b77f02b64574ea7e93ea62fa1fc123ccb9b7577129cf415e005a243f5b0a5,3e71719c515744f97b24087c6eef0c2a1842f5d781de852450876a07cb146d2c,qwen3.8:27b,22130167c4c20e20c7b71454612966ca8e8171e9b3cc8ab6ce8aa6cbfec79643,0.33.2,off,16384,46.87
3hop1__695430_831637_91775|overwritten_note|18,3hop1__695430_831637_91775,overwritten_note,state,write_note,18,1,26,0.692,diff,lossless,primary,0,0,0,18,18,1,1,state,state,,1,1,0,5027,200,13684,580493953bfd9de6d0b2d1d8a4f1e43ab9de066daab1e45d308f79bb0263f1ee,a3c4c0b81a2864b43a7b3e4f54ffef93ac4d79c079ebe72a384e504d567f783b,qwen3.8:27b,22130167c4c20e20c7b71454612966ca8e8171e9b3cc8ab6ce8aa6cbfec79643,0.33.2,off,16384,63.79
3hop1__695430_831637_91775|overwritten_note|18,3hop1__695430_831637_91775,overwritten_note,state,write_note,18,1,26,0.692,prov,lossless,primary,0,0,0,18,18,1,1,state,state,,0,1,0,5218,226,14034,168bfa490b87987c32e9abf27aba2b17c5b1e85904f1f25d9f267c0979b5b569,3e4c9db786cb6bb6fe8b07c8c733e6db93fcc236049248a78346a1c43dc12fac,qwen3.8:27b,22130167c4c20e20c7b71454612966ca8e8171e9b3cc8ab6ce8aa6cbfec79643,0.33.2,off,16384,68.22
3hop1__695430_831637_91775|wrong_argument|14,3hop1__695430_831637_91775,wrong_argument,tool,search,14,1,30,0.467,log,lossless,primary,0,0,0,14,14,1,1,tool,tool,,0,1,0,4569,173,12502,ba8b77f02b64574ea7e93ea62fa1fc123ccb9b7577129cf415e005a243f5b0a5,9a185f719ceca88ff4ab3def40fa97e16a0e8ab5650855fd55fb9047eabd00d1,qwen3.8:27b,22130167c4c20e20c7b71454612966ca8e8171e9b3cc8ab6ce8aa6cbfec79643,0.33.2,off,16384,59.63
3hop1__695430_831637_91775|wrong_argument|14,3hop1__695430_831637_91775,wrong_argument,tool,search,14,1,30,0.467,diff,lossless,primary,0,0,0,14,14,1,1,tool,tool,,0,1,0,5744,167,15892,580493953bfd9de6d0b2d1d8a4f1e43ab9de066daab1e45d308f79bb0263f1ee,93dcc59fbbc2f9a2384472c060815b7adef938498ebe1ccb16dc43ddf891034a,qwen3.8:27b,22130167c4c20e20c7b71454612966ca8e8171e9b3cc8ab6ce8aa6cbfec79643,0.33.2,off,16384,67.26
3hop1__695430_831637_91775|wrong_argument|14,3hop1__695430_831637_91775,wrong_argument,tool,search,14,1,30,0.467,prov,lossless,primary,0,0,0,14,14,1,1,tool,tool,,1,1,0,5982,153,16414,168bfa490b87987c32e9abf27aba2b17c5b1e85904f1f25d9f267c0979b5b569,ff3b8f14ca6f1988b79f625796194e99a8aa67b6bc6787ddc03b05402786fe23,qwen3.8:27b,22130167c4c20e20c7b71454612966ca8e8171e9b3cc8ab6ce8aa6cbfec79643,0.33.2,off,16384,67.75
3hop1__695430_831637_91775|wrong_source|24,3hop1__695430_831637_91775,wrong_source,evidence,write_note,24,2,26,0.923,log,lossless,primary,0,0,0,24,24,1,1,evidence,evidence,,1,1,0,3944,172,10537,ba8b77f02b64574ea7e93ea62fa1fc123ccb9b7577129cf415e005a243f5b0a5,301a0135a56a6fee75445cbc7b398eea333b73b4dadf94a622611d51fa65437c,qwen3.8:27b,22130167c4c20e20c7b71454612966ca8e8171e9b3cc8ab6ce8aa6cbfec79643,0.33.2,off,16384,50.9
3hop1__695430_831637_91775|wrong_source|24,3hop1__695430_831637_91775,wrong_source,evidence,write_note,24,2,26,0.923,diff,lossless,primary,0,0,0,24,24,1,1,evidence,evidence,,1,1,0,5037,191,13743,580493953bfd9de6d0b2d1d8a4f1e43ab9de066daab1e45d308f79bb0263f1ee,112f21439259ed7ee9362e43dd1b495271ac73ddb988fa53bf1661bf55ada98d,qwen3.8:27b,22130167c4c20e20c7b71454612966ca8e8171e9b3cc8ab6ce8aa6cbfec79643,0.33.2,off,16384,62.6
3hop1__695430_831637_91775|wrong_source|24,3hop1__695430_831637_91775,wrong_source,evidence,write_note,24,2,26,0.923,prov,lossless,primary,0,0,0,24,24,1,1,evidence,evidence,,0,1,0,5237,196,14123,168bfa490b87987c32e9abf27aba2b17c5b1e85904f1f25d9f267c0979b5b569,bc37c1243183cf512536ec4647bf4d1795fb522e75b289a508a2e04e768c1794,qwen3.8:27b,22130167c4c20e20c7b71454612966ca8e8171e9b3cc8ab6ce8aa6cbfec79643,0.33.2,off,16384,65.98
3hop1__226638_538202_84283|corrupted_output|2,3hop1__226638_538202_84283,corrupted_output,tool,search,2,0,38,0.053,log,lossless,primary,0,0,0,,2,0,0,none,tool,,0,1,0,5490,216,16953,ba8b77f02b64574ea7e93ea62fa1fc123ccb9b7577129cf415e005a243f5b0a5,b57eb6f5e5af3947094bfe9be50a937370843b23fe6599bdb0e7553a4501bf2a,qwen3.8:27b,22130167c4c20e20c7b71454612966ca8e8171e9b3cc8ab6ce8aa6cbfec79643,0.33.2,off,16384,72.81
3hop1__226638_538202_84283|corrupted_output|2,3hop1__226638_538202_84283,corrupted_output,tool,search,2,0,38,0.053,diff,lossless,primary,0,0,0,,2,0,0,none,tool,,0,1,0,6531,218,19792,580493953bfd9de6d0b2d1d8a4f1e43ab9de066daab1e45d308f79bb0263f1ee,bd4b1de17f7f93a1ac56caa82b830f998d26528a0c0dee1ed32659a2fdd82e00,qwen3.8:27b,22130167c4c20e20c7b71454612966ca8e8171e9b3cc8ab6ce8aa6cbfec79643,0.33.2,off,16384,81.25
3hop1__226638_538202_84283|corrupted_output|2,3hop1__226638_538202_84283,corrupted_output,tool,search,2,0,38,0.053,prov,lossless,primary,0,0,0,,2,0,0,,tool,,0,0,0,6749,1024,20727,168bfa490b87987c32e9abf27aba2b17c5b1e85904f1f25d9f267c0979b5b569,f406162dd5c73653f953a2c9f9d920d2fc7b85281411d79cd90d5b8f40707945,qwen3.8:27b,22130167c4c20e20c7b71454612966ca8e8171e9b3cc8ab6ce8aa6cbfec79643,0.33.2,off,16384,192.77
3hop1__226638_538202_84283|dropped_note|18,3hop1__226638_538202_84283,dropped_note,state,write_note,18,1,26,0.692,log,lossless,primary,0,0,0,18,18,1,1,state,state,,0,1,0,4059,149,11750,ba8b77f02b64574ea7e93ea62fa1fc123ccb9b7577129cf415e005a243f5b0a5,b31a06c3814c9df181e62d58161476226283328af5d12ee01bae65e5852454c6,qwen3.8:27b,22130167c4c20e20c7b71454612966ca8e8171e9b3cc8ab6ce8aa6cbfec79643,0.33.2,off,16384,53.28
3hop1__226638_538202_84283|dropped_note|18,3hop1__226638_538202_84283,dropped_note,state,write_note,18,1,26,0.692,diff,lossless,primary,0,0,0,18,18,1,1,state,state,,0,1,0,5255,169,15425,580493953bfd9de6d0b2d1d8a4f1e43ab9de066daab1e45d308f79bb0263f1ee,8479dd6bf8e330165dc6d9a6fc83602fccfdfcc81f171a49aa090b35af03a3a2,qwen3.8:27b,22130167c4c20e20c7b71454612966ca8e8171e9b3cc8ab6ce8aa6cbfec79643,0.33.2,off,16384,63.33
3hop1__226638_538202_84283|dropped_note|18,3hop1__226638_538202_84283,dropped_note,state,write_note,18,1,26,0.692,prov,lossless,primary,0,0,0,18,18,1,1,state,state,,0,1,0,5228,155,15052,168bfa490b87987c32e9abf27aba2b17c5b1e85904f1f25d9f267c0979b5b569,021a1b1835dcf71a615aae55d975bcd6c29af8692d556e9f04b8993c35e52357,qwen3.8:27b,22130167c4c20e20c7b71454612966ca8e8171e9b3cc8ab6ce8aa6cbfec79643,0.33.2,off,16384,63.53
3hop1__226638_538202_84283|no_source|18,3hop1__226638_538202_84283,no_source,evidence,write_note,18,1,26,0.692,log,lossless,primary,0,0,0,18,18,1,1,evidence,evidence,,1,1,0,4061,144,11784,ba8b77f02b64574ea7e93ea62fa1fc123ccb9b7577129cf415e005a243f5b0a5,5df2dc43ae3b6768e82a1e81ad2b6cd1c3101ca3f7e8a357912f0b9ab44ff6d7,qwen3.8:27b,22130167c4c20e20c7b71454612966ca8e8171e9b3cc8ab6ce8aa6cbfec79643,0.33.2,off,16384,24.6
3hop1__226638_538202_84283|no_source|18,3hop1__226638_538202_84283,no_source,evidence,write_note,18,1,26,0.692,diff,lossless,primary,0,0,0,18,18,1,1,evidence,evidence,,1,1,0,5286,134,15573,580493953bfd9de6d0b2d1d8a4f1e43ab9de066daab1e45d308f79bb0263f1ee,26fc3fc7ebbb501d554cbbc4c16f9a631931baccfba78dd8715b2db354ff9961,qwen3.8:27b,22130167c4c20e20c7b71454612966ca8e8171e9b3cc8ab6ce8aa6cbfec79643,0.33.2,off,16384,60.17
3hop1__226638_538202_84283|no_source|18,3hop1__226638_538202_84283,no_source,evidence,write_note,18,1,26,0.692,prov,lossless,primary,0,0,0,18,18,1,1,evidence,evidence,,0,1,0,5278,150,15242,168bfa490b87987c32e9abf27aba2b17c5b1e85904f1f25d9f267c0979b5b569,0a6a58ddda8ac91f57cabb85408043aa28057311b90415649459f170b4dfa3bf,qwen3.8:27b,22130167c4c20e20c7b71454612966ca8e8171e9b3cc8ab6ce8aa6cbfec79643,0.33.2,off,16384,61.12
3hop1__226638_538202_84283|overwritten_note|24,3hop1__226638_538202_84283,overwritten_note,state,write_note,24,2,26,0.923,log,lossless,primary,0,0,0,24,24,1,1,state,state,,0,1,0,4063,173,11792,ba8b77f02b64574ea7e93ea62fa1fc123ccb9b7577129cf415e005a243f5b0a5,36249fad21d2bc30fcd0dc166572719cb6e068f3a0f336749671f885966dcb60,qwen3.8:27b,22130167c4c20e20c7b71454612966ca8e8171e9b3cc8ab6ce8aa6cbfec79643,0.33.2,off,16384,28.64
3hop1__226638_538202_84283|overwritten_note|24,3hop1__226638_538202_84283,overwritten_note,state,write_note,24,2,26,0.923,diff,lossless,primary,0,0,0,24,24,1,1,state,state,,1,1,0,5301,155,15591,580493953bfd9de6d0b2d1d8a4f1e43ab9de066daab1e45d308f79bb0263f1ee,2e6437db48fb24ad375f31d81d69e734e29a40718a39efe1831f523a3bd4af96,qwen3.8:27b,22130167c4c20e20c7b71454612966ca8e8171e9b3cc8ab6ce8aa6cbfec79643,0.33.2,off,16384,61.42
3hop1__226638_538202_84283|overwritten_note|24,3hop1__226638_538202_84283,overwritten_note,state,write_note,24,2,26,0.923,prov,lossless,primary,0,0,0,24,24,1,1,state,state,,0,1,0,5294,201,15289,168bfa490b87987c32e9abf27aba2b17c5b1e85904f1f25d9f267c0979b5b569,f90a07d1e3865bb53eb0ea97d2be99050f87d806a5d3b5b7905e913b0e756d26,qwen3.8:27b,22130167c4c20e20c7b71454612966ca8e8171e9b3cc8ab6ce8aa6cbfec79643,0.33.2,off,16384,66.66
3hop1__226638_538202_84283|wrong_argument|22,3hop1__226638_538202_84283,wrong_argument,tool,read,22,2,32,0.688,log,lossless,primary,0,0,0,22,22,1,1,tool,tool,,0,1,0,4894,203,14506,ba8b77f02b64574ea7e93ea62fa1fc123ccb9b7577129cf415e005a243f5b0a5,3cda8bc59abadf79e1fa84b3a76af3a585c654ca4de34528bb69d74a64680bcc,qwen3.8:27b,22130167c4c20e20c7b71454612966ca8e8171e9b3cc8ab6ce8aa6cbfec79643,0.33.2,off,16384,36.59
3hop1__226638_538202_84283|wrong_argument|22,3hop1__226638_538202_84283,wrong_argument,tool,read,22,2,32,0.688,diff,lossless,primary,0,0,0,22,22,1,1,tool,tool,,0,1,0,6404,212,19115,580493953bfd9de6d0b2d1d8a4f1e43ab9de066daab1e45d308f79bb0263f1ee,1ea48d8b61f6443f51c2812455f820edf5458465116cbc70f6d8f176160ee64e,qwen3.8:27b,22130167c4c20e20c7b71454612966ca8e8171e9b3cc8ab6ce8aa6cbfec79643,0.33.2,off,16384,40.19
3hop1__226638_538202_84283|wrong_argument|22,3hop1__226638_538202_84283,wrong_argument,tool,read,22,2,32,0.688,prov,lossless,primary,0,0,0,22,22,1,1,tool,tool,,1,1,0,6424,182,18848,168bfa490b87987c32e9abf27aba2b17c5b1e85904f1f25d9f267c0979b5b569,ab43c8b2b757410bf466889163b4c38b53a0dc6386aaf161f240729d5e36be22,qwen3.8:27b,22130167c4c20e20c7b71454612966ca8e8171e9b3cc8ab6ce8aa6cbfec79643,0.33.2,off,16384,39.1
3hop1__226638_538202_84283|wrong_source|12,3hop1__226638_538202_84283,wrong_source,evidence,write_note,12,0,26,0.462,log,lossless,primary,0,0,0,12,12,1,1,evidence,evidence,,1,1,0,4063,213,11728,ba8b77f02b64574ea7e93ea62fa1fc123ccb9b7577129cf415e005a243f5b0a5,a257abc9c4ae20c2e52614bd21b2d14ba394093a08c8c23431208c5c97f9c92b,qwen3.8:27b,22130167c4c20e20c7b71454612966ca8e8171e9b3cc8ab6ce8aa6cbfec79643,0.33.2,off,16384,56.5
3hop1__226638_538202_84283|wrong_source|12,3hop1__226638_538202_84283,wrong_source,evidence,write_note,12,0,26,0.462,diff,lossless,primary,0,0,0,12,12,1,1,evidence,evidence,,0,1,0,5300,210,15527,580493953bfd9de6d0b2d1d8a4f1e43ab9de066daab1e45d308f79bb0263f1ee,5421569cc3ddf4eea03b9962e8d78fbb544f91ae76386333dbd6c2e3b56e9757,qwen3.8:27b,22130167c4c20e20c7b71454612966ca8e8171e9b3cc8ab6ce8aa6cbfec79643,0.33.2,off,16384,68.51
3hop1__226638_538202_84283|wrong_source|12,3hop1__226638_538202_84283,wrong_source,evidence,write_note,12,0,26,0.462,prov,lossless,primary,0,0,0,12,12,1,1,evidence,evidence,,0,1,0,5312,243,15258,168bfa490b87987c32e9abf27aba2b17c5b1e85904f1f25d9f267c0979b5b569,64294842cdc1f30749b3c0ee30c0ed3eb486d1c2acd0db2dc5e0eac1647dc11c,qwen3.8:27b,22130167c4c20e20c7b71454612966ca8e8171e9b3cc8ab6ce8aa6cbfec79643,0.33.2,off,16384,72.87
3hop2__326964_7721_7713|corrupted_output|10,3hop2__326964_7721_7713,corrupted_output,tool,read,10,1,38,0.263,log,lossless,primary,0,0,0,10,10,1,1,tool,tool,,0,1,0,6277,171,20803,ba8b77f02b64574ea7e93ea62fa1fc123ccb9b7577129cf415e005a243f5b0a5,6b161a4b7f918babeba7bdc6ad4f3b19baf2b7a89df5168fde66af76583f1b60,qwen3.8:27b,22130167c4c20e20c7b71454612966ca8e8171e9b3cc8ab6ce8aa6cbfec79643,0.33.2,off,16384,73.86
3hop2__326964_7721_7713|corrupted_output|10,3hop2__326964_7721_7713,corrupted_output,tool,read,10,1,38,0.263,diff,lossless,primary,0,0,0,10,10,1,1,tool,tool,,0,1,0,8024,172,26694,580493953bfd9de6d0b2d1d8a4f1e43ab9de066daab1e45d308f79bb0263f1ee,3412136e326fadee9ccba8c80517190e6e0eb41e9118e2b571dd70b3350e2a09,qwen3.8:27b,22130167c4c20e20c7b71454612966ca8e8171e9b3cc8ab6ce8aa6cbfec79643,0.33.2,off,16384,90.43
3hop2__326964_7721_7713|corrupted_output|10,3hop2__326964_7721_7713,corrupted_output,tool,read,10,1,38,0.263,prov,lossless,primary,0,0,0,10,10,1,1,tool,tool,,0,1,0,7764,239,25222,168bfa490b87987c32e9abf27aba2b17c5b1e85904f1f25d9f267c0979b5b569,89661823069b0adf367a45f0d65f42bdf087df98d1292a17bcb61df4b8751380,qwen3.8:27b,22130167c4c20e20c7b71454612966ca8e8171e9b3cc8ab6ce8aa6cbfec79643,0.33.2,off,16384,94.18
3hop2__326964_7721_7713|dropped_note|18,3hop2__326964_7721_7713,dropped_note,state,write_note,18,2,20,0.9,log,lossless,primary,0,0,0,18,18,1,1,state,state,,0,1,0,3508,204,10271,ba8b77f02b64574ea7e93ea62fa1fc123ccb9b7577129cf415e005a243f5b0a5,45aaf0842842dba4191f63ab36a4303db08cd252252320f9967077fac69e3d66,qwen3.8:27b,22130167c4c20e20c7b71454612966ca8e8171e9b3cc8ab6ce8aa6cbfec79643,0.33.2,off,16384,56.78
3hop2__326964_7721_7713|dropped_note|18,3hop2__326964_7721_7713,dropped_note,state,write_note,18,2,20,0.9,diff,lossless,primary,0,0,0,18,18,1,1,state,state,,0,1,0,4642,211,13972,580493953bfd9de6d0b2d1d8a4f1e43ab9de066daab1e45d308f79bb0263f1ee,ed07bc4a2d9f7ffcd857793fc2c7c99df311f79bfc843df21afa82bd95112651,qwen3.8:27b,22130167c4c20e20c7b71454612966ca8e8171e9b3cc8ab6ce8aa6cbfec79643,0.33.2,off,16384,63.21
3hop2__326964_7721_7713|dropped_note|18,3hop2__326964_7721_7713,dropped_note,state,write_note,18,2,20,0.9,prov,lossless,primary,0,0,0,18,18,1,1,state,state,,0,1,0,4379,142,12757,168bfa490b87987c32e9abf27aba2b17c5b1e85904f1f25d9f267c0979b5b569,7cf2351d80e2da205269cb7574f0ea9586266a5df401d51746a62b62b255d1b1,qwen3.8:27b,22130167c4c20e20c7b71454612966ca8e8171e9b3cc8ab6ce8aa6cbfec79643,0.33.2,off,16384,53.89
3hop2__326964_7721_7713|no_source|18,3hop2__326964_7721_7713,no_source,evidence,write_note,18,2,20,0.9,log,lossless,primary,0,0,0,18,18,1,1,evidence,evidence,,1,1,0,3515,150,10367,ba8b77f02b64574ea7e93ea62fa1fc123ccb9b7577129cf415e005a243f5b0a5,ec645873320da57bc6c4728faa739a0b0dd45049db7f77d62b2cc4396c1daaf9,qwen3.8:27b,22130167c4c20e20c7b71454612966ca8e8171e9b3cc8ab6ce8aa6cbfec79643,0.33.2,off,16384,27.46
3hop2__326964_7721_7713|no_source|18,3hop2__326964_7721_7713,no_source,evidence,write_note,18,2,20,0.9,diff,lossless,primary,0,0,0,18,18,1,1,evidence,evidence,,1,1,0,4689,154,14209,580493953bfd9de6d0b2d1d8a4f1e43ab9de066daab1e45d308f79bb0263f1ee,502c4a76b341a378e69985dda3bc9f8d3b9ace870060b4730ba044fd63b4928d,qwen3.8:27b,22130167c4c20e20c7b71454612966ca8e8171e9b3cc8ab6ce8aa6cbfec79643,0.33.2,off,16384,28.15
3hop2__326964_7721_7713|no_source|18,3hop2__326964_7721_7713,no_source,evidence,write_note,18,2,20,0.9,prov,lossless,primary,0,0,0,18,18,1,1,evidence,evidence,,0,1,0,4482,177,13131,168bfa490b87987c32e9abf27aba2b17c5b1e85904f1f25d9f267c0979b5b569,1eb9748eeee25539f410ddd0c1ba46397e71e2c9a51a681f2c8bcd9595a0b752,qwen3.8:27b,22130167c4c20e20c7b71454612966ca8e8171e9b3cc8ab6ce8aa6cbfec79643,0.33.2,off,16384,29.93
3hop2__326964_7721_7713|overwritten_note|12,3hop2__326964_7721_7713,overwritten_note,state,write_note,12,0,20,0.6,log,lossless,primary,0,0,0,12,12,1,1,state,state,,1,1,0,3540,150,10346,ba8b77f02b64574ea7e93ea62fa1fc123ccb9b7577129cf415e005a243f5b0a5,0778f01057e5521a82d61e1b4441ecb8284eb573bae19548ea9908075965f8aa,qwen3.8:27b,22130167c4c20e20c7b71454612966ca8e8171e9b3cc8ab6ce8aa6cbfec79643,0.33.2,off,16384,45.7
3hop2__326964_7721_7713|overwritten_note|12,3hop2__326964_7721_7713,overwritten_note,state,write_note,12,0,20,0.6,diff,lossless,primary,0,0,0,12,12,1,1,state,state,,1,1,0,4726,213,14198,580493953bfd9de6d0b2d1d8a4f1e43ab9de066daab1e45d308f79bb0263f1ee,2d7dd159c8ff43793849f73c117229ec36cc4e421a73ebf0937067f20b008c07,qwen3.8:27b,22130167c4c20e20c7b71454612966ca8e8171e9b3cc8ab6ce8aa6cbfec79643,0.33.2,off,16384,64.67
3hop2__326964_7721_7713|overwritten_note|12,3hop2__326964_7721_7713,overwritten_note,state,write_note,12,0,20,0.6,prov,lossless,primary,0,0,0,12,12,1,1,state,state,,1,1,0,4548,179,13220,168bfa490b87987c32e9abf27aba2b17c5b1e85904f1f25d9f267c0979b5b569,d073391fa34ca09e447db62ea32c2e6b8009d2dd18c884f50693f931baab2f7d,qwen3.8:27b,22130167c4c20e20c7b71454612966ca8e8171e9b3cc8ab6ce8aa6cbfec79643,0.33.2,off,16384,58.51
3hop2__326964_7721_7713|wrong_argument|8,3hop2__326964_7721_7713,wrong_argument,tool,search,8,0,38,0.211,log,lossless,primary,0,0,0,8,8,1,1,tool,tool,,0,1,0,6462,188,20967,ba8b77f02b64574ea7e93ea62fa1fc123ccb9b7577129cf415e005a243f5b0a5,31122199b92961fe26efe4ee7239b4fb493d62fd1632eb1d736aef0ed46a4161,qwen3.8:27b,22130167c4c20e20c7b71454612966ca8e8171e9b3cc8ab6ce8aa6cbfec79643,0.33.2,off,16384,76.64
3hop2__326964_7721_7713|wrong_argument|8,3hop2__326964_7721_7713,wrong_argument,tool,search,8,0,38,0.211,diff,lossless,primary,0,0,0,8,8,1,1,tool,tool,,0,1,0,8502,204,27761,580493953bfd9de6d0b2d1d8a4f1e43ab9de066daab1e45d308f79bb0263f1ee,84c4b4a466c556af3ce781ab7d398744178499aa8dee7317056f22e6184e7df2,qwen3.8:27b,22130167c4c20e20c7b71454612966ca8e8171e9b3cc8ab6ce8aa6cbfec79643,0.33.2,off,16384,97.12
3hop2__326964_7721_7713|wrong_argument|8,3hop2__326964_7721_7713,wrong_argument,tool,search,8,0,38,0.211,prov,lossless,primary,0,0,0,8,8,1,1,tool,tool,,1,1,0,8068,177,25642,168bfa490b87987c32e9abf27aba2b17c5b1e85904f1f25d9f267c0979b5b569,5674d822e7a72576f359785495d2a67a8bdd75ee69a2dc6093fbdd5d5027420c,qwen3.8:27b,22130167c4c20e20c7b71454612966ca8e8171e9b3cc8ab6ce8aa6cbfec79643,0.33.2,off,16384,90.51
3hop2__326964_7721_7713|wrong_source|18,3hop2__326964_7721_7713,wrong_source,evidence,write_note,18,2,20,0.9,log,lossless,primary,0,0,0,18,18,1,1,evidence,evidence,,1,1,0,3536,202,10387,ba8b77f02b64574ea7e93ea62fa1fc123ccb9b7577129cf415e005a243f5b0a5,41a1107d391e9576f3c8cc0bd3497b30942890fb86fc3c593e547fab4468423e,qwen3.8:27b,22130167c4c20e20c7b71454612966ca8e8171e9b3cc8ab6ce8aa6cbfec79643,0.33.2,off,16384,52.12
3hop2__326964_7721_7713|wrong_source|18,3hop2__326964_7721_7713,wrong_source,evidence,write_note,18,2,20,0.9,diff,lossless,primary,0,0,0,18,18,1,1,evidence,evidence,,0,1,0,4720,244,14239,580493953bfd9de6d0b2d1d8a4f1e43ab9de066daab1e45d308f79bb0263f1ee,fa280ff76a6438af09dc5f5d0edfdac083c7ba7edb2d685346a451db46f34abb,qwen3.8:27b,22130167c4c20e20c7b71454612966ca8e8171e9b3cc8ab6ce8aa6cbfec79643,0.33.2,off,16384,66.39
3hop2__326964_7721_7713|wrong_source|18,3hop2__326964_7721_7713,wrong_source,evidence,write_note,18,2,20,0.9,prov,lossless,primary,0,0,0,18,18,1,1,evidence,evidence,,0,1,0,4539,186,13237,168bfa490b87987c32e9abf27aba2b17c5b1e85904f1f25d9f267c0979b5b569,109e4c24bdddc974f74788ce93775a70c3790ca357c547d5317e1835cf75242e,qwen3.8:27b,22130167c4c20e20c7b71454612966ca8e8171e9b3cc8ab6ce8aa6cbfec79643,0.33.2,off,16384,58.76
3hop1__354480_834494_34099|corrupted_output|8,3hop1__354480_834494_34099,corrupted_output,tool,search,8,2,38,0.211,log,lossless,primary,0,0,0,,8,0,0,none,tool,,0,1,0,4970,147,15955,ba8b77f02b64574ea7e93ea62fa1fc123ccb9b7577129cf415e005a243f5b0a5,caf26ea2c637ecf08b902243c7b03a921d71e94722356e1f04912108da8f9c2a,qwen3.8:27b,22130167c4c20e20c7b71454612966ca8e8171e9b3cc8ab6ce8aa6cbfec79643,0.33.2,off,16384,64.3
3hop1__354480_834494_34099|corrupted_output|8,3hop1__354480_834494_34099,corrupted_output,tool,search,8,2,38,0.211,diff,lossless,primary,0,0,0,10,8,0,1,tool,tool,,0,1,0,6189,170,19510,580493953bfd9de6d0b2d1d8a4f1e43ab9de066daab1e45d308f79bb0263f1ee,9ba73da893a6d8225b3dc29bd48accc192a906e0b9b9dc75cf41ecea718b9564,qwen3.8:27b,22130167c4c20e20c7b71454612966ca8e8171e9b3cc8ab6ce8aa6cbfec79643,0.33.2,off,16384,73.69
3hop1__354480_834494_34099|corrupted_output|8,3hop1__354480_834494_34099,corrupted_output,tool,search,8,2,38,0.211,prov,lossless,primary,0,0,0,,8,0,0,none,tool,,0,1,0,6295,201,19883,168bfa490b87987c32e9abf27aba2b17c5b1e85904f1f25d9f267c0979b5b569,79963d18728cce2589f5f6bb9e778d0acb8c9040b6f427f98c9373c96ca29cbd,qwen3.8:27b,22130167c4c20e20c7b71454612966ca8e8171e9b3cc8ab6ce8aa6cbfec79643,0.33.2,off,16384,78.89
3hop1__354480_834494_34099|dropped_note|6,3hop1__354480_834494_34099,dropped_note,state,write_note,6,0,14,0.429,log,lossless,primary,0,0,0,10,6,0,0,tool,state,,0,1,0,2384,217,6552,ba8b77f02b64574ea7e93ea62fa1fc123ccb9b7577129cf415e005a243f5b0a5,92cdb92f1bf8e6ee8b951c45910b33073e0a47581cc5e2c2513d306edb3a4b55,qwen3.8:27b,22130167c4c20e20c7b71454612966ca8e8171e9b3cc8ab6ce8aa6cbfec79643,0.33.2,off,16384,44.48
3hop1__354480_834494_34099|dropped_note|6,3hop1__354480_834494_34099,dropped_note,state,write_note,6,0,14,0.429,diff,lossless,primary,0,0,0,6,6,1,1,state,state,,0,1,0,3000,194,8560,580493953bfd9de6d0b2d1d8a4f1e43ab9de066daab1e45d308f79bb0263f1ee,7905656ffc10cfd7185db6369fdd4399405d3b32db340a7e8c53fbecfe472729,qwen3.8:27b,22130167c4c20e20c7b71454612966ca8e8171e9b3cc8ab6ce8aa6cbfec79643,0.33.2,off,16384,49.11
3hop1__354480_834494_34099|dropped_note|6,3hop1__354480_834494_34099,dropped_note,state,write_note,6,0,14,0.429,prov,lossless,primary,0,0,0,6,6,1,1,state,state,,0,1,0,3004,504,8366,168bfa490b87987c32e9abf27aba2b17c5b1e85904f1f25d9f267c0979b5b569,d6755a68b5d6e0fb401ca2f537f9cbf7b583b96f0a341a743b443058b20361cd,qwen3.8:27b,22130167c4c20e20c7b71454612966ca8e8171e9b3cc8ab6ce8aa6cbfec79643,0.33.2,off,16384,88.2
3hop1__354480_834494_34099|no_source|6,3hop1__354480_834494_34099,no_source,evidence,write_note,6,0,18,0.333,log,lossless,primary,0,0,0,6,6,1,1,evidence,evidence,,1,1,0,2916,419,8534,ba8b77f02b64574ea7e93ea62fa1fc123ccb9b7577129cf415e005a243f5b0a5,34362b214b9ec18b2af9518659b1ba6bdad6262e0dc37b49e61ea5269864ac5a,qwen3.8:27b,22130167c4c20e20c7b71454612966ca8e8171e9b3cc8ab6ce8aa6cbfec79643,0.33.2,off,16384,75.24
3hop1__354480_834494_34099|no_source|6,3hop1__354480_834494_34099,no_source,evidence,write_note,6,0,18,0.333,diff,lossless,primary,0,0,0,,6,0,0,none,evidence,,0,1,0,3649,260,10870,580493953bfd9de6d0b2d1d8a4f1e43ab9de066daab1e45d308f79bb0263f1ee,7a3a6b5847eb70f18391b0c978d002e86cb53c4b0e778654a1a1484b832a7ff6,qwen3.8:27b,22130167c4c20e20c7b71454612966ca8e8171e9b3cc8ab6ce8aa6cbfec79643,0.33.2,off,16384,65.6
3hop1__354480_834494_34099|no_source|6,3hop1__354480_834494_34099,no_source,evidence,write_note,6,0,18,0.333,prov,lossless,primary,0,0,0,6,6,1,1,evidence,evidence,,0,1,0,3690,158,10829,168bfa490b87987c32e9abf27aba2b17c5b1e85904f1f25d9f267c0979b5b569,e2312ba7b1e146d5d07f11dcd169469faf9f59d058c94c22bbb8c1a51352c831,qwen3.8:27b,22130167c4c20e20c7b71454612966ca8e8171e9b3cc8ab6ce8aa6cbfec79643,0.33.2,off,16384,52.14
3hop1__354480_834494_34099|overwritten_note|12,3hop1__354480_834494_34099,overwritten_note,state,write_note,12,1,14,0.857,log,lossless,primary,0,0,0,12,12,1,1,state,state,,1,1,0,2383,142,6587,ba8b77f02b64574ea7e93ea62fa1fc123ccb9b7577129cf415e005a243f5b0a5,66f06330abd6d7f57bb8964bbff2561d2821548aa9dd3fcf07ee0569cc5a174d,qwen3.8:27b,22130167c4c20e20c7b71454612966ca8e8171e9b3cc8ab6ce8aa6cbfec79643,0.33.2,off,16384,35.37
3hop1__354480_834494_34099|overwritten_note|12,3hop1__354480_834494_34099,overwritten_note,state,write_note,12,1,14,0.857,diff,lossless,primary,0,0,0,12,12,1,1,state,state,,1,1,0,3040,166,8717,580493953bfd9de6d0b2d1d8a4f1e43ab9de066daab1e45d308f79bb0263f1ee,ecc22f11c7b9ad3cfbec183c01102da1f26216dec783e41559f086516001b7ad,qwen3.8:27b,22130167c4c20e20c7b71454612966ca8e8171e9b3cc8ab6ce8aa6cbfec79643,0.33.2,off,16384,41.69
3hop1__354480_834494_34099|overwritten_note|12,3hop1__354480_834494_34099,overwritten_note,state,write_note,12,1,14,0.857,prov,lossless,primary,0,0,0,12,12,1,1,state,state,,1,1,0,3047,177,8554,168bfa490b87987c32e9abf27aba2b17c5b1e85904f1f25d9f267c0979b5b569,7e7ddb1c62f4d3b30f9bb17b7acdfe744608c0c99de7dfbe3c147263055b24de,qwen3.8:27b,22130167c4c20e20c7b71454612966ca8e8171e9b3cc8ab6ce8aa6cbfec79643,0.33.2,off,16384,44.0
3hop1__354480_834494_34099|wrong_argument|10,3hop1__354480_834494_34099,wrong_argument,tool,read,10,2,38,0.263,log,lossless,primary,0,0,0,10,10,1,1,tool,tool,,0,1,0,3651,186,11109,ba8b77f02b64574ea7e93ea62fa1fc123ccb9b7577129cf415e005a243f5b0a5,9661a9327877f8bc95e94837a540ab1deafbd99e8790f24379e99de75649b89a,qwen3.8:27b,22130167c4c20e20c7b71454612966ca8e8171e9b3cc8ab6ce8aa6cbfec79643,0.33.2,off,16384,41.26
3hop1__354480_834494_34099|wrong_argument|10,3hop1__354480_834494_34099,wrong_argument,tool,read,10,2,38,0.263,diff,lossless,primary,0,0,0,10,10,1,1,tool,tool,,0,1,0,4741,180,14167,580493953bfd9de6d0b2d1d8a4f1e43ab9de066daab1e45d308f79bb0263f1ee,ddd656e38c9488a01f289f249b23838369e57f0186770d01631917e712ce7d2b,qwen3.8:27b,22130167c4c20e20c7b71454612966ca8e8171e9b3cc8ab6ce8aa6cbfec79643,0.33.2,off,16384,41.08
3hop1__354480_834494_34099|wrong_argument|10,3hop1__354480_834494_34099,wrong_argument,tool,read,10,2,38,0.263,prov,lossless,primary,0,0,0,10,10,1,1,tool,tool,,1,1,0,4870,179,14645,168bfa490b87987c32e9abf27aba2b17c5b1e85904f1f25d9f267c0979b5b569,a6d291dcbe54552962ae353aa5b152c0b26c520e0d89eee5941a308b1bf8d8a9,qwen3.8:27b,22130167c4c20e20c7b71454612966ca8e8171e9b3cc8ab6ce8aa6cbfec79643,0.33.2,off,16384,43.69
3hop1__354480_834494_34099|wrong_source|12,3hop1__354480_834494_34099,wrong_source,evidence,write_note,12,1,38,0.316,log,lossless,primary,0,0,0,12,12,1,1,evidence,evidence,,1,1,0,6062,243,20048,ba8b77f02b64574ea7e93ea62fa1fc123ccb9b7577129cf415e005a243f5b0a5,cad7c03b7158a13f5d2314290ef045b35c1ace62587faaffbc85608f4c955d66,qwen3.8:27b,22130167c4c20e20c7b71454612966ca8e8171e9b3cc8ab6ce8aa6cbfec79643,0.33.2,off,16384,65.27
3hop1__354480_834494_34099|wrong_source|12,3hop1__354480_834494_34099,wrong_source,evidence,write_note,12,1,38,0.316,diff,lossless,primary,0,0,0,12,12,1,1,evidence,evidence,,0,1,0,7279,198,23597,580493953bfd9de6d0b2d1d8a4f1e43ab9de066daab1e45d308f79bb0263f1ee,f4e4c4d33320f6b3128defbd277075675d2469fa485173b834199c543d68ca1e,qwen3.8:27b,22130167c4c20e20c7b71454612966ca8e8171e9b3cc8ab6ce8aa6cbfec79643,0.33.2,off,16384,66.89
3hop1__354480_834494_34099|wrong_source|12,3hop1__354480_834494_34099,wrong_source,evidence,write_note,12,1,38,0.316,prov,lossless,primary,0,0,0,12,12,1,1,evidence,evidence,,0,1,0,7418,191,24160,168bfa490b87987c32e9abf27aba2b17c5b1e85904f1f25d9f267c0979b5b569,56d41f536fd8371f70ab1c221dc56366e66698b58a26e0c17dd800ce919cd733,qwen3.8:27b,22130167c4c20e20c7b71454612966ca8e8171e9b3cc8ab6ce8aa6cbfec79643,0.33.2,off,16384,66.69
3hop2__569322_467331_162182|corrupted_output|4,3hop2__569322_467331_162182,corrupted_output,tool,read,4,0,28,0.143,log,lossless,primary,0,0,0,4,4,1,1,tool,tool,,0,1,0,4353,162,13462,ba8b77f02b64574ea7e93ea62fa1fc123ccb9b7577129cf415e005a243f5b0a5,3cd3cb56fee75a63be4ce2962b6959ae84ca99c6ce6bc009b3d88fa52f7949ae,qwen3.8:27b,22130167c4c20e20c7b71454612966ca8e8171e9b3cc8ab6ce8aa6cbfec79643,0.33.2,off,16384,54.66
3hop2__569322_467331_162182|corrupted_output|4,3hop2__569322_467331_162182,corrupted_output,tool,read,4,0,28,0.143,diff,lossless,primary,0,0,0,4,4,1,1,tool,tool,,0,1,0,5656,194,17824,580493953bfd9de6d0b2d1d8a4f1e43ab9de066daab1e45d308f79bb0263f1ee,bd7d1e5d8f08785a434da4ffb04687933fb92c9e9fccea41e5811357a3a6f089,qwen3.8:27b,22130167c4c20e20c7b71454612966ca8e8171e9b3cc8ab6ce8aa6cbfec79643,0.33.2,off,16384,68.26
3hop2__569322_467331_162182|corrupted_output|4,3hop2__569322_467331_162182,corrupted_output,tool,read,4,0,28,0.143,prov,lossless,primary,0,0,0,4,4,1,1,tool,tool,,0,1,0,5679,248,17204,168bfa490b87987c32e9abf27aba2b17c5b1e85904f1f25d9f267c0979b5b569,6c1bd07afde192df3cebe8d216467ea23e827855cc6a39f1440dd4926478dafe,qwen3.8:27b,22130167c4c20e20c7b71454612966ca8e8171e9b3cc8ab6ce8aa6cbfec79643,0.33.2,off,16384,75.5
3hop2__569322_467331_162182|dropped_note|12,3hop2__569322_467331_162182,dropped_note,state,write_note,12,1,20,0.6,log,lossless,primary,0,0,0,,12,0,0,none,state,,0,1,0,3290,128,9622,ba8b77f02b64574ea7e93ea62fa1fc123ccb9b7577129cf415e005a243f5b0a5,c8320a3578e6b590720949b9f3fe3e9d1ecf76c8bd36dd186ed69a76ed7a7083,qwen3.8:27b,22130167c4c20e20c7b71454612966ca8e8171e9b3cc8ab6ce8aa6cbfec79643,0.33.2,off,16384,45.01
3hop2__569322_467331_162182|dropped_note|12,3hop2__569322_467331_162182,dropped_note,state,write_note,12,1,20,0.6,diff,lossless,primary,0,0,0,12,12,1,1,state,state,,0,1,0,4194,180,12605,580493953bfd9de6d0b2d1d8a4f1e43ab9de066daab1e45d308f79bb0263f1ee,58f763105d92ea7c650b6432a5a9961d0fbec746c91b49cf04d8fee00b804474,qwen3.8:27b,22130167c4c20e20c7b71454612966ca8e8171e9b3cc8ab6ce8aa6cbfec79643,0.33.2,off,16384,56.95
3hop2__569322_467331_162182|dropped_note|12,3hop2__569322_467331_162182,dropped_note,state,write_note,12,1,20,0.6,prov,lossless,primary,0,0,0,12,12,1,1,state,state,,0,1,0,4225,191,12238,168bfa490b87987c32e9abf27aba2b17c5b1e85904f1f25d9f267c0979b5b569,ff80f2cdcff62c79ecdbfa981af029b49163689ed4e725ab9e44e0ee5fa8be17,qwen3.8:27b,22130167c4c20e20c7b71454612966ca8e8171e9b3cc8ab6ce8aa6cbfec79643,0.33.2,off,16384,60.3
3hop2__569322_467331_162182|no_source|12,3hop2__569322_467331_162182,no_source,evidence,write_note,12,1,20,0.6,log,lossless,primary,0,0,0,12,12,1,1,evidence,evidence,,1,1,0,3290,175,9615,ba8b77f02b64574ea7e93ea62fa1fc123ccb9b7577129cf415e005a243f5b0a5,f8ca40b4e4405385e81e7ad5b7afea3557a46b345d3dc7c8ca52b44059c4f48d,qwen3.8:27b,22130167c4c20e20c7b71454612966ca8e8171e9b3cc8ab6ce8aa6cbfec79643,0.33.2,off,16384,27.91
3hop2__569322_467331_162182|no_source|12,3hop2__569322_467331_162182,no_source,evidence,write_note,12,1,20,0.6,diff,lossless,primary,0,0,0,12,12,1,1,evidence,evidence,,1,1,0,4224,140,12695,580493953bfd9de6d0b2d1d8a4f1e43ab9de066daab1e45d308f79bb0263f1ee,f9d43fda334c9a160196ea2ad3108ede213fa029f72a4e6fc6bb25ab97734ece,qwen3.8:27b,22130167c4c20e20c7b71454612966ca8e8171e9b3cc8ab6ce8aa6cbfec79643,0.33.2,off,16384,51.9
3hop2__569322_467331_162182|no_source|12,3hop2__569322_467331_162182,no_source,evidence,write_note,12,1,20,0.6,prov,lossless,primary,0,0,0,12,12,1,1,evidence,evidence,,0,1,0,4306,140,12424,168bfa490b87987c32e9abf27aba2b17c5b1e85904f1f25d9f267c0979b5b569,7ac712dac6a24df2f585a949a7bb7dfa25a803db11657c48f3253d78eef0d978,qwen3.8:27b,22130167c4c20e20c7b71454612966ca8e8171e9b3cc8ab6ce8aa6cbfec79643,0.33.2,off,16384,52.65
3hop2__569322_467331_162182|overwritten_note|18,3hop2__569322_467331_162182,overwritten_note,state,write_note,18,2,20,0.9,log,lossless,primary,0,0,0,18,18,1,1,state,state,,1,1,0,3296,163,9693,ba8b77f02b64574ea7e93ea62fa1fc123ccb9b7577129cf415e005a243f5b0a5,9a9bed2ba23d6f92ea6a074497a42923117470b54a42f8489a83a5bf701c6adf,qwen3.8:27b,22130167c4c20e20c7b71454612966ca8e8171e9b3cc8ab6ce8aa6cbfec79643,0.33.2,off,16384,27.36
3hop2__569322_467331_162182|overwritten_note|18,3hop2__569322_467331_162182,overwritten_note,state,write_note,18,2,20,0.9,diff,lossless,primary,0,0,0,18,18,1,1,state,state,,1,1,0,4244,189,12791,580493953bfd9de6d0b2d1d8a4f1e43ab9de066daab1e45d308f79bb0263f1ee,0bb7c0f7e7a7f527df7550c62b2a748e0a6fbdeddccbde531ac86aba40a45c02,qwen3.8:27b,22130167c4c20e20c7b71454612966ca8e8171e9b3cc8ab6ce8aa6cbfec79643,0.33.2,off,16384,56.94
3hop2__569322_467331_162182|overwritten_note|18,3hop2__569322_467331_162182,overwritten_note,state,write_note,18,2,20,0.9,prov,lossless,primary,0,0,0,18,18,1,1,state,state,,0,1,0,4355,192,12605,168bfa490b87987c32e9abf27aba2b17c5b1e85904f1f25d9f267c0979b5b569,eb8289e10a674121f7afa4debe6187202e37d2702c1a7072d003da57973808ae,qwen3.8:27b,22130167c4c20e20c7b71454612966ca8e8171e9b3cc8ab6ce8aa6cbfec79643,0.33.2,off,16384,57.14
3hop2__569322_467331_162182|wrong_argument|14,3hop2__569322_467331_162182,wrong_argument,tool,search,14,2,24,0.583,log,lossless,primary,0,0,0,14,14,1,1,tool,tool,,0,1,0,3881,198,11713,ba8b77f02b64574ea7e93ea62fa1fc123ccb9b7577129cf415e005a243f5b0a5,70f869c880c12018c9d23d696aa0a5fe533ae191a7f9ffa7d91fc73a9b562017,qwen3.8:27b,22130167c4c20e20c7b71454612966ca8e8171e9b3cc8ab6ce8aa6cbfec79643,0.33.2,off,16384,38.29
3hop2__569322_467331_162182|wrong_argument|14,3hop2__569322_467331_162182,wrong_argument,tool,search,14,2,24,0.583,diff,lossless,primary,0,0,0,14,14,1,1,tool,tool,,1,1,0,4923,168,15051,580493953bfd9de6d0b2d1d8a4f1e43ab9de066daab1e45d308f79bb0263f1ee,7009059751e27873aae399033167cc99e5fdea5ff3dd7dc67da4bace38957ae1,qwen3.8:27b,22130167c4c20e20c7b71454612966ca8e8171e9b3cc8ab6ce8aa6cbfec79643,0.33.2,off,16384,59.71
3hop2__569322_467331_162182|wrong_argument|14,3hop2__569322_467331_162182,wrong_argument,tool,search,14,2,24,0.583,prov,lossless,primary,0,0,0,14,14,1,1,tool,tool,,1,1,0,5065,190,14987,168bfa490b87987c32e9abf27aba2b17c5b1e85904f1f25d9f267c0979b5b569,c74f3926913cd7f723f45a0b5530fb29097caab72944e9aae1e0ec314b9db205,qwen3.8:27b,22130167c4c20e20c7b71454612966ca8e8171e9b3cc8ab6ce8aa6cbfec79643,0.33.2,off,16384,67.21
3hop2__569322_467331_162182|wrong_source|12,3hop2__569322_467331_162182,wrong_source,evidence,write_note,12,0,20,0.6,log,lossless,primary,0,0,0,12,12,1,1,evidence,evidence,,1,1,0,3321,240,9754,ba8b77f02b64574ea7e93ea62fa1fc123ccb9b7577129cf415e005a243f5b0a5,5a4e35ae25a861863f4dd94efe89cb4f3ec86fc8e50bb3284721ccd52d6d01dc,qwen3.8:27b,22130167c4c20e20c7b71454612966ca8e8171e9b3cc8ab6ce8aa6cbfec79643,0.33.2,off,16384,32.93
3hop2__569322_467331_162182|wrong_source|12,3hop2__569322_467331_162182,wrong_source,evidence,write_note,12,0,20,0.6,diff,lossless,primary,0,0,0,12,12,1,1,evidence,evidence,,0,1,0,4267,224,12852,580493953bfd9de6d0b2d1d8a4f1e43ab9de066daab1e45d308f79bb0263f1ee,d0c0ad6200987b423ab68c8d5a45672778f9ec9aa7cf000339c25ffa6b708211,qwen3.8:27b,22130167c4c20e20c7b71454612966ca8e8171e9b3cc8ab6ce8aa6cbfec79643,0.33.2,off,16384,60.53
3hop2__569322_467331_162182|wrong_source|12,3hop2__569322_467331_162182,wrong_source,evidence,write_note,12,0,20,0.6,prov,lossless,primary,0,0,0,12,12,1,1,evidence,evidence,,0,1,0,4385,167,12670,168bfa490b87987c32e9abf27aba2b17c5b1e85904f1f25d9f267c0979b5b569,a3beca0b2401de8383f661057cf97faa99728f95f411ee931be1db925b75dffa,qwen3.8:27b,22130167c4c20e20c7b71454612966ca8e8171e9b3cc8ab6ce8aa6cbfec79643,0.33.2,off,16384,53.89
3hop1__622497_160088_821792|corrupted_output|8,3hop1__622497_160088_821792,corrupted_output,tool,search,8,1,26,0.308,log,lossless,primary,0,0,0,,8,0,0,none,tool,,0,1,0,4007,120,11638,ba8b77f02b64574ea7e93ea62fa1fc123ccb9b7577129cf415e005a243f5b0a5,6435d640c2e75d5214741598e71399a00b8a1ce7bd8f8c583ace6a2eda60e8ae,qwen3.8:27b,22130167c4c20e20c7b71454612966ca8e8171e9b3cc8ab6ce8aa6cbfec79643,0.33.2,off,16384,49.71
3hop1__622497_160088_821792|corrupted_output|8,3hop1__622497_160088_821792,corrupted_output,tool,search,8,1,26,0.308,diff,lossless,primary,0,0,0,,8,0,0,none,tool,,0,1,0,5294,114,15556,580493953bfd9de6d0b2d1d8a4f1e43ab9de066daab1e45d308f79bb0263f1ee,311689eeaaa094dba6dbaaf68e7ac1824fc90e31bf9b4ff1636166e4bfe8b212,qwen3.8:27b,22130167c4c20e20c7b71454612966ca8e8171e9b3cc8ab6ce8aa6cbfec79643,0.33.2,off,16384,60.1
3hop1__622497_160088_821792|corrupted_output|8,3hop1__622497_160088_821792,corrupted_output,tool,search,8,1,26,0.308,prov,lossless,primary,0,0,0,,8,0,0,none,tool,,0,1,0,5264,125,15255,168bfa490b87987c32e9abf27aba2b17c5b1e85904f1f25d9f267c0979b5b569,9c40ee291e5ddc0684aeda7ac3f09716870cc87a22719a81979a42ea29733e60,qwen3.8:27b,22130167c4c20e20c7b71454612966ca8e8171e9b3cc8ab6ce8aa6cbfec79643,0.33.2,off,16384,60.66
3hop1__622497_160088_821792|dropped_note|18,3hop1__622497_160088_821792,dropped_note,state,write_note,18,2,20,0.9,log,lossless,primary,0,0,0,18,18,1,1,state,state,,0,1,0,3139,170,8578,ba8b77f02b64574ea7e93ea62fa1fc123ccb9b7577129cf415e005a243f5b0a5,c3ae128cffa64e04bffe9b59e0eb4d72c2e2fe1917c7ed9a26e0f8ffc512e615,qwen3.8:27b,22130167c4c20e20c7b71454612966ca8e8171e9b3cc8ab6ce8aa6cbfec79643,0.33.2,off,16384,48.37
3hop1__622497_160088_821792|dropped_note|18,3hop1__622497_160088_821792,dropped_note,state,write_note,18,2,20,0.9,diff,lossless,primary,0,0,0,18,18,1,1,state,state,,0,1,0,4122,176,11578,580493953bfd9de6d0b2d1d8a4f1e43ab9de066daab1e45d308f79bb0263f1ee,8bf047c9a3b9e696f5242c0961f1392978667c35ef4f84b2369a806c78caa088,qwen3.8:27b,22130167c4c20e20c7b71454612966ca8e8171e9b3cc8ab6ce8aa6cbfec79643,0.33.2,off,16384,54.02
3hop1__622497_160088_821792|dropped_note|18,3hop1__622497_160088_821792,dropped_note,state,write_note,18,2,20,0.9,prov,lossless,primary,0,0,0,18,18,1,1,state,state,,0,1,0,3996,161,11060,168bfa490b87987c32e9abf27aba2b17c5b1e85904f1f25d9f267c0979b5b569,f4293af00d8a088c3cdb5ce678aced98b12a107b547dd056c3c85346292b52f3,qwen3.8:27b,22130167c4c20e20c7b71454612966ca8e8171e9b3cc8ab6ce8aa6cbfec79643,0.33.2,off,16384,54.13
3hop1__622497_160088_821792|no_source|18,3hop1__622497_160088_821792,no_source,evidence,write_note,18,2,20,0.9,log,lossless,primary,0,0,0,18,18,1,1,evidence,evidence,,1,1,0,3134,148,8602,ba8b77f02b64574ea7e93ea62fa1fc123ccb9b7577129cf415e005a243f5b0a5,cc1e57b3576d7d94c273642791cb6030c762cc7299a882d2f38a5f10a61c7e5a,qwen3.8:27b,22130167c4c20e20c7b71454612966ca8e8171e9b3cc8ab6ce8aa6cbfec79643,0.33.2,off,16384,26.53
3hop1__622497_160088_821792|no_source|18,3hop1__622497_160088_821792,no_source,evidence,write_note,18,2,20,0.9,diff,lossless,primary,0,0,0,18,18,1,1,evidence,evidence,,1,1,0,4142,142,11691,580493953bfd9de6d0b2d1d8a4f1e43ab9de066daab1e45d308f79bb0263f1ee,e167a312ebc7c9565ee6c8e2d9cc98387bc1d98bfbf665321abd7fad7e224ae5,qwen3.8:27b,22130167c4c20e20c7b71454612966ca8e8171e9b3cc8ab6ce8aa6cbfec79643,0.33.2,off,16384,26.2
3hop1__622497_160088_821792|no_source|18,3hop1__622497_160088_821792,no_source,evidence,write_note,18,2,20,0.9,prov,lossless,primary,0,0,0,18,18,1,1,evidence,evidence,,0,1,0,4058,140,11271,168bfa490b87987c32e9abf27aba2b17c5b1e85904f1f25d9f267c0979b5b569,26d954179422ed49a97b32a9d5abf8c9ca6c9c01395fda6a153c16c9263b6b98,qwen3.8:27b,22130167c4c20e20c7b71454612966ca8e8171e9b3cc8ab6ce8aa6cbfec79643,0.33.2,off,16384,24.76
3hop1__622497_160088_821792|overwritten_note|12,3hop1__622497_160088_821792,overwritten_note,state,write_note,12,0,20,0.6,log,lossless,primary,0,0,0,12,12,1,1,state,state,,0,1,0,3163,169,8629,ba8b77f02b64574ea7e93ea62fa1fc123ccb9b7577129cf415e005a243f5b0a5,ca40f2209fe4a3e46ed20cfa66ed2f93352b718974898c830de8baae44632aed,qwen3.8:27b,22130167c4c20e20c7b71454612966ca8e8171e9b3cc8ab6ce8aa6cbfec79643,0.33.2,off,16384,27.3
3hop1__622497_160088_821792|overwritten_note|12,3hop1__622497_160088_821792,overwritten_note,state,write_note,12,0,20,0.6,diff,lossless,primary,0,0,0,12,12,1,1,state,state,,1,1,0,4190,192,11753,580493953bfd9de6d0b2d1d8a4f1e43ab9de066daab1e45d308f79bb0263f1ee,a0776e9947b97b4f61a4e3adf8da47b3d5ea8fdbdc5131cb808effffe32ad755,qwen3.8:27b,22130167c4c20e20c7b71454612966ca8e8171e9b3cc8ab6ce8aa6cbfec79643,0.33.2,off,16384,57.56
3hop1__622497_160088_821792|overwritten_note|12,3hop1__622497_160088_821792,overwritten_note,state,write_note,12,0,20,0.6,prov,lossless,primary,0,0,0,12,12,1,1,state,state,,1,1,0,4123,182,11387,168bfa490b87987c32e9abf27aba2b17c5b1e85904f1f25d9f267c0979b5b569,9eb7f883a5b58eb89d49b0de5c622d25ade265c47b4ef51d888ad3ffbfa55480,qwen3.8:27b,22130167c4c20e20c7b71454612966ca8e8171e9b3cc8ab6ce8aa6cbfec79643,0.33.2,off,16384,56.21
3hop1__622497_160088_821792|wrong_argument|4,3hop1__622497_160088_821792,wrong_argument,tool,read,4,0,38,0.105,log,lossless,primary,0,0,0,4,4,1,1,tool,tool,,0,1,0,5978,215,18490,ba8b77f02b64574ea7e93ea62fa1fc123ccb9b7577129cf415e005a243f5b0a5,d0692d9686bbae703a341a3cca8c9c400c5b4a06526ed3e4b9ba5432903c831c,qwen3.8:27b,22130167c4c20e20c7b71454612966ca8e8171e9b3cc8ab6ce8aa6cbfec79643,0.33.2,off,16384,75.54
3hop1__622497_160088_821792|wrong_argument|4,3hop1__622497_160088_821792,wrong_argument,tool,read,4,0,38,0.105,diff,lossless,primary,0,0,0,4,4,1,1,tool,tool,,0,1,0,7719,210,23726,580493953bfd9de6d0b2d1d8a4f1e43ab9de066daab1e45d308f79bb0263f1ee,2c05c8e80b0ab6cdd80cc3f9fc5a3be062100b397fdc93394d1e399f4f199216,qwen3.8:27b,22130167c4c20e20c7b71454612966ca8e8171e9b3cc8ab6ce8aa6cbfec79643,0.33.2,off,16384,91.58
3hop1__622497_160088_821792|wrong_argument|4,3hop1__622497_160088_821792,wrong_argument,tool,read,4,0,38,0.105,prov,lossless,primary,0,0,0,4,4,1,1,tool,tool,,1,1,0,7674,186,23430,168bfa490b87987c32e9abf27aba2b17c5b1e85904f1f25d9f267c0979b5b569,38ee330bdb09f402e0b695d8c73eeecbf1dae003a6c03f1cb8ca98bee445eecf,qwen3.8:27b,22130167c4c20e20c7b71454612966ca8e8171e9b3cc8ab6ce8aa6cbfec79643,0.33.2,off,16384,87.3
3hop1__622497_160088_821792|wrong_source|18,3hop1__622497_160088_821792,wrong_source,evidence,write_note,18,2,20,0.9,log,lossless,primary,0,0,0,18,18,1,1,evidence,evidence,,1,1,0,3151,168,8582,ba8b77f02b64574ea7e93ea62fa1fc123ccb9b7577129cf415e005a243f5b0a5,b234d0146977b087801ecadeb151cebb4be677dcb6477f9a74ebaac8c88645e5,qwen3.8:27b,22130167c4c20e20c7b71454612966ca8e8171e9b3cc8ab6ce8aa6cbfec79643,0.33.2,off,16384,44.12
3hop1__622497_160088_821792|wrong_source|18,3hop1__622497_160088_821792,wrong_source,evidence,write_note,18,2,20,0.9,diff,lossless,primary,0,0,0,18,18,1,1,evidence,evidence,,1,1,0,4176,169,11706,580493953bfd9de6d0b2d1d8a4f1e43ab9de066daab1e45d308f79bb0263f1ee,9e7d1128aa2d0583168c99d7de97b3893ab3de7bc94da29cb4ba64d573448b90,qwen3.8:27b,22130167c4c20e20c7b71454612966ca8e8171e9b3cc8ab6ce8aa6cbfec79643,0.33.2,off,16384,53.72
3hop1__622497_160088_821792|wrong_source|18,3hop1__622497_160088_821792,wrong_source,evidence,write_note,18,2,20,0.9,prov,lossless,primary,0,0,0,18,18,1,1,evidence,evidence,,0,1,0,4113,155,11349,168bfa490b87987c32e9abf27aba2b17c5b1e85904f1f25d9f267c0979b5b569,7f2b2651e799f89e471269afa0d0a6246731d4b258b3f465cfdd3788abda4238,qwen3.8:27b,22130167c4c20e20c7b71454612966ca8e8171e9b3cc8ab6ce8aa6cbfec79643,0.33.2,off,16384,51.98
3hop1__88707_91850_685675|corrupted_output|16,3hop1__88707_91850_685675,corrupted_output,tool,read,16,2,20,0.8,log,lossless,primary,0,0,0,16,16,1,1,tool,tool,,0,1,0,3572,217,10224,ba8b77f02b64574ea7e93ea62fa1fc123ccb9b7577129cf415e005a243f5b0a5,09a39fdd3db1621fe90fe584a111f9a8652ee5e4a0982e5a1869e70d8882fdef,qwen3.8:27b,22130167c4c20e20c7b71454612966ca8e8171e9b3cc8ab6ce8aa6cbfec79643,0.33.2,off,16384,52.76
3hop1__88707_91850_685675|corrupted_output|16,3hop1__88707_91850_685675,corrupted_output,tool,read,16,2,20,0.8,diff,lossless,primary,0,0,0,16,16,1,1,tool,tool,,0,1,0,4675,225,14032,580493953bfd9de6d0b2d1d8a4f1e43ab9de066daab1e45d308f79bb0263f1ee,3da9e42c7578b80deee0695f9ee8bc8305127668329f887bc7ee0b07fd0123ab,qwen3.8:27b,22130167c4c20e20c7b71454612966ca8e8171e9b3cc8ab6ce8aa6cbfec79643,0.33.2,off,16384,62.88
3hop1__88707_91850_685675|corrupted_output|16,3hop1__88707_91850_685675,corrupted_output,tool,read,16,2,20,0.8,prov,lossless,primary,0,0,0,16,16,1,1,tool,tool,,0,1,0,4595,189,13108,168bfa490b87987c32e9abf27aba2b17c5b1e85904f1f25d9f267c0979b5b569,e5c3d5b3e85001ff7a2c907683df56fe1c1ccc280a8bb4be762e23a3aa4a9779,qwen3.8:27b,22130167c4c20e20c7b71454612966ca8e8171e9b3cc8ab6ce8aa6cbfec79643,0.33.2,off,16384,60.8
3hop1__88707_91850_685675|dropped_note|6,3hop1__88707_91850_685675,dropped_note,state,write_note,6,0,20,0.3,log,lossless,primary,0,0,0,,6,0,0,none,state,,0,1,0,3541,117,9926,ba8b77f02b64574ea7e93ea62fa1fc123ccb9b7577129cf415e005a243f5b0a5,0475c831f35212ae17f9a3a07dab2c4ed5940a68652d9ff426e8f3b120227165,qwen3.8:27b,22130167c4c20e20c7b71454612966ca8e8171e9b3cc8ab6ce8aa6cbfec79643,0.33.2,off,16384,44.8
3hop1__88707_91850_685675|dropped_note|6,3hop1__88707_91850_685675,dropped_note,state,write_note,6,0,20,0.3,diff,lossless,primary,0,0,0,6,6,1,1,state,state,,0,1,0,4616,172,13464,580493953bfd9de6d0b2d1d8a4f1e43ab9de066daab1e45d308f79bb0263f1ee,d8a54a7429fff092f9477628f04c7181fc0d57305719ff9e79d49a504e8f3847,qwen3.8:27b,22130167c4c20e20c7b71454612966ca8e8171e9b3cc8ab6ce8aa6cbfec79643,0.33.2,off,16384,58.82
3hop1__88707_91850_685675|dropped_note|6,3hop1__88707_91850_685675,dropped_note,state,write_note,6,0,20,0.3,prov,lossless,primary,0,0,0,6,6,1,1,state,state,,0,1,0,4461,135,12533,168bfa490b87987c32e9abf27aba2b17c5b1e85904f1f25d9f267c0979b5b569,5e77ae4cb27bc5f267a49400aefa99b82a3714b4e59c6b28b7cd6f06768e2acb,qwen3.8:27b,22130167c4c20e20c7b71454612966ca8e8171e9b3cc8ab6ce8aa6cbfec79643,0.33.2,off,16384,54.86
3hop1__88707_91850_685675|no_source|6,3hop1__88707_91850_685675,no_source,evidence,write_note,6,0,20,0.3,log,lossless,primary,0,0,0,6,6,1,1,evidence,evidence,,1,1,0,3551,159,9864,ba8b77f02b64574ea7e93ea62fa1fc123ccb9b7577129cf415e005a243f5b0a5,202242420e064516b51ac4381b0ff742fcedb05bc1d319c1d7f9b7a08024353e,qwen3.8:27b,22130167c4c20e20c7b71454612966ca8e8171e9b3cc8ab6ce8aa6cbfec79643,0.33.2,off,16384,47.32
3hop1__88707_91850_685675|no_source|6,3hop1__88707_91850_685675,no_source,evidence,write_note,6,0,20,0.3,diff,lossless,primary,0,0,0,6,6,1,1,evidence,evidence,,1,1,0,4657,129,13521,580493953bfd9de6d0b2d1d8a4f1e43ab9de066daab1e45d308f79bb0263f1ee,f140c9745ea4e4c5fae1ea3632460ab3f03e9b40c1f10a5f2e164f8daae50cd6,qwen3.8:27b,22130167c4c20e20c7b71454612966ca8e8171e9b3cc8ab6ce8aa6cbfec79643,0.33.2,off,16384,54.39
3hop1__88707_91850_685675|no_source|6,3hop1__88707_91850_685675,no_source,evidence,write_note,6,0,20,0.3,prov,lossless,primary,0,0,0,6,6,1,1,evidence,evidence,,0,1,0,4536,156,12661,168bfa490b87987c32e9abf27aba2b17c5b1e85904f1f25d9f267c0979b5b569,a422141aa6b506348d831ca6cc7005d9d4de4d345df14547766f5577c393311c,qwen3.8:27b,22130167c4c20e20c7b71454612966ca8e8171e9b3cc8ab6ce8aa6cbfec79643,0.33.2,off,16384,58.86
3hop1__88707_91850_685675|overwritten_note|18,3hop1__88707_91850_685675,overwritten_note,state,write_note,18,2,20,0.9,log,lossless,primary,0,0,0,18,18,1,1,state,state,,1,1,0,3551,171,9987,ba8b77f02b64574ea7e93ea62fa1fc123ccb9b7577129cf415e005a243f5b0a5,2f588459b5a82753db9dc9e728ad5c664fc297d5a56f8af74201e44365f3af98,qwen3.8:27b,22130167c4c20e20c7b71454612966ca8e8171e9b3cc8ab6ce8aa6cbfec79643,0.33.2,off,16384,48.13
3hop1__88707_91850_685675|overwritten_note|18,3hop1__88707_91850_685675,overwritten_note,state,write_note,18,2,20,0.9,diff,lossless,primary,0,0,0,18,18,1,1,state,state,,1,1,0,4668,192,13654,580493953bfd9de6d0b2d1d8a4f1e43ab9de066daab1e45d308f79bb0263f1ee,b39a1f973e4262b390b16a03b9e711beea377dd61e271c38d352618c31afed37,qwen3.8:27b,22130167c4c20e20c7b71454612966ca8e8171e9b3cc8ab6ce8aa6cbfec79643,0.33.2,off,16384,59.55
3hop1__88707_91850_685675|overwritten_note|18,3hop1__88707_91850_685675,overwritten_note,state,write_note,18,2,20,0.9,prov,lossless,primary,0,0,0,18,18,1,1,state,state,,1,1,0,4546,200,12829,168bfa490b87987c32e9abf27aba2b17c5b1e85904f1f25d9f267c0979b5b569,c74bfc52fde1a443934453f2538fe9b2a4b1ee378108f1ce9c6a3f6c25ebc1b7,qwen3.8:27b,22130167c4c20e20c7b71454612966ca8e8171e9b3cc8ab6ce8aa6cbfec79643,0.33.2,off,16384,60.0
3hop1__88707_91850_685675|wrong_argument|14,3hop1__88707_91850_685675,wrong_argument,tool,search,14,2,20,0.7,log,lossless,primary,0,0,0,14,14,1,1,tool,tool,,0,1,0,3648,197,10477,ba8b77f02b64574ea7e93ea62fa1fc123ccb9b7577129cf415e005a243f5b0a5,81152ac22fc1a7d8de639d47d8979bf1504b39c4b4497551caa7b3637b5ac9ff,qwen3.8:27b,22130167c4c20e20c7b71454612966ca8e8171e9b3cc8ab6ce8aa6cbfec79643,0.33.2,off,16384,31.56
3hop1__88707_91850_685675|wrong_argument|14,3hop1__88707_91850_685675,wrong_argument,tool,search,14,2,20,0.7,diff,lossless,primary,0,0,0,14,14,1,1,tool,tool,,1,1,0,4825,172,14446,580493953bfd9de6d0b2d1d8a4f1e43ab9de066daab1e45d308f79bb0263f1ee,fb5fd1cd103dc80f85e683d1a742a26804873432e014f65beaa12d2eb3532dc8,qwen3.8:27b,22130167c4c20e20c7b71454612966ca8e8171e9b3cc8ab6ce8aa6cbfec79643,0.33.2,off,16384,60.11
3hop1__88707_91850_685675|wrong_argument|14,3hop1__88707_91850_685675,wrong_argument,tool,search,14,2,20,0.7,prov,lossless,primary,0,0,0,14,14,1,1,tool,tool,,1,1,0,4687,182,13428,168bfa490b87987c32e9abf27aba2b17c5b1e85904f1f25d9f267c0979b5b569,bf0d822e42f263c12af006b034bed9bc078cea2704ce11ca4575326d327ec238,qwen3.8:27b,22130167c4c20e20c7b71454612966ca8e8171e9b3cc8ab6ce8aa6cbfec79643,0.33.2,off,16384,59.8
3hop1__88707_91850_685675|wrong_source|18,3hop1__88707_91850_685675,wrong_source,evidence,write_note,18,2,20,0.9,log,lossless,primary,0,0,0,18,18,1,1,evidence,evidence,,0,1,0,3576,218,10012,ba8b77f02b64574ea7e93ea62fa1fc123ccb9b7577129cf415e005a243f5b0a5,ef0409bcfec89f0a0ba886c5c420f1a8f8c0a4fbe88ad07294f4d690f7f90c71,qwen3.8:27b,22130167c4c20e20c7b71454612966ca8e8171e9b3cc8ab6ce8aa6cbfec79643,0.33.2,off,16384,33.75
3hop1__88707_91850_685675|wrong_source|18,3hop1__88707_91850_685675,wrong_source,evidence,write_note,18,2,20,0.9,diff,lossless,primary,0,0,0,18,18,1,1,evidence,evidence,,1,1,0,4693,207,13679,580493953bfd9de6d0b2d1d8a4f1e43ab9de066daab1e45d308f79bb0263f1ee,f0eba34de4debf3c842ea78121956f30b6886f69eab11beeb7d43cf573c302f6,qwen3.8:27b,22130167c4c20e20c7b71454612966ca8e8171e9b3cc8ab6ce8aa6cbfec79643,0.33.2,off,16384,62.82
3hop1__88707_91850_685675|wrong_source|18,3hop1__88707_91850_685675,wrong_source,evidence,write_note,18,2,20,0.9,prov,lossless,primary,0,0,0,18,18,1,1,evidence,evidence,,0,1,0,4600,218,12896,168bfa490b87987c32e9abf27aba2b17c5b1e85904f1f25d9f267c0979b5b569,5489a6fffb65873dd93e9596c9b2054f01357ceb81112c241f2ed046f235f848,qwen3.8:27b,22130167c4c20e20c7b71454612966ca8e8171e9b3cc8ab6ce8aa6cbfec79643,0.33.2,off,16384,62.42
3hop1__73796_87694_64412|corrupted_output|2,3hop1__73796_87694_64412,corrupted_output,tool,search,2,0,28,0.071,log,lossless,primary,0,0,0,,2,0,0,none,tool,,0,1,0,4217,139,12594,ba8b77f02b64574ea7e93ea62fa1fc123ccb9b7577129cf415e005a243f5b0a5,2a13bb2ba07de2a802d8326bd0f45daee69b0024f7fbbaeb158495b549378737,qwen3.8:27b,22130167c4c20e20c7b71454612966ca8e8171e9b3cc8ab6ce8aa6cbfec79643,0.33.2,off,16384,53.55
3hop1__73796_87694_64412|corrupted_output|2,3hop1__73796_87694_64412,corrupted_output,tool,search,2,0,28,0.071,diff,lossless,primary,0,0,0,,2,0,0,none,tool,,0,1,0,5534,124,16799,580493953bfd9de6d0b2d1d8a4f1e43ab9de066daab1e45d308f79bb0263f1ee,e2d1e149a3234f585e882c77b021714c7ff53bcb283128e5006267dac5d769c5,qwen3.8:27b,22130167c4c20e20c7b71454612966ca8e8171e9b3cc8ab6ce8aa6cbfec79643,0.33.2,off,16384,63.34
3hop1__73796_87694_64412|corrupted_output|2,3hop1__73796_87694_64412,corrupted_output,tool,search,2,0,28,0.071,prov,lossless,primary,0,0,0,6,2,0,0,evidence,tool,,0,1,0,5567,202,16441,168bfa490b87987c32e9abf27aba2b17c5b1e85904f1f25d9f267c0979b5b569,06287941d94201e2a88f49270c5767b416ba10f494cba3cdea6d7b13fa2a9ee7,qwen3.8:27b,22130167c4c20e20c7b71454612966ca8e8171e9b3cc8ab6ce8aa6cbfec79643,0.33.2,off,16384,73.59
3hop1__73796_87694_64412|dropped_note|12,3hop1__73796_87694_64412,dropped_note,state,write_note,12,1,20,0.6,log,lossless,primary,0,0,0,,12,0,0,none,state,,0,1,0,3296,118,9567,ba8b77f02b64574ea7e93ea62fa1fc123ccb9b7577129cf415e005a243f5b0a5,05ad266de553b24cb11096a49371751251b86a13643ad62345414233f224e81d,qwen3.8:27b,22130167c4c20e20c7b71454612966ca8e8171e9b3cc8ab6ce8aa6cbfec79643,0.33.2,off,16384,43.08
3hop1__73796_87694_64412|dropped_note|12,3hop1__73796_87694_64412,dropped_note,state,write_note,12,1,20,0.6,diff,lossless,primary,0,0,0,12,12,1,1,state,state,,0,1,0,4267,214,12755,580493953bfd9de6d0b2d1d8a4f1e43ab9de066daab1e45d308f79bb0263f1ee,5fc44dcf6e805a42192366b72f0466657240120c12095472931711ac05c650ca,qwen3.8:27b,22130167c4c20e20c7b71454612966ca8e8171e9b3cc8ab6ce8aa6cbfec79643,0.33.2,off,16384,60.81
3hop1__73796_87694_64412|dropped_note|12,3hop1__73796_87694_64412,dropped_note,state,write_note,12,1,20,0.6,prov,lossless,primary,0,0,0,12,12,1,1,state,state,,0,1,0,4213,163,12219,168bfa490b87987c32e9abf27aba2b17c5b1e85904f1f25d9f267c0979b5b569,423ee0738bedae9a549abe70eb3ac72ff86e28be8be2f39f764c8ab6b903635a,qwen3.8:27b,22130167c4c20e20c7b71454612966ca8e8171e9b3cc8ab6ce8aa6cbfec79643,0.33.2,off,16384,56.27
3hop1__73796_87694_64412|no_source|12,3hop1__73796_87694_64412,no_source,evidence,write_note,12,1,20,0.6,log,lossless,primary,0,0,0,12,12,1,1,evidence,evidence,,1,1,0,3311,131,9603,ba8b77f02b64574ea7e93ea62fa1fc123ccb9b7577129cf415e005a243f5b0a5,07e1689568aeaeaf82a00e208f4bb45f2f57775ad2e07a5d211a2cc406810463,qwen3.8:27b,22130167c4c20e20c7b71454612966ca8e8171e9b3cc8ab6ce8aa6cbfec79643,0.33.2,off,16384,43.78
3hop1__73796_87694_64412|no_source|12,3hop1__73796_87694_64412,no_source,evidence,write_note,12,1,20,0.6,diff,lossless,primary,0,0,0,12,12,1,1,evidence,evidence,,1,1,0,4319,157,12929,580493953bfd9de6d0b2d1d8a4f1e43ab9de066daab1e45d308f79bb0263f1ee,489b98e7bdac3bdc645b57253ec8daf669a2a62bc1f34ef6a0cb8b87a9feb7d3,qwen3.8:27b,22130167c4c20e20c7b71454612966ca8e8171e9b3cc8ab6ce8aa6cbfec79643,0.33.2,off,16384,54.88
3hop1__73796_87694_64412|no_source|12,3hop1__73796_87694_64412,no_source,evidence,write_note,12,1,20,0.6,prov,lossless,primary,0,0,0,12,12,1,1,evidence,evidence,,0,1,0,4293,161,12441,168bfa490b87987c32e9abf27aba2b17c5b1e85904f1f25d9f267c0979b5b569,a6c70d1fc0c4bc58126bc8f832d2f227cd4d1d95e0cb05527c2087b4b4360c3a,qwen3.8:27b,22130167c4c20e20c7b71454612966ca8e8171e9b3cc8ab6ce8aa6cbfec79643,0.33.2,off,16384,53.91
3hop1__73796_87694_64412|overwritten_note|18,3hop1__73796_87694_64412,overwritten_note,state,write_note,18,2,20,0.9,log,lossless,primary,0,0,0,18,18,1,1,state,state,,1,1,0,3297,145,9599,ba8b77f02b64574ea7e93ea62fa1fc123ccb9b7577129cf415e005a243f5b0a5,9c03d1e5b80c2299b577e80f04e452d5fb44558372f1d7e85d88185da26cd6de,qwen3.8:27b,22130167c4c20e20c7b71454612966ca8e8171e9b3cc8ab6ce8aa6cbfec79643,0.33.2,off,16384,43.63
3hop1__73796_87694_64412|overwritten_note|18,3hop1__73796_87694_64412,overwritten_note,state,write_note,18,2,20,0.9,diff,lossless,primary,0,0,0,18,18,1,1,state,state,,0,1,0,4317,180,12935,580493953bfd9de6d0b2d1d8a4f1e43ab9de066daab1e45d308f79bb0263f1ee,36d3093bc7d56754281dfefa7ae8e6c233db285e2c6b88f9a8cd20ddf88bbc25,qwen3.8:27b,22130167c4c20e20c7b71454612966ca8e8171e9b3cc8ab6ce8aa6cbfec79643,0.33.2,off,16384,56.53
3hop1__73796_87694_64412|overwritten_note|18,3hop1__73796_87694_64412,overwritten_note,state,write_note,18,2,20,0.9,prov,lossless,primary,0,0,0,18,18,1,1,state,state,,0,1,0,4283,160,12420,168bfa490b87987c32e9abf27aba2b17c5b1e85904f1f25d9f267c0979b5b569,30df1c179b4aae65e4f6d7a733ff0694eaaa487679db6fefe94e14dad748529c,qwen3.8:27b,22130167c4c20e20c7b71454612966ca8e8171e9b3cc8ab6ce8aa6cbfec79643,0.33.2,off,16384,53.37
3hop1__73796_87694_64412|wrong_argument|16,3hop1__73796_87694_64412,wrong_argument,tool,read,16,2,20,0.8,log,lossless,primary,0,0,0,16,16,1,1,tool,tool,,0,1,0,3305,196,9557,ba8b77f02b64574ea7e93ea62fa1fc123ccb9b7577129cf415e005a243f5b0a5,7ab4ec6a13f27dd9cf168dcb063364239db5cb44384c47382ba2dca761c7a24d,qwen3.8:27b,22130167c4c20e20c7b71454612966ca8e8171e9b3cc8ab6ce8aa6cbfec79643,0.33.2,off,16384,29.69
3hop1__73796_87694_64412|wrong_argument|16,3hop1__73796_87694_64412,wrong_argument,tool,read,16,2,20,0.8,diff,lossless,primary,0,0,0,16,16,1,1,tool,tool,,1,1,0,4334,184,12915,580493953bfd9de6d0b2d1d8a4f1e43ab9de066daab1e45d308f79bb0263f1ee,013b878bc5884c6f6264a4ffaac7ece2937af876640c8f8205de0c0584f3f415,qwen3.8:27b,22130167c4c20e20c7b71454612966ca8e8171e9b3cc8ab6ce8aa6cbfec79643,0.33.2,off,16384,30.78
3hop1__73796_87694_64412|wrong_argument|16,3hop1__73796_87694_64412,wrong_argument,tool,read,16,2,20,0.8,prov,lossless,primary,0,0,0,16,16,1,1,tool,tool,,1,1,0,4311,170,12470,168bfa490b87987c32e9abf27aba2b17c5b1e85904f1f25d9f267c0979b5b569,da6c3a73ae5cec74fd630e18099838136f954e2c7edab83c09e7665ac282fe57,qwen3.8:27b,22130167c4c20e20c7b71454612966ca8e8171e9b3cc8ab6ce8aa6cbfec79643,0.33.2,off,16384,26.89
3hop1__73796_87694_64412|wrong_source|12,3hop1__73796_87694_64412,wrong_source,evidence,write_note,12,0,20,0.6,log,lossless,primary,0,0,0,12,12,1,1,evidence,evidence,,0,1,0,3322,239,9615,ba8b77f02b64574ea7e93ea62fa1fc123ccb9b7577129cf415e005a243f5b0a5,d20943641bdb5f8d317c8585b821362fe25f53a3ed2531cf6ba1920fb91b8460,qwen3.8:27b,22130167c4c20e20c7b71454612966ca8e8171e9b3cc8ab6ce8aa6cbfec79643,0.33.2,off,16384,55.67
3hop1__73796_87694_64412|wrong_source|12,3hop1__73796_87694_64412,wrong_source,evidence,write_note,12,0,20,0.6,diff,lossless,primary,0,0,0,12,12,1,1,evidence,evidence,,0,1,0,4342,226,12951,580493953bfd9de6d0b2d1d8a4f1e43ab9de066daab1e45d308f79bb0263f1ee,3df7782504da91d1b46d879bc6a4e36b19f6c2387abe27979e4e6596ced02ea9,qwen3.8:27b,22130167c4c20e20c7b71454612966ca8e8171e9b3cc8ab6ce8aa6cbfec79643,0.33.2,off,16384,62.1
3hop1__73796_87694_64412|wrong_source|12,3hop1__73796_87694_64412,wrong_source,evidence,write_note,12,0,20,0.6,prov,lossless,primary,0,0,0,12,12,1,1,evidence,evidence,,0,1,0,4338,282,12530,168bfa490b87987c32e9abf27aba2b17c5b1e85904f1f25d9f267c0979b5b569,76c7d21b62f835d95aea08a8e79754d50b3ac3bf293dc7ff898880958d3787d8,qwen3.8:27b,22130167c4c20e20c7b71454612966ca8e8171e9b3cc8ab6ce8aa6cbfec79643,0.33.2,off,16384,67.99
4hop1__105401_17130_70784_61381|corrupted_output|10,4hop1__105401_17130_70784_61381,corrupted_output,tool,read,10,1,38,0.263,log,lossless,primary,0,0,0,10,10,1,1,tool,tool,,0,1,0,4079,220,12353,ba8b77f02b64574ea7e93ea62fa1fc123ccb9b7577129cf415e005a243f5b0a5,21d083e86af87160d3fb2b1f14301ed9faacd100f545482004f4b0faf7e2449a,qwen3.8:27b,22130167c4c20e20c7b71454612966ca8e8171e9b3cc8ab6ce8aa6cbfec79643,0.33.2,off,16384,57.99
4hop1__105401_17130_70784_61381|corrupted_output|10,4hop1__105401_17130_70784_61381,corrupted_output,tool,read,10,1,38,0.263,diff,lossless,primary,0,0,0,10,10,1,1,tool,tool,,0,1,0,5459,233,16533,580493953bfd9de6d0b2d1d8a4f1e43ab9de066daab1e45d308f79bb0263f1ee,185086666bbfc120d2dc83b3ede134753a9cbefa58e9b47edef56307189c107e,qwen3.8:27b,22130167c4c20e20c7b71454612966ca8e8171e9b3cc8ab6ce8aa6cbfec79643,0.33.2,off,16384,71.77
4hop1__105401_17130_70784_61381|corrupted_output|10,4hop1__105401_17130_70784_61381,corrupted_output,tool,read,10,1,38,0.263,prov,lossless,primary,0,0,0,10,10,1,1,tool,tool,,0,1,0,5477,237,16325,168bfa490b87987c32e9abf27aba2b17c5b1e85904f1f25d9f267c0979b5b569,c7ee2d0d9ed76c4a78d0cfc4182ff769eb9e3dc70f32c414b493b242d48a53ab,qwen3.8:27b,22130167c4c20e20c7b71454612966ca8e8171e9b3cc8ab6ce8aa6cbfec79643,0.33.2,off,16384,72.14
4hop1__105401_17130_70784_61381|dropped_note|18,4hop1__105401_17130_70784_61381,dropped_note,state,write_note,18,2,20,0.9,log,lossless,primary,0,0,0,,18,0,0,none,state,,0,1,0,3442,122,10282,ba8b77f02b64574ea7e93ea62fa1fc123ccb9b7577129cf415e005a243f5b0a5,aaf3d45d9883f81f0b885c65bc4604ada2e50ba26db9ccab31569fc9a246bb15,qwen3.8:27b,22130167c4c20e20c7b71454612966ca8e8171e9b3cc8ab6ce8aa6cbfec79643,0.33.2,off,16384,46.31
4hop1__105401_17130_70784_61381|dropped_note|18,4hop1__105401_17130_70784_61381,dropped_note,state,write_note,18,2,20,0.9,diff,lossless,primary,0,0,0,18,18,1,1,state,state,,0,1,0,4634,183,14523,580493953bfd9de6d0b2d1d8a4f1e43ab9de066daab1e45d308f79bb0263f1ee,9fac062b28ebf878aced08c1f973f2f7ebeae05616ee0ac685f1dd1a177e6c3c,qwen3.8:27b,22130167c4c20e20c7b71454612966ca8e8171e9b3cc8ab6ce8aa6cbfec79643,0.33.2,off,16384,60.28
4hop1__105401_17130_70784_61381|dropped_note|18,4hop1__105401_17130_70784_61381,dropped_note,state,write_note,18,2,20,0.9,prov,lossless,primary,0,0,0,18,18,1,1,state,state,,0,1,0,4302,158,12739,168bfa490b87987c32e9abf27aba2b17c5b1e85904f1f25d9f267c0979b5b569,ba9b6d5f5db554580a1636d34181a74fc6cd9d81b825637328a3cbb66d84daaf,qwen3.8:27b,22130167c4c20e20c7b71454612966ca8e8171e9b3cc8ab6ce8aa6cbfec79643,0.33.2,off,16384,56.97
4hop1__105401_17130_70784_61381|no_source|18,4hop1__105401_17130_70784_61381,no_source,evidence,write_note,18,2,20,0.9,log,lossless,primary,0,0,0,18,18,1,1,evidence,evidence,,1,1,0,3444,184,10313,ba8b77f02b64574ea7e93ea62fa1fc123ccb9b7577129cf415e005a243f5b0a5,e5ea3d5409b821a6a50285f87f36fdcd39fa05ec45c2d4ecabf6a9bbdd662c97,qwen3.8:27b,22130167c4c20e20c7b71454612966ca8e8171e9b3cc8ab6ce8aa6cbfec79643,0.33.2,off,16384,28.53
4hop1__105401_17130_70784_61381|no_source|18,4hop1__105401_17130_70784_61381,no_source,evidence,write_note,18,2,20,0.9,diff,lossless,primary,0,0,0,18,18,1,1,evidence,evidence,,1,1,0,4665,153,14649,580493953bfd9de6d0b2d1d8a4f1e43ab9de066daab1e45d308f79bb0263f1ee,6b4edde9e2bd10a39b3bb381e760d583cf579277655422fd405d480eb955d80f,qwen3.8:27b,22130167c4c20e20c7b71454612966ca8e8171e9b3cc8ab6ce8aa6cbfec79643,0.33.2,off,16384,27.95
4hop1__105401_17130_70784_61381|no_source|18,4hop1__105401_17130_70784_61381,no_source,evidence,write_note,18,2,20,0.9,prov,lossless,primary,0,0,0,18,18,1,1,evidence,evidence,,0,1,0,4374,146,12963,168bfa490b87987c32e9abf27aba2b17c5b1e85904f1f25d9f267c0979b5b569,3d8003b2ae330407d28c063f64d8137bb435b6f85fe0bb3f530aed1bac874717,qwen3.8:27b,22130167c4c20e20c7b71454612966ca8e8171e9b3cc8ab6ce8aa6cbfec79643,0.33.2,off,16384,26.13
4hop1__105401_17130_70784_61381|overwritten_note|12,4hop1__105401_17130_70784_61381,overwritten_note,state,write_note,12,0,20,0.6,log,lossless,primary,0,0,0,12,12,1,1,state,state,,1,1,0,3468,141,10337,ba8b77f02b64574ea7e93ea62fa1fc123ccb9b7577129cf415e005a243f5b0a5,dd8df3b49e778b73907d62f7c11f7b9a2c3b8e1200cbfeab3917a9c056acb00e,qwen3.8:27b,22130167c4c20e20c7b71454612966ca8e8171e9b3cc8ab6ce8aa6cbfec79643,0.33.2,off,16384,44.68
4hop1__105401_17130_70784_61381|overwritten_note|12,4hop1__105401_17130_70784_61381,overwritten_note,state,write_note,12,0,20,0.6,diff,lossless,primary,0,0,0,12,12,1,1,state,state,,1,1,0,4701,199,14683,580493953bfd9de6d0b2d1d8a4f1e43ab9de066daab1e45d308f79bb0263f1ee,6c5ff92c5a9bf280f29f517304d49abd54ac0ba42efa8de4beec6013e3e863aa,qwen3.8:27b,22130167c4c20e20c7b71454612966ca8e8171e9b3cc8ab6ce8aa6cbfec79643,0.33.2,off,16384,62.53
4hop1__105401_17130_70784_61381|overwritten_note|12,4hop1__105401_17130_70784_61381,overwritten_note,state,write_note,12,0,20,0.6,prov,lossless,primary,0,0,0,12,12,1,1,state,state,,1,1,0,4431,231,13063,168bfa490b87987c32e9abf27aba2b17c5b1e85904f1f25d9f267c0979b5b569,89db8d87174c872b57aac54f6f5ff7e29be9367a7145f3afe331d9b95be45b90,qwen3.8:27b,22130167c4c20e20c7b71454612966ca8e8171e9b3cc8ab6ce8aa6cbfec79643,0.33.2,off,16384,64.6
4hop1__105401_17130_70784_61381|wrong_argument|8,4hop1__105401_17130_70784_61381,wrong_argument,tool,search,8,0,38,0.211,log,lossless,primary,0,0,0,8,8,1,1,tool,tool,,0,1,0,4133,182,12953,ba8b77f02b64574ea7e93ea62fa1fc123ccb9b7577129cf415e005a243f5b0a5,ccda9e6c59c9b6fcc6b021a50983fe357db7823b79b9a97be17193f7ef96a27a,qwen3.8:27b,22130167c4c20e20c7b71454612966ca8e8171e9b3cc8ab6ce8aa6cbfec79643,0.33.2,off,16384,55.78
4hop1__105401_17130_70784_61381|wrong_argument|8,4hop1__105401_17130_70784_61381,wrong_argument,tool,search,8,0,38,0.211,diff,lossless,primary,0,0,0,8,8,1,1,tool,tool,,0,1,0,5431,183,16509,580493953bfd9de6d0b2d1d8a4f1e43ab9de066daab1e45d308f79bb0263f1ee,2d9a4d7c9f9d5563fd4c9e0aa52990515ded29074c2f5d1a14058683a67ecb39,qwen3.8:27b,22130167c4c20e20c7b71454612966ca8e8171e9b3cc8ab6ce8aa6cbfec79643,0.33.2,off,16384,66.92
4hop1__105401_17130_70784_61381|wrong_argument|8,4hop1__105401_17130_70784_61381,wrong_argument,tool,search,8,0,38,0.211,prov,lossless,primary,0,0,0,8,8,1,1,tool,tool,,1,1,0,5435,148,16638,168bfa490b87987c32e9abf27aba2b17c5b1e85904f1f25d9f267c0979b5b569,886c1cb0ad9a7aa91236972741fed8b622999bd544d71d075e2f54e7df2e8002,qwen3.8:27b,22130167c4c20e20c7b71454612966ca8e8171e9b3cc8ab6ce8aa6cbfec79643,0.33.2,off,16384,62.09
4hop1__105401_17130_70784_61381|wrong_source|18,4hop1__105401_17130_70784_61381,wrong_source,evidence,write_note,18,2,20,0.9,log,lossless,primary,0,0,0,18,18,1,1,evidence,evidence,,0,1,0,3466,196,10332,ba8b77f02b64574ea7e93ea62fa1fc123ccb9b7577129cf415e005a243f5b0a5,0dd1a5d85aba9273a888ad453c6dfd9f015f8086ab2d445cd6a13205db7c0732,qwen3.8:27b,22130167c4c20e20c7b71454612966ca8e8171e9b3cc8ab6ce8aa6cbfec79643,0.33.2,off,16384,51.14
4hop1__105401_17130_70784_61381|wrong_source|18,4hop1__105401_17130_70784_61381,wrong_source,evidence,write_note,18,2,20,0.9,diff,lossless,primary,0,0,0,18,18,1,1,evidence,evidence,,1,1,0,4698,195,14678,580493953bfd9de6d0b2d1d8a4f1e43ab9de066daab1e45d308f79bb0263f1ee,82a50d3f50f6b6550b8c3e33b31b388faf9ef93dec10794d00c13b1d8a727f00,qwen3.8:27b,22130167c4c20e20c7b71454612966ca8e8171e9b3cc8ab6ce8aa6cbfec79643,0.33.2,off,16384,61.24
4hop1__105401_17130_70784_61381|wrong_source|18,4hop1__105401_17130_70784_61381,wrong_source,evidence,write_note,18,2,20,0.9,prov,lossless,primary,0,0,0,18,18,1,1,evidence,evidence,,0,1,0,4427,208,13055,168bfa490b87987c32e9abf27aba2b17c5b1e85904f1f25d9f267c0979b5b569,635e84fc9fb57caddfa9e95d564844fd88cc212277b576b6ee7a45cbe0eab88e,qwen3.8:27b,22130167c4c20e20c7b71454612966ca8e8171e9b3cc8ab6ce8aa6cbfec79643,0.33.2,off,16384,59.42
3hop1__726561_132457_47686|corrupted_output|14,3hop1__726561_132457_47686,corrupted_output,tool,search,14,2,24,0.583,log,lossless,primary,0,0,0,,14,0,0,none,tool,,0,1,0,3652,109,10304,ba8b77f02b64574ea7e93ea62fa1fc123ccb9b7577129cf415e005a243f5b0a5,53a9db27cea7a36d8dbde94888d300d03b5fe9572d0bf9c7d13f88eb971e4249,qwen3.8:27b,22130167c4c20e20c7b71454612966ca8e8171e9b3cc8ab6ce8aa6cbfec79643,0.33.2,off,16384,46.28
3hop1__726561_132457_47686|corrupted_output|14,3hop1__726561_132457_47686,corrupted_output,tool,search,14,2,24,0.583,diff,lossless,primary,0,0,0,16,14,0,1,tool,tool,,0,1,0,4648,160,13387,580493953bfd9de6d0b2d1d8a4f1e43ab9de066daab1e45d308f79bb0263f1ee,cb289afb936afbd4756fed0216b661b1766edc0a559f02be6a30db7f9ad68320,qwen3.8:27b,22130167c4c20e20c7b71454612966ca8e8171e9b3cc8ab6ce8aa6cbfec79643,0.33.2,off,16384,57.71
3hop1__726561_132457_47686|corrupted_output|14,3hop1__726561_132457_47686,corrupted_output,tool,search,14,2,24,0.583,prov,lossless,primary,0,0,0,,14,0,0,none,tool,,0,1,0,4769,141,13497,168bfa490b87987c32e9abf27aba2b17c5b1e85904f1f25d9f267c0979b5b569,0b8f0f0c0c7aefb4517cd7da7172a987c709055cfe8d08e652a6b39524bed3b7,qwen3.8:27b,22130167c4c20e20c7b71454612966ca8e8171e9b3cc8ab6ce8aa6cbfec79643,0.33.2,off,16384,58.25
3hop1__726561_132457_47686|dropped_note|6,3hop1__726561_132457_47686,dropped_note,state,write_note,6,0,20,0.3,log,lossless,primary,0,0,0,,6,0,0,none,state,,0,1,0,3034,100,8386,ba8b77f02b64574ea7e93ea62fa1fc123ccb9b7577129cf415e005a243f5b0a5,7e3457de78002a46e7b015942b78bceef7b2743a9736e6358a17d056c6f2a98f,qwen3.8:27b,22130167c4c20e20c7b71454612966ca8e8171e9b3cc8ab6ce8aa6cbfec79643,0.33.2,off,16384,39.68
3hop1__726561_132457_47686|dropped_note|6,3hop1__726561_132457_47686,dropped_note,state,write_note,6,0,20,0.3,diff,lossless,primary,0,0,0,6,6,1,1,state,state,,0,1,0,3888,170,11123,580493953bfd9de6d0b2d1d8a4f1e43ab9de066daab1e45d308f79bb0263f1ee,14a30e6b19f572949c1a8706e916f90842fa5b9c6fa49eff28f988d4d608864d,qwen3.8:27b,22130167c4c20e20c7b71454612966ca8e8171e9b3cc8ab6ce8aa6cbfec79643,0.33.2,off,16384,52.5
3hop1__726561_132457_47686|dropped_note|6,3hop1__726561_132457_47686,dropped_note,state,write_note,6,0,20,0.3,prov,lossless,primary,0,0,0,6,6,1,1,state,state,,0,1,0,3933,155,10964,168bfa490b87987c32e9abf27aba2b17c5b1e85904f1f25d9f267c0979b5b569,a2d385381228858f5545e023c9bcada0ff14989b28975da5ecefec97cb4513a5,qwen3.8:27b,22130167c4c20e20c7b71454612966ca8e8171e9b3cc8ab6ce8aa6cbfec79643,0.33.2,off,16384,52.37
3hop1__726561_132457_47686|no_source|6,3hop1__726561_132457_47686,no_source,evidence,write_note,6,0,20,0.3,log,lossless,primary,0,0,0,6,6,1,1,evidence,evidence,,1,1,0,3040,176,8443,ba8b77f02b64574ea7e93ea62fa1fc123ccb9b7577129cf415e005a243f5b0a5,0694b8058bf9547167cfc9780c421dc605e7f5343a375e432bcf29b684341dd8,qwen3.8:27b,22130167c4c20e20c7b71454612966ca8e8171e9b3cc8ab6ce8aa6cbfec79643,0.33.2,off,16384,44.22
3hop1__726561_132457_47686|no_source|6,3hop1__726561_132457_47686,no_source,evidence,write_note,6,0,20,0.3,diff,lossless,primary,0,0,0,6,6,1,1,evidence,evidence,,1,1,0,3920,147,11271,580493953bfd9de6d0b2d1d8a4f1e43ab9de066daab1e45d308f79bb0263f1ee,e4b0b46142667e36cef03657c6f7516353b03e8aecb64701cce4e6584c233206,qwen3.8:27b,22130167c4c20e20c7b71454612966ca8e8171e9b3cc8ab6ce8aa6cbfec79643,0.33.2,off,16384,49.31
3hop1__726561_132457_47686|no_source|6,3hop1__726561_132457_47686,no_source,evidence,write_note,6,0,20,0.3,prov,lossless,primary,0,0,0,6,6,1,1,evidence,evidence,,0,1,0,3989,147,11169,168bfa490b87987c32e9abf27aba2b17c5b1e85904f1f25d9f267c0979b5b569,7186184598d0f60fff558c9a29668717cd80da9d1369b919377680d74a7c3903,qwen3.8:27b,22130167c4c20e20c7b71454612966ca8e8171e9b3cc8ab6ce8aa6cbfec79643,0.33.2,off,16384,49.5
3hop1__726561_132457_47686|overwritten_note|18,3hop1__726561_132457_47686,overwritten_note,state,write_note,18,2,20,0.9,log,lossless,primary,0,0,0,18,18,1,1,state,state,,1,1,0,3038,151,8427,ba8b77f02b64574ea7e93ea62fa1fc123ccb9b7577129cf415e005a243f5b0a5,1b7421e0237a90d5491444c5894e7c37503e3f47095bb753eaa90b3bd4d44e6e,qwen3.8:27b,22130167c4c20e20c7b71454612966ca8e8171e9b3cc8ab6ce8aa6cbfec79643,0.33.2,off,16384,41.25
3hop1__726561_132457_47686|overwritten_note|18,3hop1__726561_132457_47686,overwritten_note,state,write_note,18,2,20,0.9,diff,lossless,primary,0,0,0,18,18,1,1,state,state,,1,1,0,3931,195,11265,580493953bfd9de6d0b2d1d8a4f1e43ab9de066daab1e45d308f79bb0263f1ee,5b8574b115de90effc85f05eb6344327884ed9c696dc828eaaeda48e99956168,qwen3.8:27b,22130167c4c20e20c7b71454612966ca8e8171e9b3cc8ab6ce8aa6cbfec79643,0.33.2,off,16384,54.54
3hop1__726561_132457_47686|overwritten_note|18,3hop1__726561_132457_47686,overwritten_note,state,write_note,18,2,20,0.9,prov,lossless,primary,0,0,0,18,18,1,1,state,state,,1,1,0,3999,180,11156,168bfa490b87987c32e9abf27aba2b17c5b1e85904f1f25d9f267c0979b5b569,1b63acffabcc84028f15ce8666df0d3432ec15d72d4c17ab5b34b60659271fad,qwen3.8:27b,22130167c4c20e20c7b71454612966ca8e8171e9b3cc8ab6ce8aa6cbfec79643,0.33.2,off,16384,52.99
3hop1__726561_132457_47686|sham|12,3hop1__726561_132457_47686,sham,none,write_note,12,1,20,0.6,log,lossless,primary,0,1,0,,,,,none,none,0,0,1,0,3051,120,8436,ba8b77f02b64574ea7e93ea62fa1fc123ccb9b7577129cf415e005a243f5b0a5,ae5273bcf2f2605411edd4b16e6483b1ba6219fe7d098dbe0abae5765566154a,qwen3.8:27b,22130167c4c20e20c7b71454612966ca8e8171e9b3cc8ab6ce8aa6cbfec79643,0.33.2,off,16384,23.95
3hop1__726561_132457_47686|sham|12,3hop1__726561_132457_47686,sham,none,write_note,12,1,20,0.6,diff,lossless,primary,0,1,0,,,,,none,none,0,0,1,0,3943,178,11274,580493953bfd9de6d0b2d1d8a4f1e43ab9de066daab1e45d308f79bb0263f1ee,ae28f19c83a6be802f48a8e725d79320607035a4968a53b4980a463f731139f1,qwen3.8:27b,22130167c4c20e20c7b71454612966ca8e8171e9b3cc8ab6ce8aa6cbfec79643,0.33.2,off,16384,31.82
3hop1__726561_132457_47686|sham|12,3hop1__726561_132457_47686,sham,none,write_note,12,1,20,0.6,prov,lossless,primary,0,1,0,,,,,none,none,0,0,1,0,4035,101,11242,168bfa490b87987c32e9abf27aba2b17c5b1e85904f1f25d9f267c0979b5b569,10cb1dcc0f7d4ca52a8c7ac8e741e6c9c805e8826efa48c713013ca1b4d29d10,qwen3.8:27b,22130167c4c20e20c7b71454612966ca8e8171e9b3cc8ab6ce8aa6cbfec79643,0.33.2,off,16384,23.55
3hop1__726561_132457_47686|wrong_argument|10,3hop1__726561_132457_47686,wrong_argument,tool,read,10,1,20,0.5,log,lossless,primary,0,0,0,10,10,1,1,tool,tool,,0,1,0,3071,206,8579,ba8b77f02b64574ea7e93ea62fa1fc123ccb9b7577129cf415e005a243f5b0a5,82dd53e66e55728c47945fe4671c8b92337372958aced997066dc80408e111f8,qwen3.8:27b,22130167c4c20e20c7b71454612966ca8e8171e9b3cc8ab6ce8aa6cbfec79643,0.33.2,off,16384,48.97
3hop1__726561_132457_47686|wrong_argument|10,3hop1__726561_132457_47686,wrong_argument,tool,read,10,1,20,0.5,diff,lossless,primary,0,0,0,10,10,1,1,tool,tool,,0,1,0,3948,204,11373,580493953bfd9de6d0b2d1d8a4f1e43ab9de066daab1e45d308f79bb0263f1ee,5b2e5888610006f1f2851494ca34399056a55ade74b5f1c19583ee7572096aba,qwen3.8:27b,22130167c4c20e20c7b71454612966ca8e8171e9b3cc8ab6ce8aa6cbfec79643,0.33.2,off,16384,54.86
3hop1__726561_132457_47686|wrong_argument|10,3hop1__726561_132457_47686,wrong_argument,tool,read,10,1,20,0.5,prov,lossless,primary,0,0,0,10,10,1,1,tool,tool,,1,1,0,4066,199,11423,168bfa490b87987c32e9abf27aba2b17c5b1e85904f1f25d9f267c0979b5b569,1839a44250369d1007fbf06e2875617e4fa5c3c5b08dbeb170ce3fbd14cdfb09,qwen3.8:27b,22130167c4c20e20c7b71454612966ca8e8171e9b3cc8ab6ce8aa6cbfec79643,0.33.2,off,16384,57.64
3hop1__726561_132457_47686|wrong_source|18,3hop1__726561_132457_47686,wrong_source,evidence,write_note,18,2,20,0.9,log,lossless,primary,0,0,0,18,18,1,1,evidence,evidence,,1,1,0,3053,190,8443,ba8b77f02b64574ea7e93ea62fa1fc123ccb9b7577129cf415e005a243f5b0a5,d144798182b34d550c9757b4ea08c98ee835391767674676587190281ea5ab96,qwen3.8:27b,22130167c4c20e20c7b71454612966ca8e8171e9b3cc8ab6ce8aa6cbfec79643,0.33.2,off,16384,45.81
3hop1__726561_132457_47686|wrong_source|18,3hop1__726561_132457_47686,wrong_source,evidence,write_note,18,2,20,0.9,diff,lossless,primary,0,0,0,18,18,1,1,evidence,evidence,,1,1,0,3945,197,11281,580493953bfd9de6d0b2d1d8a4f1e43ab9de066daab1e45d308f79bb0263f1ee,12455953fb8a1f4f26c9b53e676456f2e2daccf0e4c5d06ada1f90f2cc4724a4,qwen3.8:27b,22130167c4c20e20c7b71454612966ca8e8171e9b3cc8ab6ce8aa6cbfec79643,0.33.2,off,16384,53.94
3hop1__726561_132457_47686|wrong_source|18,3hop1__726561_132457_47686,wrong_source,evidence,write_note,18,2,20,0.9,prov,lossless,primary,0,0,0,18,18,1,1,evidence,evidence,,0,1,0,4038,186,11249,168bfa490b87987c32e9abf27aba2b17c5b1e85904f1f25d9f267c0979b5b569,120e6f1cde107aba892fffcce775c6416cb897f9b0fef1f4a69024883d3483cf,qwen3.8:27b,22130167c4c20e20c7b71454612966ca8e8171e9b3cc8ab6ce8aa6cbfec79643,0.33.2,off,16384,55.21
3hop1__389069_132457_47686|corrupted_output|4,3hop1__389069_132457_47686,corrupted_output,tool,read,4,0,20,0.2,log,lossless,primary,0,0,0,4,4,1,1,tool,tool,,0,1,0,3480,217,10271,ba8b77f02b64574ea7e93ea62fa1fc123ccb9b7577129cf415e005a243f5b0a5,703dc31ec5ccdf93143db1d205ad61cf2df7bbf970b61b55ca42d6f9a2bcab78,qwen3.8:27b,22130167c4c20e20c7b71454612966ca8e8171e9b3cc8ab6ce8aa6cbfec79643,0.33.2,off,16384,54.1
3hop1__389069_132457_47686|corrupted_output|4,3hop1__389069_132457_47686,corrupted_output,tool,read,4,0,20,0.2,diff,lossless,primary,0,0,0,4,4,1,1,tool,tool,,0,1,0,4567,179,13959,580493953bfd9de6d0b2d1d8a4f1e43ab9de066daab1e45d308f79bb0263f1ee,6f70b2772dec45bc2ab577fc0a19a448a37973fda5646b1bb5e280902a586dfb,qwen3.8:27b,22130167c4c20e20c7b71454612966ca8e8171e9b3cc8ab6ce8aa6cbfec79643,0.33.2,off,16384,58.91
3hop1__389069_132457_47686|corrupted_output|4,3hop1__389069_132457_47686,corrupted_output,tool,read,4,0,20,0.2,prov,lossless,primary,0,0,0,4,4,1,1,tool,tool,,0,1,0,4514,238,13254,168bfa490b87987c32e9abf27aba2b17c5b1e85904f1f25d9f267c0979b5b569,a1c1306e5b3726d8054178215e9e02be855edf7d1d98fa569ecfb93e08517f76,qwen3.8:27b,22130167c4c20e20c7b71454612966ca8e8171e9b3cc8ab6ce8aa6cbfec79643,0.33.2,off,16384,65.62
3hop1__389069_132457_47686|dropped_note|12,3hop1__389069_132457_47686,dropped_note,state,write_note,12,1,20,0.6,log,lossless,primary,0,0,0,,12,0,0,none,state,,0,1,0,3240,101,9126,ba8b77f02b64574ea7e93ea62fa1fc123ccb9b7577129cf415e005a243f5b0a5,06e0354f65a8cd1cc50f1367554339d652f77e430c295997639e24c09419fc0e,qwen3.8:27b,22130167c4c20e20c7b71454612966ca8e8171e9b3cc8ab6ce8aa6cbfec79643,0.33.2,off,16384,43.41
3hop1__389069_132457_47686|dropped_note|12,3hop1__389069_132457_47686,dropped_note,state,write_note,12,1,20,0.6,diff,lossless,primary,0,0,0,12,12,1,1,state,state,,0,1,0,4172,190,12127,580493953bfd9de6d0b2d1d8a4f1e43ab9de066daab1e45d308f79bb0263f1ee,4e30e5763f246ba32159d21f4b83b8fe86484bf0bbfc41d9b5e3c4d144c1c9af,qwen3.8:27b,22130167c4c20e20c7b71454612966ca8e8171e9b3cc8ab6ce8aa6cbfec79643,0.33.2,off,16384,56.84
3hop1__389069_132457_47686|dropped_note|12,3hop1__389069_132457_47686,dropped_note,state,write_note,12,1,20,0.6,prov,lossless,primary,0,0,0,12,12,1,1,state,state,,0,1,0,4140,162,11710,168bfa490b87987c32e9abf27aba2b17c5b1e85904f1f25d9f267c0979b5b569,897ac55b3b3b4886727e53bc02cc4cec2aa6937a12302f9efbfcc9260b327013,qwen3.8:27b,22130167c4c20e20c7b71454612966ca8e8171e9b3cc8ab6ce8aa6cbfec79643,0.33.2,off,16384,56.89
3hop1__389069_132457_47686|no_source|12,3hop1__389069_132457_47686,no_source,evidence,write_note,12,1,20,0.6,log,lossless,primary,0,0,0,12,12,1,1,evidence,evidence,,1,1,0,3210,141,9073,ba8b77f02b64574ea7e93ea62fa1fc123ccb9b7577129cf415e005a243f5b0a5,c9c0695b0e4d1c648608bd8f6e12ff7b427fcec56d9bf99bca825e2fa7ccc82f,qwen3.8:27b,22130167c4c20e20c7b71454612966ca8e8171e9b3cc8ab6ce8aa6cbfec79643,0.33.2,off,16384,43.34
3hop1__389069_132457_47686|no_source|12,3hop1__389069_132457_47686,no_source,evidence,write_note,12,1,20,0.6,diff,lossless,primary,0,0,0,12,12,1,1,evidence,evidence,,1,1,0,4152,134,12122,580493953bfd9de6d0b2d1d8a4f1e43ab9de066daab1e45d308f79bb0263f1ee,2bfc91642284a3836935237af8a7f10fa1c15dee24fa904fa555e357ebbf8dca,qwen3.8:27b,22130167c4c20e20c7b71454612966ca8e8171e9b3cc8ab6ce8aa6cbfec79643,0.33.2,off,16384,49.21
3hop1__389069_132457_47686|no_source|12,3hop1__389069_132457_47686,no_source,evidence,write_note,12,1,20,0.6,prov,lossless,primary,0,0,0,12,12,1,1,evidence,evidence,,0,1,0,4129,139,11703,168bfa490b87987c32e9abf27aba2b17c5b1e85904f1f25d9f267c0979b5b569,95996dc89252952be8911b3e2eac12ee1e34c4dac98d99c6b0350f3b205bcc1c,qwen3.8:27b,22130167c4c20e20c7b71454612966ca8e8171e9b3cc8ab6ce8aa6cbfec79643,0.33.2,off,16384,50.92
3hop1__389069_132457_47686|overwritten_note|18,3hop1__389069_132457_47686,overwritten_note,state,write_note,18,2,20,0.9,log,lossless,primary,0,0,0,18,18,1,1,state,state,,0,1,0,3236,171,9138,ba8b77f02b64574ea7e93ea62fa1fc123ccb9b7577129cf415e005a243f5b0a5,eb52de5c04385864a78d903c816ba6791b911773ae9539431fb7fc2c2a612609,qwen3.8:27b,22130167c4c20e20c7b71454612966ca8e8171e9b3cc8ab6ce8aa6cbfec79643,0.33.2,off,16384,27.39
3hop1__389069_132457_47686|overwritten_note|18,3hop1__389069_132457_47686,overwritten_note,state,write_note,18,2,20,0.9,diff,lossless,primary,0,0,0,18,18,1,1,state,state,,1,1,0,4206,178,12233,580493953bfd9de6d0b2d1d8a4f1e43ab9de066daab1e45d308f79bb0263f1ee,65437a1989d06e0c8ef8a6f5501af25ecbfb66f6ca982ddefcfeec4672fcd08d,qwen3.8:27b,22130167c4c20e20c7b71454612966ca8e8171e9b3cc8ab6ce8aa6cbfec79643,0.33.2,off,16384,53.16
3hop1__389069_132457_47686|overwritten_note|18,3hop1__389069_132457_47686,overwritten_note,state,write_note,18,2,20,0.9,prov,lossless,primary,0,0,0,18,18,1,1,state,state,,1,1,0,4176,205,11783,168bfa490b87987c32e9abf27aba2b17c5b1e85904f1f25d9f267c0979b5b569,be3530abb3144b65bfdfd4b5c68ae5676371a5ad5da68e3de53fc69743a9de6a,qwen3.8:27b,22130167c4c20e20c7b71454612966ca8e8171e9b3cc8ab6ce8aa6cbfec79643,0.33.2,off,16384,58.11
3hop1__389069_132457_47686|sham|12,3hop1__389069_132457_47686,sham,none,write_note,12,1,20,0.6,log,lossless,primary,0,1,0,,,,,none,none,0,0,1,0,3252,127,9159,ba8b77f02b64574ea7e93ea62fa1fc123ccb9b7577129cf415e005a243f5b0a5,78690cdab0d94180fa62cc8446b463f74ccd18aa1e91b83941a14473b98da354,qwen3.8:27b,22130167c4c20e20c7b71454612966ca8e8171e9b3cc8ab6ce8aa6cbfec79643,0.33.2,off,16384,24.82
3hop1__389069_132457_47686|sham|12,3hop1__389069_132457_47686,sham,none,write_note,12,1,20,0.6,diff,lossless,primary,0,1,0,,,,,none,none,0,0,1,0,4221,121,12254,580493953bfd9de6d0b2d1d8a4f1e43ab9de066daab1e45d308f79bb0263f1ee,e033bd2a2de10563b63965d48da6cdb48b77d9aabb0179c0021741fdb19eceaa,qwen3.8:27b,22130167c4c20e20c7b71454612966ca8e8171e9b3cc8ab6ce8aa6cbfec79643,0.33.2,off,16384,27.14
3hop1__389069_132457_47686|sham|12,3hop1__389069_132457_47686,sham,none,write_note,12,1,20,0.6,prov,lossless,primary,0,1,0,,,,,none,none,0,0,1,0,4225,138,11917,168bfa490b87987c32e9abf27aba2b17c5b1e85904f1f25d9f267c0979b5b569,090fcdb489f39ff958885c87cd33fe1b69d12d25e4cf18ff9465c29b5454ae2a,qwen3.8:27b,22130167c4c20e20c7b71454612966ca8e8171e9b3cc8ab6ce8aa6cbfec79643,0.33.2,off,16384,27.4
3hop1__389069_132457_47686|wrong_argument|14,3hop1__389069_132457_47686,wrong_argument,tool,search,14,2,24,0.583,log,lossless,primary,0,0,0,14,14,1,1,tool,tool,,1,1,0,3829,155,11146,ba8b77f02b64574ea7e93ea62fa1fc123ccb9b7577129cf415e005a243f5b0a5,cdccb37a3f36ac6a30d90dc6fae8d632403d3e5b3a564ac491e609b678535617,qwen3.8:27b,22130167c4c20e20c7b71454612966ca8e8171e9b3cc8ab6ce8aa6cbfec79643,0.33.2,off,16384,31.03
3hop1__389069_132457_47686|wrong_argument|14,3hop1__389069_132457_47686,wrong_argument,tool,search,14,2,24,0.583,diff,lossless,primary,0,0,0,14,14,1,1,tool,tool,,1,1,0,4894,152,14485,580493953bfd9de6d0b2d1d8a4f1e43ab9de066daab1e45d308f79bb0263f1ee,e11b2c1ecc9e0352c99fbe487e3b7169558758278104f928c4c90a125b6aa5f8,qwen3.8:27b,22130167c4c20e20c7b71454612966ca8e8171e9b3cc8ab6ce8aa6cbfec79643,0.33.2,off,16384,57.81
3hop1__389069_132457_47686|wrong_argument|14,3hop1__389069_132457_47686,wrong_argument,tool,search,14,2,24,0.583,prov,lossless,primary,0,0,0,14,14,1,1,tool,tool,,1,1,0,4918,158,14260,168bfa490b87987c32e9abf27aba2b17c5b1e85904f1f25d9f267c0979b5b569,0f7bdb20d9e8bb303fb989393dc055f4f239d45900e54f01a0524ea0acf72dc1,qwen3.8:27b,22130167c4c20e20c7b71454612966ca8e8171e9b3cc8ab6ce8aa6cbfec79643,0.33.2,off,16384,59.42
3hop1__389069_132457_47686|wrong_source|12,3hop1__389069_132457_47686,wrong_source,evidence,write_note,12,0,20,0.6,log,lossless,primary,0,0,0,12,12,1,1,evidence,evidence,,1,1,0,3245,199,9124,ba8b77f02b64574ea7e93ea62fa1fc123ccb9b7577129cf415e005a243f5b0a5,dc11340526cfead929511c019eaa62afd2e5bbfb3640b9a904758a6081c50456,qwen3.8:27b,22130167c4c20e20c7b71454612966ca8e8171e9b3cc8ab6ce8aa6cbfec79643,0.33.2,off,16384,29.78
3hop1__389069_132457_47686|wrong_source|12,3hop1__389069_132457_47686,wrong_source,evidence,write_note,12,0,20,0.6,diff,lossless,primary,0,0,0,12,12,1,1,evidence,evidence,,1,1,0,4214,189,12219,580493953bfd9de6d0b2d1d8a4f1e43ab9de066daab1e45d308f79bb0263f1ee,f5d12510fc2607dc6987c5e848ba3a22e92a3c76c84618b36629be2e19b4e71e,qwen3.8:27b,22130167c4c20e20c7b71454612966ca8e8171e9b3cc8ab6ce8aa6cbfec79643,0.33.2,off,16384,56.23
3hop1__389069_132457_47686|wrong_source|12,3hop1__389069_132457_47686,wrong_source,evidence,write_note,12,0,20,0.6,prov,lossless,primary,0,0,0,12,12,1,1,evidence,evidence,,0,1,0,4210,198,11854,168bfa490b87987c32e9abf27aba2b17c5b1e85904f1f25d9f267c0979b5b569,a0e38f54464b6f8b5e643bc83b60b8dda32fbe8fe27bf4fdf9fcf48f06bd15c7,qwen3.8:27b,22130167c4c20e20c7b71454612966ca8e8171e9b3cc8ab6ce8aa6cbfec79643,0.33.2,off,16384,57.09
4hop1__46196_497223_15840_36014|corrupted_output|14,4hop1__46196_497223_15840_36014,corrupted_output,tool,search,14,1,26,0.538,log,lossless,primary,0,0,0,18,14,0,0,evidence,tool,,0,1,0,4077,178,12990,ba8b77f02b64574ea7e93ea62fa1fc123ccb9b7577129cf415e005a243f5b0a5,f13b5d1ce95e7e6248bf7412384a75abb72e697ad4f334a14ee8103218e3eb83,qwen3.8:27b,22130167c4c20e20c7b71454612966ca8e8171e9b3cc8ab6ce8aa6cbfec79643,0.33.2,off,16384,53.78
4hop1__46196_497223_15840_36014|corrupted_output|14,4hop1__46196_497223_15840_36014,corrupted_output,tool,search,14,1,26,0.538,diff,lossless,primary,0,0,0,18,14,0,0,evidence,tool,,1,1,0,5401,149,17710,580493953bfd9de6d0b2d1d8a4f1e43ab9de066daab1e45d308f79bb0263f1ee,b46f4d58eea7a8c1dc78f076ea61665e17c4568a3b21fa4d82ae88b791826460,qwen3.8:27b,22130167c4c20e20c7b71454612966ca8e8171e9b3cc8ab6ce8aa6cbfec79643,0.33.2,off,16384,62.75
4hop1__46196_497223_15840_36014|corrupted_output|14,4hop1__46196_497223_15840_36014,corrupted_output,tool,search,14,1,26,0.538,prov,lossless,primary,0,0,0,18,14,0,0,evidence,tool,,0,1,0,5297,182,16394,168bfa490b87987c32e9abf27aba2b17c5b1e85904f1f25d9f267c0979b5b569,bbe8b8099956eb0cdffca4627cfd13a9425e4d80ebff29061b7d9c1cb51182dd,qwen3.8:27b,22130167c4c20e20c7b71454612966ca8e8171e9b3cc8ab6ce8aa6cbfec79643,0.33.2,off,16384,65.5
4hop1__46196_497223_15840_36014|dropped_note|24,4hop1__46196_497223_15840_36014,dropped_note,state,write_note,24,2,26,0.923,log,lossless,primary,0,0,0,24,24,1,1,state,state,,0,1,0,4120,202,13427,ba8b77f02b64574ea7e93ea62fa1fc123ccb9b7577129cf415e005a243f5b0a5,8a0dc54701639feaaba3eb07796e60fcfb4c9896aa5ee133aa4357c9b0bdc7e8,qwen3.8:27b,22130167c4c20e20c7b71454612966ca8e8171e9b3cc8ab6ce8aa6cbfec79643,0.33.2,off,16384,60.28
4hop1__46196_497223_15840_36014|dropped_note|24,4hop1__46196_497223_15840_36014,dropped_note,state,write_note,24,2,26,0.923,diff,lossless,primary,0,0,0,24,24,1,1,state,state,,0,1,0,5499,188,18462,580493953bfd9de6d0b2d1d8a4f1e43ab9de066daab1e45d308f79bb0263f1ee,3a0bbf9311b246ae9f84b55bfa44c62b7c7e9064136cc418ec1792c97ca65c2a,qwen3.8:27b,22130167c4c20e20c7b71454612966ca8e8171e9b3cc8ab6ce8aa6cbfec79643,0.33.2,off,16384,67.83
4hop1__46196_497223_15840_36014|dropped_note|24,4hop1__46196_497223_15840_36014,dropped_note,state,write_note,24,2,26,0.923,prov,lossless,primary,0,0,0,24,24,1,1,state,state,,0,1,0,5234,153,16587,168bfa490b87987c32e9abf27aba2b17c5b1e85904f1f25d9f267c0979b5b569,6d7ef0c905991e0c45e63ab4b637b9176012cce470820fa7c908a66616474d31,qwen3.8:27b,22130167c4c20e20c7b71454612966ca8e8171e9b3cc8ab6ce8aa6cbfec79643,0.33.2,off,16384,62.65
4hop1__46196_497223_15840_36014|no_source|24,4hop1__46196_497223_15840_36014,no_source,evidence,write_note,24,2,26,0.923,log,lossless,primary,0,0,0,24,24,1,1,evidence,evidence,,1,1,0,4103,148,13403,ba8b77f02b64574ea7e93ea62fa1fc123ccb9b7577129cf415e005a243f5b0a5,8460ecdcd8f440a7813aabd763b8e6d6b3600dfffe7dd082ffcfbc7194e5e49e,qwen3.8:27b,22130167c4c20e20c7b71454612966ca8e8171e9b3cc8ab6ce8aa6cbfec79643,0.33.2,off,16384,26.76
4hop1__46196_497223_15840_36014|no_source|24,4hop1__46196_497223_15840_36014,no_source,evidence,write_note,24,2,26,0.923,diff,lossless,primary,0,0,0,24,24,1,1,evidence,evidence,,1,1,0,5513,142,18567,580493953bfd9de6d0b2d1d8a4f1e43ab9de066daab1e45d308f79bb0263f1ee,bf89d24ea902d0c632702051c61909cef61a8213bf1a727a585a51ad6e7b5235,qwen3.8:27b,22130167c4c20e20c7b71454612966ca8e8171e9b3cc8ab6ce8aa6cbfec79643,0.33.2,off,16384,24.04
4hop1__46196_497223_15840_36014|no_source|24,4hop1__46196_497223_15840_36014,no_source,evidence,write_note,24,2,26,0.923,prov,lossless,primary,0,0,0,24,24,1,1,evidence,evidence,,0,1,0,5286,142,16759,168bfa490b87987c32e9abf27aba2b17c5b1e85904f1f25d9f267c0979b5b569,6c1e62c72d84acad7d88c12c3c58e753a4278b6293a9d00570cb51c0faafd652,qwen3.8:27b,22130167c4c20e20c7b71454612966ca8e8171e9b3cc8ab6ce8aa6cbfec79643,0.33.2,off,16384,26.34
4hop1__46196_497223_15840_36014|overwritten_note|12,4hop1__46196_497223_15840_36014,overwritten_note,state,write_note,12,0,26,0.462,log,lossless,primary,0,0,0,12,12,1,1,state,state,,0,1,0,4145,150,13471,ba8b77f02b64574ea7e93ea62fa1fc123ccb9b7577129cf415e005a243f5b0a5,fef8b9900416ea4fb7e2b4d5916e379709c970d1931267378704504fc9592cac,qwen3.8:27b,22130167c4c20e20c7b71454612966ca8e8171e9b3cc8ab6ce8aa6cbfec79643,0.33.2,off,16384,51.93
4hop1__46196_497223_15840_36014|overwritten_note|12,4hop1__46196_497223_15840_36014,overwritten_note,state,write_note,12,0,26,0.462,diff,lossless,primary,0,0,0,12,12,1,1,state,state,,1,1,0,5566,202,18642,580493953bfd9de6d0b2d1d8a4f1e43ab9de066daab1e45d308f79bb0263f1ee,df6f041de0fe50b7f3e4e127cd12b048e56baa4f941ac41e3e4b89876ebdfb2c,qwen3.8:27b,22130167c4c20e20c7b71454612966ca8e8171e9b3cc8ab6ce8aa6cbfec79643,0.33.2,off,16384,71.0
4hop1__46196_497223_15840_36014|overwritten_note|12,4hop1__46196_497223_15840_36014,overwritten_note,state,write_note,12,0,26,0.462,prov,lossless,primary,0,0,0,12,12,1,1,state,state,,0,1,0,5359,207,16888,168bfa490b87987c32e9abf27aba2b17c5b1e85904f1f25d9f267c0979b5b569,b491887c249e9d9a90b4187d9ec1647d97e6a885f2179774933dc77728070246,qwen3.8:27b,22130167c4c20e20c7b71454612966ca8e8171e9b3cc8ab6ce8aa6cbfec79643,0.33.2,off,16384,70.11
4hop1__46196_497223_15840_36014|sham|18,4hop1__46196_497223_15840_36014,sham,none,write_note,18,1,26,0.692,log,lossless,primary,0,1,0,14,,,,tool,none,1,1,1,0,4145,165,13467,ba8b77f02b64574ea7e93ea62fa1fc123ccb9b7577129cf415e005a243f5b0a5,fe71190332681617f8c1eb5b569a320a43af0e8982929d788db591528185aa65,qwen3.8:27b,22130167c4c20e20c7b71454612966ca8e8171e9b3cc8ab6ce8aa6cbfec79643,0.33.2,off,16384,54.42
4hop1__46196_497223_15840_36014|sham|18,4hop1__46196_497223_15840_36014,sham,none,write_note,18,1,26,0.692,diff,lossless,primary,0,1,0,,,,,none,none,0,0,1,0,5566,291,18638,580493953bfd9de6d0b2d1d8a4f1e43ab9de066daab1e45d308f79bb0263f1ee,ac4cad1c4ebba9c38c3a77ea11c517bcaafbac18266f185b2045243920c6af81,qwen3.8:27b,22130167c4c20e20c7b71454612966ca8e8171e9b3cc8ab6ce8aa6cbfec79643,0.33.2,off,16384,82.23
4hop1__46196_497223_15840_36014|sham|18,4hop1__46196_497223_15840_36014,sham,none,write_note,18,1,26,0.692,prov,lossless,primary,0,1,0,14,,,,tool,none,1,1,1,0,5359,168,16884,168bfa490b87987c32e9abf27aba2b17c5b1e85904f1f25d9f267c0979b5b569,f7eb02856e70bbb034bc6e04407c92b2fc620f4ddf897dbacc313ec4ed541fc1,qwen3.8:27b,22130167c4c20e20c7b71454612966ca8e8171e9b3cc8ab6ce8aa6cbfec79643,0.33.2,off,16384,65.86
4hop1__46196_497223_15840_36014|wrong_argument|4,4hop1__46196_497223_15840_36014,wrong_argument,tool,read,4,0,20,0.2,log,lossless,primary,0,0,0,4,4,1,1,tool,tool,,0,1,0,3246,214,10030,ba8b77f02b64574ea7e93ea62fa1fc123ccb9b7577129cf415e005a243f5b0a5,88f70b475603dbd1a1997b343911ffa9336f094c9231d446047b886531b2e1ed,qwen3.8:27b,22130167c4c20e20c7b71454612966ca8e8171e9b3cc8ab6ce8aa6cbfec79643,0.33.2,off,16384,51.76
4hop1__46196_497223_15840_36014|wrong_argument|4,4hop1__46196_497223_15840_36014,wrong_argument,tool,read,4,0,20,0.2,diff,lossless,primary,0,0,0,4,4,1,1,tool,tool,,0,1,0,4260,221,13648,580493953bfd9de6d0b2d1d8a4f1e43ab9de066daab1e45d308f79bb0263f1ee,294abce271b7baec947295f9bd3c1043feeb68090402494d4fbc8b01b8ddac14,qwen3.8:27b,22130167c4c20e20c7b71454612966ca8e8171e9b3cc8ab6ce8aa6cbfec79643,0.33.2,off,16384,61.46
4hop1__46196_497223_15840_36014|wrong_argument|4,4hop1__46196_497223_15840_36014,wrong_argument,tool,read,4,0,20,0.2,prov,lossless,primary,0,0,0,4,4,1,1,tool,tool,,0,1,0,4238,215,12914,168bfa490b87987c32e9abf27aba2b17c5b1e85904f1f25d9f267c0979b5b569,f0f244dacc34b430ec7e5ce6641a49795b6ca76a8b4d906b4ce8501fdb0d6d6d,qwen3.8:27b,22130167c4c20e20c7b71454612966ca8e8171e9b3cc8ab6ce8aa6cbfec79643,0.33.2,off,16384,60.94
4hop1__46196_497223_15840_36014|wrong_source|18,4hop1__46196_497223_15840_36014,wrong_source,evidence,write_note,18,1,26,0.692,log,lossless,primary,0,0,0,18,18,1,1,evidence,evidence,,1,1,0,4140,243,13530,ba8b77f02b64574ea7e93ea62fa1fc123ccb9b7577129cf415e005a243f5b0a5,a5693341dc486a2c8284e53fddf21a3caa1f068f8911392768113a4e87797e36,qwen3.8:27b,22130167c4c20e20c7b71454612966ca8e8171e9b3cc8ab6ce8aa6cbfec79643,0.33.2,off,16384,62.38
4hop1__46196_497223_15840_36014|wrong_source|18,4hop1__46196_497223_15840_36014,wrong_source,evidence,write_note,18,1,26,0.692,diff,lossless,primary,0,0,0,18,18,1,1,evidence,evidence,,1,1,0,5562,197,18692,580493953bfd9de6d0b2d1d8a4f1e43ab9de066daab1e45d308f79bb0263f1ee,9d61201866e7e5e821045d2f37d2369cf44da15e881336d849900e88a53837be,qwen3.8:27b,22130167c4c20e20c7b71454612966ca8e8171e9b3cc8ab6ce8aa6cbfec79643,0.33.2,off,16384,68.55
4hop1__46196_497223_15840_36014|wrong_source|18,4hop1__46196_497223_15840_36014,wrong_source,evidence,write_note,18,1,26,0.692,prov,lossless,primary,0,0,0,18,18,1,1,evidence,evidence,,0,1,0,5357,215,16937,168bfa490b87987c32e9abf27aba2b17c5b1e85904f1f25d9f267c0979b5b569,de681941d6a9ad3651839f2368070d78c60ee512b05d7c159c12a16b0c1c5310,qwen3.8:27b,22130167c4c20e20c7b71454612966ca8e8171e9b3cc8ab6ce8aa6cbfec79643,0.33.2,off,16384,69.85
3hop1__139773_88110_21193|corrupted_output|10,3hop1__139773_88110_21193,corrupted_output,tool,read,10,2,38,0.263,log,lossless,primary,0,0,0,10,10,1,1,tool,tool,,0,1,0,6306,196,20996,ba8b77f02b64574ea7e93ea62fa1fc123ccb9b7577129cf415e005a243f5b0a5,d41dde3f87e9e84d8adf6b9a42ffecb04f259843fb52ac7a849eefbdbf059f9f,qwen3.8:27b,22130167c4c20e20c7b71454612966ca8e8171e9b3cc8ab6ce8aa6cbfec79643,0.33.2,off,16384,75.23
3hop1__139773_88110_21193|corrupted_output|10,3hop1__139773_88110_21193,corrupted_output,tool,read,10,2,38,0.263,diff,lossless,primary,0,0,0,10,10,1,1,tool,tool,,0,1,0,7728,195,25361,580493953bfd9de6d0b2d1d8a4f1e43ab9de066daab1e45d308f79bb0263f1ee,e9c665196847063a358e1f5809267056167ce8555e60b6b8c7bf1aa053967209,qwen3.8:27b,22130167c4c20e20c7b71454612966ca8e8171e9b3cc8ab6ce8aa6cbfec79643,0.33.2,off,16384,88.38
3hop1__139773_88110_21193|corrupted_output|10,3hop1__139773_88110_21193,corrupted_output,tool,read,10,2,38,0.263,prov,lossless,primary,0,0,0,10,10,1,1,tool,tool,,0,1,0,7698,234,25159,168bfa490b87987c32e9abf27aba2b17c5b1e85904f1f25d9f267c0979b5b569,aba5474590dd41fb67742cffa9c0e1cf57aa5aae4905949614371ccc665f9020,qwen3.8:27b,22130167c4c20e20c7b71454612966ca8e8171e9b3cc8ab6ce8aa6cbfec79643,0.33.2,off,16384,91.09
3hop1__139773_88110_21193|dropped_note|6,3hop1__139773_88110_21193,dropped_note,state,write_note,6,0,14,0.429,log,lossless,primary,0,0,0,6,6,1,1,state,state,,0,1,0,2584,140,7357,ba8b77f02b64574ea7e93ea62fa1fc123ccb9b7577129cf415e005a243f5b0a5,32f5289d26187204d0c91a1d385f7eb1341c62876f75fef1bc243daf831b55ec,qwen3.8:27b,22130167c4c20e20c7b71454612966ca8e8171e9b3cc8ab6ce8aa6cbfec79643,0.33.2,off,16384,37.11
3hop1__139773_88110_21193|dropped_note|6,3hop1__139773_88110_21193,dropped_note,state,write_note,6,0,14,0.429,diff,lossless,primary,0,0,0,6,6,1,1,state,state,,0,1,0,3364,203,10156,580493953bfd9de6d0b2d1d8a4f1e43ab9de066daab1e45d308f79bb0263f1ee,c632f71a57429429776ae1098bd795ea45a0e89bd0dee0d3785749d50db99d7e,qwen3.8:27b,22130167c4c20e20c7b71454612966ca8e8171e9b3cc8ab6ce8aa6cbfec79643,0.33.2,off,16384,54.64
3hop1__139773_88110_21193|dropped_note|6,3hop1__139773_88110_21193,dropped_note,state,write_note,6,0,14,0.429,prov,lossless,primary,0,0,0,6,6,1,1,state,state,,0,1,0,3202,180,9134,168bfa490b87987c32e9abf27aba2b17c5b1e85904f1f25d9f267c0979b5b569,02c1d163880a0b59367639b8e0ab3e4ee323a4074132232ad7993cf915df1eb3,qwen3.8:27b,22130167c4c20e20c7b71454612966ca8e8171e9b3cc8ab6ce8aa6cbfec79643,0.33.2,off,16384,48.56
3hop1__139773_88110_21193|no_source|6,3hop1__139773_88110_21193,no_source,evidence,write_note,6,0,38,0.158,log,lossless,primary,0,0,0,6,6,1,1,evidence,evidence,,1,1,0,3872,197,13053,ba8b77f02b64574ea7e93ea62fa1fc123ccb9b7577129cf415e005a243f5b0a5,b39aad3b22ae835a894ab7d746d70a3fca181e335d52f65553d91a07075769d4,qwen3.8:27b,22130167c4c20e20c7b71454612966ca8e8171e9b3cc8ab6ce8aa6cbfec79643,0.33.2,off,16384,55.34
3hop1__139773_88110_21193|no_source|6,3hop1__139773_88110_21193,no_source,evidence,write_note,6,0,38,0.158,diff,lossless,primary,0,0,0,6,6,1,1,evidence,evidence,,1,1,0,5251,146,17426,580493953bfd9de6d0b2d1d8a4f1e43ab9de066daab1e45d308f79bb0263f1ee,45db66c72c1004a20aa1a8e5782894be1b849ef106176255cacc0aeade232093,qwen3.8:27b,22130167c4c20e20c7b71454612966ca8e8171e9b3cc8ab6ce8aa6cbfec79643,0.33.2,off,16384,62.41
3hop1__139773_88110_21193|no_source|6,3hop1__139773_88110_21193,no_source,evidence,write_note,6,0,38,0.158,prov,lossless,primary,0,0,0,6,6,1,1,evidence,evidence,,0,1,0,5142,152,16643,168bfa490b87987c32e9abf27aba2b17c5b1e85904f1f25d9f267c0979b5b569,dc0879a636af1408c550d824c5793329b3a2f9c0ca0eb18928b2d3085329d721,qwen3.8:27b,22130167c4c20e20c7b71454612966ca8e8171e9b3cc8ab6ce8aa6cbfec79643,0.33.2,off,16384,64.01
3hop1__139773_88110_21193|overwritten_note|12,3hop1__139773_88110_21193,overwritten_note,state,write_note,12,1,14,0.857,log,lossless,primary,0,0,0,12,12,1,1,state,state,,1,1,0,2588,142,7386,ba8b77f02b64574ea7e93ea62fa1fc123ccb9b7577129cf415e005a243f5b0a5,adb33f63e66c3db033d15be58da9aafaeced3444eb164b1ced3d278871d47edc,qwen3.8:27b,22130167c4c20e20c7b71454612966ca8e8171e9b3cc8ab6ce8aa6cbfec79643,0.33.2,off,16384,37.75
3hop1__139773_88110_21193|overwritten_note|12,3hop1__139773_88110_21193,overwritten_note,state,write_note,12,1,14,0.857,diff,lossless,primary,0,0,0,12,12,1,1,state,state,,1,1,0,3418,183,10338,580493953bfd9de6d0b2d1d8a4f1e43ab9de066daab1e45d308f79bb0263f1ee,fb71efb2a6f0ef735764d77facaefc564317f3d1f20446c9754252c5510eaae9,qwen3.8:27b,22130167c4c20e20c7b71454612966ca8e8171e9b3cc8ab6ce8aa6cbfec79643,0.33.2,off,16384,49.33
3hop1__139773_88110_21193|overwritten_note|12,3hop1__139773_88110_21193,overwritten_note,state,write_note,12,1,14,0.857,prov,lossless,primary,0,0,0,12,12,1,1,state,state,,1,1,0,3280,194,9327,168bfa490b87987c32e9abf27aba2b17c5b1e85904f1f25d9f267c0979b5b569,01cd948c49a2141dc83a29adff6f5463026ae5509d9cc3ce5ea4582abf3facc3,qwen3.8:27b,22130167c4c20e20c7b71454612966ca8e8171e9b3cc8ab6ce8aa6cbfec79643,0.33.2,off,16384,48.66
3hop1__139773_88110_21193|sham|12,3hop1__139773_88110_21193,sham,none,write_note,12,1,14,0.857,log,lossless,primary,0,1,0,,,,,none,none,0,0,1,0,2599,128,7400,ba8b77f02b64574ea7e93ea62fa1fc123ccb9b7577129cf415e005a243f5b0a5,095e7abdd67ea5f867993c71e7959ba134ec7144f399bed0bdbb54e5ed4ad1ce,qwen3.8:27b,22130167c4c20e20c7b71454612966ca8e8171e9b3cc8ab6ce8aa6cbfec79643,0.33.2,off,16384,25.31
3hop1__139773_88110_21193|sham|12,3hop1__139773_88110_21193,sham,none,write_note,12,1,14,0.857,diff,lossless,primary,0,1,0,,,,,none,none,0,0,1,0,3428,120,10352,580493953bfd9de6d0b2d1d8a4f1e43ab9de066daab1e45d308f79bb0263f1ee,9b725f83ad01efa1e86c9b31a79cefc2f08ae69d1d616238a7c8bd3fea1de0c8,qwen3.8:27b,22130167c4c20e20c7b71454612966ca8e8171e9b3cc8ab6ce8aa6cbfec79643,0.33.2,off,16384,24.45
3hop1__139773_88110_21193|sham|12,3hop1__139773_88110_21193,sham,none,write_note,12,1,14,0.857,prov,lossless,primary,0,1,0,,,,,none,none,0,0,1,0,3311,134,9436,168bfa490b87987c32e9abf27aba2b17c5b1e85904f1f25d9f267c0979b5b569,1d47f52b5baabd2272312339770dff3beb74ae4c0381cf292ff7515c814c7920,qwen3.8:27b,22130167c4c20e20c7b71454612966ca8e8171e9b3cc8ab6ce8aa6cbfec79643,0.33.2,off,16384,26.2
3hop1__139773_88110_21193|wrong_argument|8,3hop1__139773_88110_21193,wrong_argument,tool,search,8,1,20,0.4,log,lossless,primary,0,0,0,8,8,1,1,tool,tool,,0,1,0,3393,162,10350,ba8b77f02b64574ea7e93ea62fa1fc123ccb9b7577129cf415e005a243f5b0a5,b6b4f9b81e78febb48c0b1177765e3937fb51fe623fb930683f01ab96741f45a,qwen3.8:27b,22130167c4c20e20c7b71454612966ca8e8171e9b3cc8ab6ce8aa6cbfec79643,0.33.2,off,16384,32.23
3hop1__139773_88110_21193|wrong_argument|8,3hop1__139773_88110_21193,wrong_argument,tool,search,8,1,20,0.4,diff,lossless,primary,0,0,0,8,8,1,1,tool,tool,,1,1,0,4517,143,14230,580493953bfd9de6d0b2d1d8a4f1e43ab9de066daab1e45d308f79bb0263f1ee,03f150546c8c173fc366a725575171f13b672e8c7a434c3384d5d8ada3b83668,qwen3.8:27b,22130167c4c20e20c7b71454612966ca8e8171e9b3cc8ab6ce8aa6cbfec79643,0.33.2,off,16384,53.87
3hop1__139773_88110_21193|wrong_argument|8,3hop1__139773_88110_21193,wrong_argument,tool,search,8,1,20,0.4,prov,lossless,primary,0,0,0,8,8,1,1,tool,tool,,1,1,0,4361,158,13083,168bfa490b87987c32e9abf27aba2b17c5b1e85904f1f25d9f267c0979b5b569,7562acd02d01699dd5756f7e390c481c69c33b6cc78e165ff9f8cf7946fdd754,qwen3.8:27b,22130167c4c20e20c7b71454612966ca8e8171e9b3cc8ab6ce8aa6cbfec79643,0.33.2,off,16384,54.57
3hop1__139773_88110_21193|wrong_source|12,3hop1__139773_88110_21193,wrong_source,evidence,write_note,12,1,14,0.857,log,lossless,primary,0,0,0,12,12,1,1,evidence,evidence,,1,1,0,2601,181,7400,ba8b77f02b64574ea7e93ea62fa1fc123ccb9b7577129cf415e005a243f5b0a5,ce8d9ffc2de7b0fffe871d1480d9e7b945ac4ad8ecfdf68c5d6e2f7283395c0c,qwen3.8:27b,22130167c4c20e20c7b71454612966ca8e8171e9b3cc8ab6ce8aa6cbfec79643,0.33.2,off,16384,27.32
3hop1__139773_88110_21193|wrong_source|12,3hop1__139773_88110_21193,wrong_source,evidence,write_note,12,1,14,0.857,diff,lossless,primary,0,0,0,12,12,1,1,evidence,evidence,,0,1,0,3431,212,10352,580493953bfd9de6d0b2d1d8a4f1e43ab9de066daab1e45d308f79bb0263f1ee,6d8483fdd65633f863376b14b6839028ea3162a3c44cb19cb0653ee3637836c2,qwen3.8:27b,22130167c4c20e20c7b71454612966ca8e8171e9b3cc8ab6ce8aa6cbfec79643,0.33.2,off,16384,53.39
3hop1__139773_88110_21193|wrong_source|12,3hop1__139773_88110_21193,wrong_source,evidence,write_note,12,1,14,0.857,prov,lossless,primary,0,0,0,12,12,1,1,evidence,evidence,,0,1,0,3314,176,9436,168bfa490b87987c32e9abf27aba2b17c5b1e85904f1f25d9f267c0979b5b569,b5de3ef1f62cc83757d538d6967816c353c4bb2187208018f7dd07d31e512474,qwen3.8:27b,22130167c4c20e20c7b71454612966ca8e8171e9b3cc8ab6ce8aa6cbfec79643,0.33.2,off,16384,45.89
3hop2__655849_467331_162182|corrupted_output|2,3hop2__655849_467331_162182,corrupted_output,tool,search,2,0,20,0.1,log,lossless,primary,0,0,0,6,2,0,0,evidence,tool,,1,1,0,3237,217,9056,ba8b77f02b64574ea7e93ea62fa1fc123ccb9b7577129cf415e005a243f5b0a5,3f3d69d83910bf29a1ea3b1202dddd914f3eeffe795514218745335803813500,qwen3.8:27b,22130167c4c20e20c7b71454612966ca8e8171e9b3cc8ab6ce8aa6cbfec79643,0.33.2,off,16384,49.19
3hop2__655849_467331_162182|corrupted_output|2,3hop2__655849_467331_162182,corrupted_output,tool,search,2,0,20,0.1,diff,lossless,primary,0,0,0,6,2,0,0,evidence,tool,,0,1,0,4102,167,11822,580493953bfd9de6d0b2d1d8a4f1e43ab9de066daab1e45d308f79bb0263f1ee,350e416ee51a325af2cfff29f0c3d3b9f32c73a07bdc71359fa2feabce87c466,qwen3.8:27b,22130167c4c20e20c7b71454612966ca8e8171e9b3cc8ab6ce8aa6cbfec79643,0.33.2,off,16384,52.98
3hop2__655849_467331_162182|corrupted_output|2,3hop2__655849_467331_162182,corrupted_output,tool,search,2,0,20,0.1,prov,lossless,primary,0,0,0,6,2,0,0,evidence,tool,,0,1,0,4215,199,11750,168bfa490b87987c32e9abf27aba2b17c5b1e85904f1f25d9f267c0979b5b569,f0ddb0975e0fa513fcf1b1c12f80d016ba949e9ebb676af55c87da84c3f1090d,qwen3.8:27b,22130167c4c20e20c7b71454612966ca8e8171e9b3cc8ab6ce8aa6cbfec79643,0.33.2,off,16384,56.33
3hop2__655849_467331_162182|dropped_note|12,3hop2__655849_467331_162182,dropped_note,state,write_note,12,1,20,0.6,log,lossless,primary,0,0,0,,12,0,0,none,state,,0,1,0,3262,134,9440,ba8b77f02b64574ea7e93ea62fa1fc123ccb9b7577129cf415e005a243f5b0a5,d0f9946d0402c225128f44bac6e797c96cdd03c05e3f78c1992b2e353a2f4458,qwen3.8:27b,22130167c4c20e20c7b71454612966ca8e8171e9b3cc8ab6ce8aa6cbfec79643,0.33.2,off,16384,45.02
3hop2__655849_467331_162182|dropped_note|12,3hop2__655849_467331_162182,dropped_note,state,write_note,12,1,20,0.6,diff,lossless,primary,0,0,0,12,12,1,1,state,state,,0,1,0,4160,180,12405,580493953bfd9de6d0b2d1d8a4f1e43ab9de066daab1e45d308f79bb0263f1ee,5fb5a9c7a77936d97e9eeac7ea60306b702e0a3aac4b6e9d39c7e7904dca1fea,qwen3.8:27b,22130167c4c20e20c7b71454612966ca8e8171e9b3cc8ab6ce8aa6cbfec79643,0.33.2,off,16384,57.9
3hop2__655849_467331_162182|dropped_note|12,3hop2__655849_467331_162182,dropped_note,state,write_note,12,1,20,0.6,prov,lossless,primary,0,0,0,12,12,1,1,state,state,,0,1,0,4156,173,12009,168bfa490b87987c32e9abf27aba2b17c5b1e85904f1f25d9f267c0979b5b569,42b77bf0af1e1c2ccadcf6cfceef0386d0ab34c8f74703f2fe3e81fa705a41c4,qwen3.8:27b,22130167c4c20e20c7b71454612966ca8e8171e9b3cc8ab6ce8aa6cbfec79643,0.33.2,off,16384,56.62
3hop2__655849_467331_162182|no_source|12,3hop2__655849_467331_162182,no_source,evidence,write_note,12,1,20,0.6,log,lossless,primary,0,0,0,12,12,1,1,evidence,evidence,,1,1,0,3258,170,9438,ba8b77f02b64574ea7e93ea62fa1fc123ccb9b7577129cf415e005a243f5b0a5,711fd5790b8ceff5f98ca6bb06a163201e25cce41bbb1da99a5077be3ac60830,qwen3.8:27b,22130167c4c20e20c7b71454612966ca8e8171e9b3cc8ab6ce8aa6cbfec79643,0.33.2,off,16384,45.02
3hop2__655849_467331_162182|no_source|12,3hop2__655849_467331_162182,no_source,evidence,write_note,12,1,20,0.6,diff,lossless,primary,0,0,0,12,12,1,1,evidence,evidence,,1,1,0,4186,130,12508,580493953bfd9de6d0b2d1d8a4f1e43ab9de066daab1e45d308f79bb0263f1ee,68086bfc7a82e710dff9b8c7e93dc0dd83209a86fd853ce2215ce0c8bf01c464,qwen3.8:27b,22130167c4c20e20c7b71454612966ca8e8171e9b3cc8ab6ce8aa6cbfec79643,0.33.2,off,16384,49.05
3hop2__655849_467331_162182|no_source|12,3hop2__655849_467331_162182,no_source,evidence,write_note,12,1,20,0.6,prov,lossless,primary,0,0,0,12,12,1,1,evidence,evidence,,0,1,0,4209,139,12174,168bfa490b87987c32e9abf27aba2b17c5b1e85904f1f25d9f267c0979b5b569,505d552eaf775c525c3395627d53a06669e16c7923de280d243d254d31118d06,qwen3.8:27b,22130167c4c20e20c7b71454612966ca8e8171e9b3cc8ab6ce8aa6cbfec79643,0.33.2,off,16384,51.47
3hop2__655849_467331_162182|overwritten_note|18,3hop2__655849_467331_162182,overwritten_note,state,write_note,18,2,20,0.9,log,lossless,primary,0,0,0,18,18,1,1,state,state,,1,1,0,3268,152,9493,ba8b77f02b64574ea7e93ea62fa1fc123ccb9b7577129cf415e005a243f5b0a5,c991859798020745de32c9248995ff7c0aa81c3288f34cc0a6c4f3a00121b4eb,qwen3.8:27b,22130167c4c20e20c7b71454612966ca8e8171e9b3cc8ab6ce8aa6cbfec79643,0.33.2,off,16384,44.21
3hop2__655849_467331_162182|overwritten_note|18,3hop2__655849_467331_162182,overwritten_note,state,write_note,18,2,20,0.9,diff,lossless,primary,0,0,0,18,18,1,1,state,state,,1,1,0,4210,188,12573,580493953bfd9de6d0b2d1d8a4f1e43ab9de066daab1e45d308f79bb0263f1ee,456894999615e750756c92587e19bf79cc498e7d5b849ad02628abe2510aeb8c,qwen3.8:27b,22130167c4c20e20c7b71454612966ca8e8171e9b3cc8ab6ce8aa6cbfec79643,0.33.2,off,16384,54.81
3hop2__655849_467331_162182|overwritten_note|18,3hop2__655849_467331_162182,overwritten_note,state,write_note,18,2,20,0.9,prov,lossless,primary,0,0,0,18,18,1,1,state,state,,1,1,0,4238,198,12272,168bfa490b87987c32e9abf27aba2b17c5b1e85904f1f25d9f267c0979b5b569,535525753e8a9cd601079eece1c15dcfa1bffc993f4213dd5c876491a70c7b9f,qwen3.8:27b,22130167c4c20e20c7b71454612966ca8e8171e9b3cc8ab6ce8aa6cbfec79643,0.33.2,off,16384,56.82
3hop2__655849_467331_162182|sham|12,3hop2__655849_467331_162182,sham,none,write_note,12,1,20,0.6,log,lossless,primary,0,1,0,,,,,none,none,0,0,1,0,3279,120,9491,ba8b77f02b64574ea7e93ea62fa1fc123ccb9b7577129cf415e005a243f5b0a5,2dea5de68c236e7ff371a6f82393c0815c093f1f48a8d26323fcc80feeee51f3,qwen3.8:27b,22130167c4c20e20c7b71454612966ca8e8171e9b3cc8ab6ce8aa6cbfec79643,0.33.2,off,16384,23.89
3hop2__655849_467331_162182|sham|12,3hop2__655849_467331_162182,sham,none,write_note,12,1,20,0.6,diff,lossless,primary,0,1,0,,,,,none,none,0,0,1,0,4220,120,12571,580493953bfd9de6d0b2d1d8a4f1e43ab9de066daab1e45d308f79bb0263f1ee,06807f14614bafbc35e072a8e1bab986b5b97c95cd8c8137dcc72e5d999c45be,qwen3.8:27b,22130167c4c20e20c7b71454612966ca8e8171e9b3cc8ab6ce8aa6cbfec79643,0.33.2,off,16384,23.68
3hop2__655849_467331_162182|sham|12,3hop2__655849_467331_162182,sham,none,write_note,12,1,20,0.6,prov,lossless,primary,0,1,0,,,,,none,none,0,0,1,0,4267,124,12309,168bfa490b87987c32e9abf27aba2b17c5b1e85904f1f25d9f267c0979b5b569,4a8351633cf3e52a9187dca46f0c760ad3f98f5aafb4ee8b0df3f6301237c72c,qwen3.8:27b,22130167c4c20e20c7b71454612966ca8e8171e9b3cc8ab6ce8aa6cbfec79643,0.33.2,off,16384,26.23
3hop2__655849_467331_162182|wrong_argument|16,3hop2__655849_467331_162182,wrong_argument,tool,read,16,2,20,0.8,log,lossless,primary,0,0,0,16,16,1,1,tool,tool,,0,1,0,3233,181,9244,ba8b77f02b64574ea7e93ea62fa1fc123ccb9b7577129cf415e005a243f5b0a5,15267cdec777a4b6a475b83260fd59588126d9e08e75b5307b355f4439394f9f,qwen3.8:27b,22130167c4c20e20c7b71454612966ca8e8171e9b3cc8ab6ce8aa6cbfec79643,0.33.2,off,16384,28.87
3hop2__655849_467331_162182|wrong_argument|16,3hop2__655849_467331_162182,wrong_argument,tool,read,16,2,20,0.8,diff,lossless,primary,0,0,0,16,16,1,1,tool,tool,,1,1,0,4156,169,12184,580493953bfd9de6d0b2d1d8a4f1e43ab9de066daab1e45d308f79bb0263f1ee,8d0f8ba34236b78f4cfe94cc903d5c19550a8b7ccab34b469f8855e3cf4ac991,qwen3.8:27b,22130167c4c20e20c7b71454612966ca8e8171e9b3cc8ab6ce8aa6cbfec79643,0.33.2,off,16384,26.6
3hop2__655849_467331_162182|wrong_argument|16,3hop2__655849_467331_162182,wrong_argument,tool,read,16,2,20,0.8,prov,lossless,primary,0,0,0,16,16,1,1,tool,tool,,1,1,0,4220,171,12062,168bfa490b87987c32e9abf27aba2b17c5b1e85904f1f25d9f267c0979b5b569,63e98f36aee6c3a757d73eba61e6db0e48e593ea495aa375434c211669fb07df,qwen3.8:27b,22130167c4c20e20c7b71454612966ca8e8171e9b3cc8ab6ce8aa6cbfec79643,0.33.2,off,16384,27.34
3hop2__655849_467331_162182|wrong_source|12,3hop2__655849_467331_162182,wrong_source,evidence,write_note,12,0,20,0.6,log,lossless,primary,0,0,0,12,12,1,1,evidence,evidence,,1,1,0,3278,247,9491,ba8b77f02b64574ea7e93ea62fa1fc123ccb9b7577129cf415e005a243f5b0a5,aae5203105de738658f3f85057cda10106639ced9ef58553d36182808b9e58d5,qwen3.8:27b,22130167c4c20e20c7b71454612966ca8e8171e9b3cc8ab6ce8aa6cbfec79643,0.33.2,off,16384,53.73
3hop2__655849_467331_162182|wrong_source|12,3hop2__655849_467331_162182,wrong_source,evidence,write_note,12,0,20,0.6,diff,lossless,primary,0,0,0,12,12,1,1,evidence,evidence,,0,1,0,4218,196,12571,580493953bfd9de6d0b2d1d8a4f1e43ab9de066daab1e45d308f79bb0263f1ee,d0838fa9c97644353cf1823e9ee4d367bb45d23db2e3a046998b0936b6fb4c73,qwen3.8:27b,22130167c4c20e20c7b71454612966ca8e8171e9b3cc8ab6ce8aa6cbfec79643,0.33.2,off,16384,56.14
3hop2__655849_467331_162182|wrong_source|12,3hop2__655849_467331_162182,wrong_source,evidence,write_note,12,0,20,0.6,prov,lossless,primary,0,0,0,12,12,1,1,evidence,evidence,,0,1,0,4265,179,12309,168bfa490b87987c32e9abf27aba2b17c5b1e85904f1f25d9f267c0979b5b569,21d07278be8f0135a3b2e8e290274cb66446496ae6b4bddd1ef93641b7cb13cf,qwen3.8:27b,22130167c4c20e20c7b71454612966ca8e8171e9b3cc8ab6ce8aa6cbfec79643,0.33.2,off,16384,55.38
4hop3__160230_470287_345497_72134|corrupted_output|16,4hop3__160230_470287_345497_72134,corrupted_output,tool,read,16,1,30,0.533,log,lossless,primary,0,0,0,16,16,1,1,tool,tool,,0,1,0,5023,207,15900,ba8b77f02b64574ea7e93ea62fa1fc123ccb9b7577129cf415e005a243f5b0a5,dbfb8c83dd2c888b4525d894e13368bed5e778d0d84ee7a3fd6ed136823ae94c,qwen3.8:27b,22130167c4c20e20c7b71454612966ca8e8171e9b3cc8ab6ce8aa6cbfec79643,0.33.2,off,16384,63.52
4hop3__160230_470287_345497_72134|corrupted_output|16,4hop3__160230_470287_345497_72134,corrupted_output,tool,read,16,1,30,0.533,diff,lossless,primary,0,0,0,16,16,1,1,tool,tool,,0,1,0,6679,207,21614,580493953bfd9de6d0b2d1d8a4f1e43ab9de066daab1e45d308f79bb0263f1ee,c611e8feaa3c4acf0650584b35faf2ebc3853e94ab32811163a6f51e5a04d29b,qwen3.8:27b,22130167c4c20e20c7b71454612966ca8e8171e9b3cc8ab6ce8aa6cbfec79643,0.33.2,off,16384,78.29
4hop3__160230_470287_345497_72134|corrupted_output|16,4hop3__160230_470287_345497_72134,corrupted_output,tool,read,16,1,30,0.533,prov,lossless,primary,0,0,0,16,16,1,1,tool,tool,,1,1,0,6394,277,19851,168bfa490b87987c32e9abf27aba2b17c5b1e85904f1f25d9f267c0979b5b569,c13614d1e3bd244a2259cf78f53e0449013e2bc7c66750ad0439e660bc4cf3d5,qwen3.8:27b,22130167c4c20e20c7b71454612966ca8e8171e9b3cc8ab6ce8aa6cbfec79643,0.33.2,off,16384,83.94
4hop3__160230_470287_345497_72134|dropped_note|24,4hop3__160230_470287_345497_72134,dropped_note,state,write_note,24,2,26,0.923,log,lossless,primary,0,0,0,24,24,1,1,state,state,,0,1,0,4427,179,13806,ba8b77f02b64574ea7e93ea62fa1fc123ccb9b7577129cf415e005a243f5b0a5,877b2d7679f16cd8d027799a8b3dc13ca05caf77d4b57ec9e85d2b5e6b4ac1d8,qwen3.8:27b,22130167c4c20e20c7b71454612966ca8e8171e9b3cc8ab6ce8aa6cbfec79643,0.33.2,off,16384,58.24
4hop3__160230_470287_345497_72134|dropped_note|24,4hop3__160230_470287_345497_72134,dropped_note,state,write_note,24,2,26,0.923,diff,lossless,primary,0,0,0,24,24,1,1,state,state,,0,1,0,5964,184,19181,580493953bfd9de6d0b2d1d8a4f1e43ab9de066daab1e45d308f79bb0263f1ee,44497f7fd0a1a263cff5cbd06db873e8271432672fcabe38d0a87c75fc285628,qwen3.8:27b,22130167c4c20e20c7b71454612966ca8e8171e9b3cc8ab6ce8aa6cbfec79643,0.33.2,off,16384,71.98
4hop3__160230_470287_345497_72134|dropped_note|24,4hop3__160230_470287_345497_72134,dropped_note,state,write_note,24,2,26,0.923,prov,lossless,primary,0,0,0,24,24,1,1,state,state,,0,1,0,5580,162,17118,168bfa490b87987c32e9abf27aba2b17c5b1e85904f1f25d9f267c0979b5b569,a196be45b0500662211de2ded49efd63492b532228ca0d121e27413874461746,qwen3.8:27b,22130167c4c20e20c7b71454612966ca8e8171e9b3cc8ab6ce8aa6cbfec79643,0.33.2,off,16384,67.33
4hop3__160230_470287_345497_72134|no_source|24,4hop3__160230_470287_345497_72134,no_source,evidence,write_note,24,2,26,0.923,log,lossless,primary,0,0,0,24,24,1,1,evidence,evidence,,1,1,0,4419,153,13823,ba8b77f02b64574ea7e93ea62fa1fc123ccb9b7577129cf415e005a243f5b0a5,5a90df00d5194135f5c456a369c61645ecbed449066537a11358fa10475130b3,qwen3.8:27b,22130167c4c20e20c7b71454612966ca8e8171e9b3cc8ab6ce8aa6cbfec79643,0.33.2,off,16384,25.89
4hop3__160230_470287_345497_72134|no_source|24,4hop3__160230_470287_345497_72134,no_source,evidence,write_note,24,2,26,0.923,diff,lossless,primary,0,0,0,24,24,1,1,evidence,evidence,,1,1,0,5985,149,19295,580493953bfd9de6d0b2d1d8a4f1e43ab9de066daab1e45d308f79bb0263f1ee,f932325d9104d84b1ca9e8a3ad7e6d7370271c4162e4b0bfaf153945aeb6a856,qwen3.8:27b,22130167c4c20e20c7b71454612966ca8e8171e9b3cc8ab6ce8aa6cbfec79643,0.33.2,off,16384,25.65
4hop3__160230_470287_345497_72134|no_source|24,4hop3__160230_470287_345497_72134,no_source,evidence,write_note,24,2,26,0.923,prov,lossless,primary,0,0,0,24,24,1,1,evidence,evidence,,0,1,0,5640,137,17333,168bfa490b87987c32e9abf27aba2b17c5b1e85904f1f25d9f267c0979b5b569,b45457b36eb450b5f04e78a11b5318bd170ed9511c918b77dc27507b4ad5d63d,qwen3.8:27b,22130167c4c20e20c7b71454612966ca8e8171e9b3cc8ab6ce8aa6cbfec79643,0.33.2,off,16384,25.86
4hop3__160230_470287_345497_72134|overwritten_note|12,4hop3__160230_470287_345497_72134,overwritten_note,state,write_note,12,0,26,0.462,log,lossless,primary,0,0,0,12,12,1,1,state,state,,0,1,0,4454,158,13858,ba8b77f02b64574ea7e93ea62fa1fc123ccb9b7577129cf415e005a243f5b0a5,b72da184e6a40db76426264b42ae6e423a770b1d2085bde370e2417004b16caa,qwen3.8:27b,22130167c4c20e20c7b71454612966ca8e8171e9b3cc8ab6ce8aa6cbfec79643,0.33.2,off,16384,54.53
4hop3__160230_470287_345497_72134|overwritten_note|12,4hop3__160230_470287_345497_72134,overwritten_note,state,write_note,12,0,26,0.462,diff,lossless,primary,0,0,0,12,12,1,1,state,state,,1,1,0,6032,202,19340,580493953bfd9de6d0b2d1d8a4f1e43ab9de066daab1e45d308f79bb0263f1ee,ef57fc8092f6ecc68f17c7fa95abea90fa6b4867078581fb107b7afeaa82795a,qwen3.8:27b,22130167c4c20e20c7b71454612966ca8e8171e9b3cc8ab6ce8aa6cbfec79643,0.33.2,off,16384,73.78
4hop3__160230_470287_345497_72134|overwritten_note|12,4hop3__160230_470287_345497_72134,overwritten_note,state,write_note,12,0,26,0.462,prov,lossless,primary,0,0,0,12,12,1,1,state,state,,1,1,0,5707,209,17433,168bfa490b87987c32e9abf27aba2b17c5b1e85904f1f25d9f267c0979b5b569,ed38f28b869e077ead103ceeacc17d8faa6a5212616269a5c11d17b0f98553c0,qwen3.8:27b,22130167c4c20e20c7b71454612966ca8e8171e9b3cc8ab6ce8aa6cbfec79643,0.33.2,off,16384,71.41
4hop3__160230_470287_345497_72134|sham|18,4hop3__160230_470287_345497_72134,sham,none,write_note,18,1,26,0.692,log,lossless,primary,0,1,0,,,,,none,none,0,0,1,0,4454,993,13857,ba8b77f02b64574ea7e93ea62fa1fc123ccb9b7577129cf415e005a243f5b0a5,2d035cc848e49d85f094621c22414aeadabf43b580d2caf62257ebd6f9c22e6c,qwen3.8:27b,22130167c4c20e20c7b71454612966ca8e8171e9b3cc8ab6ce8aa6cbfec79643,0.33.2,off,16384,161.72
4hop3__160230_470287_345497_72134|sham|18,4hop3__160230_470287_345497_72134,sham,none,write_note,18,1,26,0.692,diff,lossless,primary,0,1,0,,,,,none,none,0,0,1,0,6032,107,19339,580493953bfd9de6d0b2d1d8a4f1e43ab9de066daab1e45d308f79bb0263f1ee,66d53d54828c667b5a749e7ad3554298c67fd45d0b82f3e836fc9c4c5f66eedc,qwen3.8:27b,22130167c4c20e20c7b71454612966ca8e8171e9b3cc8ab6ce8aa6cbfec79643,0.33.2,off,16384,66.16
4hop3__160230_470287_345497_72134|sham|18,4hop3__160230_470287_345497_72134,sham,none,write_note,18,1,26,0.692,prov,lossless,primary,0,1,0,,,,,none,none,0,0,1,0,5707,182,17441,168bfa490b87987c32e9abf27aba2b17c5b1e85904f1f25d9f267c0979b5b569,7dbab81367d6b67dc0b930128e3e7be2ee243f7e2df8d0a649f740590481a162,qwen3.8:27b,22130167c4c20e20c7b71454612966ca8e8171e9b3cc8ab6ce8aa6cbfec79643,0.33.2,off,16384,72.74
4hop3__160230_470287_345497_72134|wrong_argument|8,4hop3__160230_470287_345497_72134,wrong_argument,tool,search,8,0,26,0.308,log,lossless,primary,0,0,0,8,8,1,1,tool,tool,,0,1,0,4447,187,13859,ba8b77f02b64574ea7e93ea62fa1fc123ccb9b7577129cf415e005a243f5b0a5,59ef163f46e553c377c2995bbcb4c6c0b6b279003b8c164e2b06cf02eacbdbd2,qwen3.8:27b,22130167c4c20e20c7b71454612966ca8e8171e9b3cc8ab6ce8aa6cbfec79643,0.33.2,off,16384,58.93
4hop3__160230_470287_345497_72134|wrong_argument|8,4hop3__160230_470287_345497_72134,wrong_argument,tool,search,8,0,26,0.308,diff,lossless,primary,0,0,0,8,8,1,1,tool,tool,,1,1,0,6025,168,19341,580493953bfd9de6d0b2d1d8a4f1e43ab9de066daab1e45d308f79bb0263f1ee,6de9efbf8ad606b188458d228a3e705660c9c470afc31ee94841940525f5d5e7,qwen3.8:27b,22130167c4c20e20c7b71454612966ca8e8171e9b3cc8ab6ce8aa6cbfec79643,0.33.2,off,16384,69.46
4hop3__160230_470287_345497_72134|wrong_argument|8,4hop3__160230_470287_345497_72134,wrong_argument,tool,search,8,0,26,0.308,prov,lossless,primary,0,0,0,8,8,1,1,tool,tool,,1,1,0,5707,144,17442,168bfa490b87987c32e9abf27aba2b17c5b1e85904f1f25d9f267c0979b5b569,4d0dd5cc20c9d332ffdebef9faa41a13a8fc126d510e3181385c0091528fe7d9,qwen3.8:27b,22130167c4c20e20c7b71454612966ca8e8171e9b3cc8ab6ce8aa6cbfec79643,0.33.2,off,16384,64.05
4hop3__160230_470287_345497_72134|wrong_source|18,4hop3__160230_470287_345497_72134,wrong_source,evidence,write_note,18,1,26,0.692,log,lossless,primary,0,0,0,18,18,1,1,evidence,evidence,,1,1,0,4453,217,13859,ba8b77f02b64574ea7e93ea62fa1fc123ccb9b7577129cf415e005a243f5b0a5,c258d97f2e3517dc0fb6d9eafa9d719e83012bf29735e1e6e19551224958a65d,qwen3.8:27b,22130167c4c20e20c7b71454612966ca8e8171e9b3cc8ab6ce8aa6cbfec79643,0.33.2,off,16384,59.16
4hop3__160230_470287_345497_72134|wrong_source|18,4hop3__160230_470287_345497_72134,wrong_source,evidence,write_note,18,1,26,0.692,diff,lossless,primary,0,0,0,18,18,1,1,evidence,evidence,,0,1,0,6030,215,19341,580493953bfd9de6d0b2d1d8a4f1e43ab9de066daab1e45d308f79bb0263f1ee,b168894cb73fff8be9271a0109957e448718a3e2d6eb8133257f53babaa07dcc,qwen3.8:27b,22130167c4c20e20c7b71454612966ca8e8171e9b3cc8ab6ce8aa6cbfec79643,0.33.2,off,16384,73.33
4hop3__160230_470287_345497_72134|wrong_source|18,4hop3__160230_470287_345497_72134,wrong_source,evidence,write_note,18,1,26,0.692,prov,lossless,primary,0,0,0,18,18,1,1,evidence,evidence,,0,1,0,5706,195,17443,168bfa490b87987c32e9abf27aba2b17c5b1e85904f1f25d9f267c0979b5b569,92df5bf7ebf43e74e439bca37b805f89588dbd21a5b5577e4cb7d71df1949eea,qwen3.8:27b,22130167c4c20e20c7b71454612966ca8e8171e9b3cc8ab6ce8aa6cbfec79643,0.33.2,off,16384,70.15
3hop1__504362_443779_52195|corrupted_output|14,3hop1__504362_443779_52195,corrupted_output,tool,search,14,2,24,0.583,log,lossless,primary,0,0,0,16,14,0,1,tool,tool,,0,1,0,4357,184,13169,ba8b77f02b64574ea7e93ea62fa1fc123ccb9b7577129cf415e005a243f5b0a5,0baf48fd642d91ce6b009b0a0345e30072525fc1c799351ec6f16a644af599a4,qwen3.8:27b,22130167c4c20e20c7b71454612966ca8e8171e9b3cc8ab6ce8aa6cbfec79643,0.33.2,off,16384,57.92
3hop1__504362_443779_52195|corrupted_output|14,3hop1__504362_443779_52195,corrupted_output,tool,search,14,2,24,0.583,diff,lossless,primary,0,0,0,16,14,0,1,tool,tool,,0,1,0,5949,209,18154,580493953bfd9de6d0b2d1d8a4f1e43ab9de066daab1e45d308f79bb0263f1ee,a5d9f8e9a49b95708caf3294eea9c69de35dd7ba3a4bb5c07f76427ac5cd31b9,qwen3.8:27b,22130167c4c20e20c7b71454612966ca8e8171e9b3cc8ab6ce8aa6cbfec79643,0.33.2,off,16384,73.44
3hop1__504362_443779_52195|corrupted_output|14,3hop1__504362_443779_52195,corrupted_output,tool,search,14,2,24,0.583,prov,lossless,primary,0,0,0,,14,0,0,none,tool,,0,1,0,5433,147,16299,168bfa490b87987c32e9abf27aba2b17c5b1e85904f1f25d9f267c0979b5b569,4ff029bc09810c9a24d209ea145e41b18584ab15fd2ef07c7286b3cdc7d6c8da,qwen3.8:27b,22130167c4c20e20c7b71454612966ca8e8171e9b3cc8ab6ce8aa6cbfec79643,0.33.2,off,16384,66.33
3hop1__504362_443779_52195|dropped_note|6,3hop1__504362_443779_52195,dropped_note,state,write_note,6,0,20,0.3,log,lossless,primary,0,0,0,6,6,1,1,state,state,,0,1,0,3830,147,11171,ba8b77f02b64574ea7e93ea62fa1fc123ccb9b7577129cf415e005a243f5b0a5,05228487e086a0008d71574f0ae9f77a460d8690edaafde46df4f02e4210e8f8,qwen3.8:27b,22130167c4c20e20c7b71454612966ca8e8171e9b3cc8ab6ce8aa6cbfec79643,0.33.2,off,16384,50.37
3hop1__504362_443779_52195|dropped_note|6,3hop1__504362_443779_52195,dropped_note,state,write_note,6,0,20,0.3,diff,lossless,primary,0,0,0,6,6,1,1,state,state,,0,1,0,5294,235,15828,580493953bfd9de6d0b2d1d8a4f1e43ab9de066daab1e45d308f79bb0263f1ee,19197a66b1e1f628b21dd34982275bf493c9ed7b13bfda74d7e707479cbcf82b,qwen3.8:27b,22130167c4c20e20c7b71454612966ca8e8171e9b3cc8ab6ce8aa6cbfec79643,0.33.2,off,16384,72.1
3hop1__504362_443779_52195|dropped_note|6,3hop1__504362_443779_52195,dropped_note,state,write_note,6,0,20,0.3,prov,lossless,primary,0,0,0,6,6,1,1,state,state,,0,1,0,4723,164,13764,168bfa490b87987c32e9abf27aba2b17c5b1e85904f1f25d9f267c0979b5b569,553a7d5ef5bd22db17052f714d51481db5bc742752f7559f84ce82811c577278,qwen3.8:27b,22130167c4c20e20c7b71454612966ca8e8171e9b3cc8ab6ce8aa6cbfec79643,0.33.2,off,16384,59.65
3hop1__504362_443779_52195|no_source|6,3hop1__504362_443779_52195,no_source,evidence,write_note,6,0,20,0.3,log,lossless,primary,0,0,0,6,6,1,1,evidence,evidence,,1,1,0,3886,157,11434,ba8b77f02b64574ea7e93ea62fa1fc123ccb9b7577129cf415e005a243f5b0a5,d1168eeb3cf8a88bcb4b4572b7b71be7f06e4792b7a811e675f242c4eaaf97c8,qwen3.8:27b,22130167c4c20e20c7b71454612966ca8e8171e9b3cc8ab6ce8aa6cbfec79643,0.33.2,off,16384,49.86
3hop1__504362_443779_52195|no_source|6,3hop1__504362_443779_52195,no_source,evidence,write_note,6,0,20,0.3,diff,lossless,primary,0,0,0,6,6,1,1,evidence,evidence,,1,1,0,5372,152,16165,580493953bfd9de6d0b2d1d8a4f1e43ab9de066daab1e45d308f79bb0263f1ee,5898bb89722dc64bf3e4b4c43d8d0468b2b69790c665eac520b984ec12f3d25d,qwen3.8:27b,22130167c4c20e20c7b71454612966ca8e8171e9b3cc8ab6ce8aa6cbfec79643,0.33.2,off,16384,63.16
3hop1__504362_443779_52195|no_source|6,3hop1__504362_443779_52195,no_source,evidence,write_note,6,0,20,0.3,prov,lossless,primary,0,0,0,6,6,1,1,evidence,evidence,,0,1,0,4818,144,14142,168bfa490b87987c32e9abf27aba2b17c5b1e85904f1f25d9f267c0979b5b569,03127ddf15a63976f29a1aa1216c64d09a0750172f0919df076dacceab250c61,qwen3.8:27b,22130167c4c20e20c7b71454612966ca8e8171e9b3cc8ab6ce8aa6cbfec79643,0.33.2,off,16384,57.97
3hop1__504362_443779_52195|overwritten_note|18,3hop1__504362_443779_52195,overwritten_note,state,write_note,18,2,20,0.9,log,lossless,primary,0,0,0,18,18,1,1,state,state,,1,1,0,3828,157,11207,ba8b77f02b64574ea7e93ea62fa1fc123ccb9b7577129cf415e005a243f5b0a5,78c91bfe18af5435173ca1edd02ef9e58d4081eac3dbfaa543349070df13d6f2,qwen3.8:27b,22130167c4c20e20c7b71454612966ca8e8171e9b3cc8ab6ce8aa6cbfec79643,0.33.2,off,16384,49.37
3hop1__504362_443779_52195|overwritten_note|18,3hop1__504362_443779_52195,overwritten_note,state,write_note,18,2,20,0.9,diff,lossless,primary,0,0,0,18,18,1,1,state,state,,1,1,0,5325,182,15948,580493953bfd9de6d0b2d1d8a4f1e43ab9de066daab1e45d308f79bb0263f1ee,ac91c4fbf16a4f10656a3d85be61276d877f60ba4296a9171d29c2d91274c484,qwen3.8:27b,22130167c4c20e20c7b71454612966ca8e8171e9b3cc8ab6ce8aa6cbfec79643,0.33.2,off,16384,65.47
3hop1__504362_443779_52195|overwritten_note|18,3hop1__504362_443779_52195,overwritten_note,state,write_note,18,2,20,0.9,prov,lossless,primary,0,0,0,18,18,1,1,state,state,,1,1,0,4755,164,13918,168bfa490b87987c32e9abf27aba2b17c5b1e85904f1f25d9f267c0979b5b569,473418794df051adba9d628a09f5a348f3fa696248fc0583567364632dd3c469,qwen3.8:27b,22130167c4c20e20c7b71454612966ca8e8171e9b3cc8ab6ce8aa6cbfec79643,0.33.2,off,16384,57.38
3hop1__504362_443779_52195|sham|12,3hop1__504362_443779_52195,sham,none,write_note,12,1,20,0.6,log,lossless,primary,0,1,0,,,,,,none,1,0,0,0,3843,1024,11213,ba8b77f02b64574ea7e93ea62fa1fc123ccb9b7577129cf415e005a243f5b0a5,be65d3f8734a26cb0870e90460b485391415d0301cdd34b84aa73eada6ab534a,qwen3.8:27b,22130167c4c20e20c7b71454612966ca8e8171e9b3cc8ab6ce8aa6cbfec79643,0.33.2,off,16384,135.86
3hop1__504362_443779_52195|sham|12,3hop1__504362_443779_52195,sham,none,write_note,12,1,20,0.6,diff,lossless,primary,0,1,0,,,,,none,none,0,0,1,0,5339,129,15954,580493953bfd9de6d0b2d1d8a4f1e43ab9de066daab1e45d308f79bb0263f1ee,ca52932b12d1c1364c8118ee7d7e46d879f855c6525f07b2462873bacae7127d,qwen3.8:27b,22130167c4c20e20c7b71454612966ca8e8171e9b3cc8ab6ce8aa6cbfec79643,0.33.2,off,16384,25.22
3hop1__504362_443779_52195|sham|12,3hop1__504362_443779_52195,sham,none,write_note,12,1,20,0.6,prov,lossless,primary,0,1,0,,,,,none,none,0,0,1,0,4804,784,13993,168bfa490b87987c32e9abf27aba2b17c5b1e85904f1f25d9f267c0979b5b569,0aead1986853450ebf2c8441e37214ce91d575249d359c19aa2b2deb4781052e,qwen3.8:27b,22130167c4c20e20c7b71454612966ca8e8171e9b3cc8ab6ce8aa6cbfec79643,0.33.2,off,16384,103.07
3hop1__504362_443779_52195|wrong_argument|10,3hop1__504362_443779_52195,wrong_argument,tool,read,10,1,38,0.263,log,lossless,primary,0,0,0,10,10,1,1,tool,tool,,0,1,0,6115,205,20557,ba8b77f02b64574ea7e93ea62fa1fc123ccb9b7577129cf415e005a243f5b0a5,2b4ee8c0581eb3e9c811546f86f9b40e069cf954a7bcde0e618df9c784223c11,qwen3.8:27b,22130167c4c20e20c7b71454612966ca8e8171e9b3cc8ab6ce8aa6cbfec79643,0.33.2,off,16384,75.24
3hop1__504362_443779_52195|wrong_argument|10,3hop1__504362_443779_52195,wrong_argument,tool,read,10,1,38,0.263,diff,lossless,primary,0,0,0,10,10,1,1,tool,tool,,0,1,0,7834,221,26417,580493953bfd9de6d0b2d1d8a4f1e43ab9de066daab1e45d308f79bb0263f1ee,31caea83e8eb700adb9e622565327f8cd4d246beb4455bf74cab732ea1630b7a,qwen3.8:27b,22130167c4c20e20c7b71454612966ca8e8171e9b3cc8ab6ce8aa6cbfec79643,0.33.2,off,16384,90.7
3hop1__504362_443779_52195|wrong_argument|10,3hop1__504362_443779_52195,wrong_argument,tool,read,10,1,38,0.263,prov,lossless,primary,0,0,0,10,10,1,1,tool,tool,,1,1,0,7783,208,25412,168bfa490b87987c32e9abf27aba2b17c5b1e85904f1f25d9f267c0979b5b569,707fb03d5d1c25e79fc217a8c94558673efe6b83f8b8bca0f2ef6ed66968c1a2,qwen3.8:27b,22130167c4c20e20c7b71454612966ca8e8171e9b3cc8ab6ce8aa6cbfec79643,0.33.2,off,16384,89.78
3hop1__504362_443779_52195|wrong_source|18,3hop1__504362_443779_52195,wrong_source,evidence,write_note,18,2,20,0.9,log,lossless,primary,0,0,0,18,18,1,1,evidence,evidence,,1,1,0,3845,220,11213,ba8b77f02b64574ea7e93ea62fa1fc123ccb9b7577129cf415e005a243f5b0a5,7d6b954b2d964f87be50e35fe6ee011a1fcad2f83428a0c4473bcb3228bd949d,qwen3.8:27b,22130167c4c20e20c7b71454612966ca8e8171e9b3cc8ab6ce8aa6cbfec79643,0.33.2,off,16384,55.23
3hop1__504362_443779_52195|wrong_source|18,3hop1__504362_443779_52195,wrong_source,evidence,write_note,18,2,20,0.9,diff,lossless,primary,0,0,0,18,18,1,1,evidence,evidence,,1,1,0,5342,222,15954,580493953bfd9de6d0b2d1d8a4f1e43ab9de066daab1e45d308f79bb0263f1ee,ebcfc8cf534dd329084078be3f67550b78b67a41c1c772a22c12469752051d13,qwen3.8:27b,22130167c4c20e20c7b71454612966ca8e8171e9b3cc8ab6ce8aa6cbfec79643,0.33.2,off,16384,68.48
3hop1__504362_443779_52195|wrong_source|18,3hop1__504362_443779_52195,wrong_source,evidence,write_note,18,2,20,0.9,prov,lossless,primary,0,0,0,18,18,1,1,evidence,evidence,,0,1,0,4807,206,13993,168bfa490b87987c32e9abf27aba2b17c5b1e85904f1f25d9f267c0979b5b569,128f727f20ff2e40d15b2680c62414be065d112ed2b76c089bd4415a135da486,qwen3.8:27b,22130167c4c20e20c7b71454612966ca8e8171e9b3cc8ab6ce8aa6cbfec79643,0.33.2,off,16384,63.1
3hop1__315504_629431_124169|corrupted_output|4,3hop1__315504_629431_124169,corrupted_output,tool,read,4,0,28,0.143,log,lossless,primary,0,0,0,4,4,1,1,tool,tool,,0,1,0,4748,205,13848,ba8b77f02b64574ea7e93ea62fa1fc123ccb9b7577129cf415e005a243f5b0a5,85ba7277e5f2498b49767f0eb92ac589196479fdb30cd7352f62ada4071cf49e,qwen3.8:27b,22130167c4c20e20c7b71454612966ca8e8171e9b3cc8ab6ce8aa6cbfec79643,0.33.2,off,16384,63.77
3hop1__315504_629431_124169|corrupted_output|4,3hop1__315504_629431_124169,corrupted_output,tool,read,4,0,28,0.143,diff,lossless,primary,0,0,0,4,4,1,1,tool,tool,,0,1,0,6385,184,19082,580493953bfd9de6d0b2d1d8a4f1e43ab9de066daab1e45d308f79bb0263f1ee,c8e8ef6849e8bb1a6e45d488c496cb34f89b5f8e0d841250e69353445b566895,qwen3.8:27b,22130167c4c20e20c7b71454612966ca8e8171e9b3cc8ab6ce8aa6cbfec79643,0.33.2,off,16384,73.25
3hop1__315504_629431_124169|corrupted_output|4,3hop1__315504_629431_124169,corrupted_output,tool,read,4,0,28,0.143,prov,lossless,primary,0,0,0,4,4,1,1,tool,tool,,0,1,0,6081,227,17636,168bfa490b87987c32e9abf27aba2b17c5b1e85904f1f25d9f267c0979b5b569,85f97b78152f0b8e0907008c90a0b7a5f2a346a48327019a17452ca2d08e72bb,qwen3.8:27b,22130167c4c20e20c7b71454612966ca8e8171e9b3cc8ab6ce8aa6cbfec79643,0.33.2,off,16384,77.52
3hop1__315504_629431_124169|dropped_note|12,3hop1__315504_629431_124169,dropped_note,state,write_note,12,1,20,0.6,log,lossless,primary,0,0,0,,12,0,0,,state,,0,0,0,3624,1024,10100,ba8b77f02b64574ea7e93ea62fa1fc123ccb9b7577129cf415e005a243f5b0a5,f5fcb59a32066b0680d6e5d79afbe618890b707c5bb3ff00c862b01df91efbbc,qwen3.8:27b,22130167c4c20e20c7b71454612966ca8e8171e9b3cc8ab6ce8aa6cbfec79643,0.33.2,off,16384,168.19
3hop1__315504_629431_124169|dropped_note|12,3hop1__315504_629431_124169,dropped_note,state,write_note,12,1,20,0.6,diff,lossless,primary,0,0,0,12,12,1,1,state,state,,0,1,0,4768,186,13911,580493953bfd9de6d0b2d1d8a4f1e43ab9de066daab1e45d308f79bb0263f1ee,c0fa7ccd23ec5757f277a74fef4ee5521c45f6b01aa9cc04b3c38b455bdd5a7d,qwen3.8:27b,22130167c4c20e20c7b71454612966ca8e8171e9b3cc8ab6ce8aa6cbfec79643,0.33.2,off,16384,62.03
3hop1__315504_629431_124169|dropped_note|12,3hop1__315504_629431_124169,dropped_note,state,write_note,12,1,20,0.6,prov,lossless,primary,0,0,0,12,12,1,1,state,state,,0,1,0,4532,183,12704,168bfa490b87987c32e9abf27aba2b17c5b1e85904f1f25d9f267c0979b5b569,d4b1f5ba7b89953198dc5b2c45683d9427b65a77adfd1ed6a88f8d4667cbac13,qwen3.8:27b,22130167c4c20e20c7b71454612966ca8e8171e9b3cc8ab6ce8aa6cbfec79643,0.33.2,off,16384,59.82
3hop1__315504_629431_124169|no_source|12,3hop1__315504_629431_124169,no_source,evidence,write_note,12,1,20,0.6,log,lossless,primary,0,0,0,12,12,1,1,evidence,evidence,,1,1,0,3640,181,10170,ba8b77f02b64574ea7e93ea62fa1fc123ccb9b7577129cf415e005a243f5b0a5,e6bd75b24b127103a0817e439e41d29a27120e29273c0fa76e8d22017180643a,qwen3.8:27b,22130167c4c20e20c7b71454612966ca8e8171e9b3cc8ab6ce8aa6cbfec79643,0.33.2,off,16384,49.05
3hop1__315504_629431_124169|no_source|12,3hop1__315504_629431_124169,no_source,evidence,write_note,12,1,20,0.6,diff,lossless,primary,0,0,0,12,12,1,1,evidence,evidence,,1,1,0,4815,141,14068,580493953bfd9de6d0b2d1d8a4f1e43ab9de066daab1e45d308f79bb0263f1ee,68f4f10afbafbd4aa64f74d7cd4d7b3c700c0c2eb1d58b9528ecad95689bf978,qwen3.8:27b,22130167c4c20e20c7b71454612966ca8e8171e9b3cc8ab6ce8aa6cbfec79643,0.33.2,off,16384,55.77
3hop1__315504_629431_124169|no_source|12,3hop1__315504_629431_124169,no_source,evidence,write_note,12,1,20,0.6,prov,lossless,primary,0,0,0,12,12,1,1,evidence,evidence,,0,1,0,4604,140,12921,168bfa490b87987c32e9abf27aba2b17c5b1e85904f1f25d9f267c0979b5b569,e6911a326a2e3dcfd30bc2bcaf90a648e124e949d19c4e0bcb2091e4ae87fbc5,qwen3.8:27b,22130167c4c20e20c7b71454612966ca8e8171e9b3cc8ab6ce8aa6cbfec79643,0.33.2,off,16384,55.12
3hop1__315504_629431_124169|overwritten_note|18,3hop1__315504_629431_124169,overwritten_note,state,write_note,18,2,20,0.9,log,lossless,primary,0,0,0,18,18,1,1,state,state,,1,1,0,3627,154,10140,ba8b77f02b64574ea7e93ea62fa1fc123ccb9b7577129cf415e005a243f5b0a5,1c4d0e9338088c449ff6e053652839dd85645bcaa833f1127405120c8fba3798,qwen3.8:27b,22130167c4c20e20c7b71454612966ca8e8171e9b3cc8ab6ce8aa6cbfec79643,0.33.2,off,16384,45.93
3hop1__315504_629431_124169|overwritten_note|18,3hop1__315504_629431_124169,overwritten_note,state,write_note,18,2,20,0.9,diff,lossless,primary,0,0,0,18,18,1,1,state,state,,1,1,0,4814,179,14044,580493953bfd9de6d0b2d1d8a4f1e43ab9de066daab1e45d308f79bb0263f1ee,da89073b9b6483f8de976d69c4f0929456e53c3f4e5ee496dfbb6047f21de924,qwen3.8:27b,22130167c4c20e20c7b71454612966ca8e8171e9b3cc8ab6ce8aa6cbfec79643,0.33.2,off,16384,60.5
3hop1__315504_629431_124169|overwritten_note|18,3hop1__315504_629431_124169,overwritten_note,state,write_note,18,2,20,0.9,prov,lossless,primary,0,0,0,18,18,1,1,state,state,,1,1,0,4595,180,12882,168bfa490b87987c32e9abf27aba2b17c5b1e85904f1f25d9f267c0979b5b569,076068855707298da9e50134eecc9573eb7c84ab2a97148269b05e87fbc1ca46,qwen3.8:27b,22130167c4c20e20c7b71454612966ca8e8171e9b3cc8ab6ce8aa6cbfec79643,0.33.2,off,16384,56.84
3hop1__315504_629431_124169|sham|12,3hop1__315504_629431_124169,sham,none,write_note,12,1,20,0.6,log,lossless,primary,0,1,0,,,,,,none,1,0,0,0,3640,1024,10150,ba8b77f02b64574ea7e93ea62fa1fc123ccb9b7577129cf415e005a243f5b0a5,748a30eaf42efaaf9f211809251453831a8047cfb0e767878ea0d2d6ae97fa01,qwen3.8:27b,22130167c4c20e20c7b71454612966ca8e8171e9b3cc8ab6ce8aa6cbfec79643,0.33.2,off,16384,124.09
3hop1__315504_629431_124169|sham|12,3hop1__315504_629431_124169,sham,none,write_note,12,1,20,0.6,diff,lossless,primary,0,1,0,,,,,,none,1,0,0,0,4826,1024,14054,580493953bfd9de6d0b2d1d8a4f1e43ab9de066daab1e45d308f79bb0263f1ee,fd11eb6c7fac47c14e4793544a986ced8e9ac4dec8d316f660ef38f38e9c1c7e,qwen3.8:27b,22130167c4c20e20c7b71454612966ca8e8171e9b3cc8ab6ce8aa6cbfec79643,0.33.2,off,16384,122.64
3hop1__315504_629431_124169|sham|12,3hop1__315504_629431_124169,sham,none,write_note,12,1,20,0.6,prov,lossless,primary,0,1,0,12,,,,tool,none,1,0,1,0,4638,251,12978,168bfa490b87987c32e9abf27aba2b17c5b1e85904f1f25d9f267c0979b5b569,5a0e0de85a0db58c6eebf3989f7c3a892b155b15344736795a0f269e596815bd,qwen3.8:27b,22130167c4c20e20c7b71454612966ca8e8171e9b3cc8ab6ce8aa6cbfec79643,0.33.2,off,16384,39.96
3hop1__315504_629431_124169|wrong_argument|14,3hop1__315504_629431_124169,wrong_argument,tool,search,14,2,26,0.538,log,lossless,primary,0,0,0,14,14,1,1,tool,tool,,0,1,0,4659,185,13459,ba8b77f02b64574ea7e93ea62fa1fc123ccb9b7577129cf415e005a243f5b0a5,0e9f4836a302e989e6752fe9967427424a8875fb0358a4314ab23936c4b36328,qwen3.8:27b,22130167c4c20e20c7b71454612966ca8e8171e9b3cc8ab6ce8aa6cbfec79643,0.33.2,off,16384,37.72
3hop1__315504_629431_124169|wrong_argument|14,3hop1__315504_629431_124169,wrong_argument,tool,search,14,2,26,0.538,diff,lossless,primary,0,0,0,14,14,1,1,tool,tool,,1,1,0,6243,148,18529,580493953bfd9de6d0b2d1d8a4f1e43ab9de066daab1e45d308f79bb0263f1ee,3494d9cbab1d6f50b4759e66305b5a0741e3e59c71a6f3918646d3685841b254,qwen3.8:27b,22130167c4c20e20c7b71454612966ca8e8171e9b3cc8ab6ce8aa6cbfec79643,0.33.2,off,16384,69.32
3hop1__315504_629431_124169|wrong_argument|14,3hop1__315504_629431_124169,wrong_argument,tool,search,14,2,26,0.538,prov,lossless,primary,0,0,0,14,14,1,1,tool,tool,,1,1,0,5944,159,17072,168bfa490b87987c32e9abf27aba2b17c5b1e85904f1f25d9f267c0979b5b569,d747eb5acdb51e8e90fbba26ec005e230379b28f3aa7684341568c43e1f81ab4,qwen3.8:27b,22130167c4c20e20c7b71454612966ca8e8171e9b3cc8ab6ce8aa6cbfec79643,0.33.2,off,16384,68.57
3hop1__315504_629431_124169|wrong_source|12,3hop1__315504_629431_124169,wrong_source,evidence,write_note,12,0,26,0.462,log,lossless,primary,0,0,0,12,12,1,1,evidence,evidence,,1,1,0,4595,266,13271,ba8b77f02b64574ea7e93ea62fa1fc123ccb9b7577129cf415e005a243f5b0a5,282405d6641d3978abff70e35858bb0ac8a491ad1757cb22f1cceac4bf2e9228,qwen3.8:27b,22130167c4c20e20c7b71454612966ca8e8171e9b3cc8ab6ce8aa6cbfec79643,0.33.2,off,16384,66.03
3hop1__315504_629431_124169|wrong_source|12,3hop1__315504_629431_124169,wrong_source,evidence,write_note,12,0,26,0.462,diff,lossless,primary,0,0,0,12,12,1,1,evidence,evidence,,0,1,0,6161,234,18308,580493953bfd9de6d0b2d1d8a4f1e43ab9de066daab1e45d308f79bb0263f1ee,09678255b8ad2cfb966b331a9603b897b926d76b2ef114d7b6680c2aad6a53e2,qwen3.8:27b,22130167c4c20e20c7b71454612966ca8e8171e9b3cc8ab6ce8aa6cbfec79643,0.33.2,off,16384,77.71
3hop1__315504_629431_124169|wrong_source|12,3hop1__315504_629431_124169,wrong_source,evidence,write_note,12,0,26,0.462,prov,lossless,primary,0,0,0,12,12,1,1,evidence,evidence,,0,1,0,5863,194,16863,168bfa490b87987c32e9abf27aba2b17c5b1e85904f1f25d9f267c0979b5b569,ea4778edcb11b865258c5c34470f5b0b9f9bf088e1def097070d79d19c7f7ea7,qwen3.8:27b,22130167c4c20e20c7b71454612966ca8e8171e9b3cc8ab6ce8aa6cbfec79643,0.33.2,off,16384,70.75
3hop2__11282_57233_56883|corrupted_output|8,3hop2__11282_57233_56883,corrupted_output,tool,search,8,2,38,0.211,log,lossless,primary,0,0,0,12,8,0,0,evidence,tool,,1,1,0,3260,197,9705,ba8b77f02b64574ea7e93ea62fa1fc123ccb9b7577129cf415e005a243f5b0a5,ccff13a8830e2dfafffcdd50efe6b52a37a9fdff1b5bc0628f542bc9a54d7d4f,qwen3.8:27b,22130167c4c20e20c7b71454612966ca8e8171e9b3cc8ab6ce8aa6cbfec79643,0.33.2,off,16384,47.54
3hop2__11282_57233_56883|corrupted_output|8,3hop2__11282_57233_56883,corrupted_output,tool,search,8,2,38,0.211,diff,lossless,primary,0,0,0,6,8,0,1,evidence,tool,,0,1,0,4392,212,12890,580493953bfd9de6d0b2d1d8a4f1e43ab9de066daab1e45d308f79bb0263f1ee,11a3350e2e6a68276dc088d000cfc4a5b1fa6d4d318cc555197ec75214e34875,qwen3.8:27b,22130167c4c20e20c7b71454612966ca8e8171e9b3cc8ab6ce8aa6cbfec79643,0.33.2,off,16384,60.49
3hop2__11282_57233_56883|corrupted_output|8,3hop2__11282_57233_56883,corrupted_output,tool,search,8,2,38,0.211,prov,lossless,primary,0,0,0,6,8,0,1,evidence,tool,,0,1,0,4538,254,13294,168bfa490b87987c32e9abf27aba2b17c5b1e85904f1f25d9f267c0979b5b569,b78bdee065c4b54cf25de698b6fd179029482581d2f883618c21cde882dd3057,qwen3.8:27b,22130167c4c20e20c7b71454612966ca8e8171e9b3cc8ab6ce8aa6cbfec79643,0.33.2,off,16384,65.97
3hop2__11282_57233_56883|dropped_note|12,3hop2__11282_57233_56883,dropped_note,state,write_note,12,2,14,0.857,log,lossless,primary,0,0,0,6,12,0,0,evidence,state,,1,1,0,2342,213,6119,ba8b77f02b64574ea7e93ea62fa1fc123ccb9b7577129cf415e005a243f5b0a5,aef1428e9d4862c8bded8444481bf181204fc86002545234692813f5f3f3d8ff,qwen3.8:27b,22130167c4c20e20c7b71454612966ca8e8171e9b3cc8ab6ce8aa6cbfec79643,0.33.2,off,16384,42.04
3hop2__11282_57233_56883|dropped_note|12,3hop2__11282_57233_56883,dropped_note,state,write_note,12,2,14,0.857,diff,lossless,primary,0,0,0,6,12,0,0,evidence,state,,0,1,0,2939,210,8070,580493953bfd9de6d0b2d1d8a4f1e43ab9de066daab1e45d308f79bb0263f1ee,9c54b90217ee868808a279178943f04d72e67963bd5246110ecf2b18f237f012,qwen3.8:27b,22130167c4c20e20c7b71454612966ca8e8171e9b3cc8ab6ce8aa6cbfec79643,0.33.2,off,16384,48.57
3hop2__11282_57233_56883|dropped_note|12,3hop2__11282_57233_56883,dropped_note,state,write_note,12,2,14,0.857,prov,lossless,primary,0,0,0,6,12,0,0,evidence,state,,1,1,0,2924,206,7774,168bfa490b87987c32e9abf27aba2b17c5b1e85904f1f25d9f267c0979b5b569,32c7de6c24b2388a277f7566fe18035df6376501bba558dde60ab641e4d2048d,qwen3.8:27b,22130167c4c20e20c7b71454612966ca8e8171e9b3cc8ab6ce8aa6cbfec79643,0.33.2,off,16384,46.42
3hop2__11282_57233_56883|no_source|12,3hop2__11282_57233_56883,no_source,evidence,write_note,12,2,14,0.857,log,lossless,primary,0,0,0,12,12,1,1,evidence,evidence,,1,1,0,2345,151,6154,ba8b77f02b64574ea7e93ea62fa1fc123ccb9b7577129cf415e005a243f5b0a5,1f02d496d8e7557cb676de473791d7b6add24562898d0fcc1afbb80ec0ab16fb,qwen3.8:27b,22130167c4c20e20c7b71454612966ca8e8171e9b3cc8ab6ce8aa6cbfec79643,0.33.2,off,16384,24.54
3hop2__11282_57233_56883|no_source|12,3hop2__11282_57233_56883,no_source,evidence,write_note,12,2,14,0.857,diff,lossless,primary,0,0,0,12,12,1,1,evidence,evidence,,1,1,0,2980,142,8238,580493953bfd9de6d0b2d1d8a4f1e43ab9de066daab1e45d308f79bb0263f1ee,ecd9a3373399ea2cd8cb77caad5d8f12e6dc92df5ea026dd1155cce4931153c8,qwen3.8:27b,22130167c4c20e20c7b71454612966ca8e8171e9b3cc8ab6ce8aa6cbfec79643,0.33.2,off,16384,26.36
3hop2__11282_57233_56883|no_source|12,3hop2__11282_57233_56883,no_source,evidence,write_note,12,2,14,0.857,prov,lossless,primary,0,0,0,6,12,0,0,evidence,evidence,,0,1,0,3009,169,8055,168bfa490b87987c32e9abf27aba2b17c5b1e85904f1f25d9f267c0979b5b569,237485053fa035f3eaeea1f2171a6dd16db0f1d0ee2b1807383ec90b5aae6fb4,qwen3.8:27b,22130167c4c20e20c7b71454612966ca8e8171e9b3cc8ab6ce8aa6cbfec79643,0.33.2,off,16384,28.74
3hop2__11282_57233_56883|overwritten_note|12,3hop2__11282_57233_56883,overwritten_note,state,write_note,12,1,14,0.857,log,lossless,primary,0,0,0,12,12,1,1,state,state,,0,1,0,2355,154,6163,ba8b77f02b64574ea7e93ea62fa1fc123ccb9b7577129cf415e005a243f5b0a5,cfaf01df213f887f5233d20eb442587dd94949880996159f1c723ed9790ec24b,qwen3.8:27b,22130167c4c20e20c7b71454612966ca8e8171e9b3cc8ab6ce8aa6cbfec79643,0.33.2,off,16384,25.17
3hop2__11282_57233_56883|overwritten_note|12,3hop2__11282_57233_56883,overwritten_note,state,write_note,12,1,14,0.857,diff,lossless,primary,0,0,0,12,12,1,1,state,state,,1,1,0,3002,183,8257,580493953bfd9de6d0b2d1d8a4f1e43ab9de066daab1e45d308f79bb0263f1ee,af5ed9c1e4e71a30301fc8edf4877c5a9902a8afc9c895503f9798cddfb25cb8,qwen3.8:27b,22130167c4c20e20c7b71454612966ca8e8171e9b3cc8ab6ce8aa6cbfec79643,0.33.2,off,16384,29.07
3hop2__11282_57233_56883|overwritten_note|12,3hop2__11282_57233_56883,overwritten_note,state,write_note,12,1,14,0.857,prov,lossless,primary,0,0,0,12,12,1,1,state,state,,1,1,0,3026,183,8062,168bfa490b87987c32e9abf27aba2b17c5b1e85904f1f25d9f267c0979b5b569,9a0dd9407a0e0035b881c945e59626f89e5b0db879c49efa31e9df5c0f52ee64,qwen3.8:27b,22130167c4c20e20c7b71454612966ca8e8171e9b3cc8ab6ce8aa6cbfec79643,0.33.2,off,16384,28.63
3hop2__11282_57233_56883|sham|12,3hop2__11282_57233_56883,sham,none,write_note,12,1,14,0.857,log,lossless,primary,0,1,0,6,,,,evidence,none,1,1,1,0,2368,198,6174,ba8b77f02b64574ea7e93ea62fa1fc123ccb9b7577129cf415e005a243f5b0a5,f346b931e49628f2c9393d2df924fa7c1b685973b3cb86d3e8fd05f5bccece9f,qwen3.8:27b,22130167c4c20e20c7b71454612966ca8e8171e9b3cc8ab6ce8aa6cbfec79643,0.33.2,off,16384,30.68
3hop2__11282_57233_56883|sham|12,3hop2__11282_57233_56883,sham,none,write_note,12,1,14,0.857,diff,lossless,primary,0,1,0,6,,,,evidence,none,1,1,1,0,3014,184,8268,580493953bfd9de6d0b2d1d8a4f1e43ab9de066daab1e45d308f79bb0263f1ee,cca4f2550b7dc3c8066e68a69d10da4b502a50b7c2d80cb44f5fd60cafbbbff1,qwen3.8:27b,22130167c4c20e20c7b71454612966ca8e8171e9b3cc8ab6ce8aa6cbfec79643,0.33.2,off,16384,30.79
3hop2__11282_57233_56883|sham|12,3hop2__11282_57233_56883,sham,none,write_note,12,1,14,0.857,prov,lossless,primary,0,1,0,6,,,,evidence,none,1,1,1,0,3065,212,8153,168bfa490b87987c32e9abf27aba2b17c5b1e85904f1f25d9f267c0979b5b569,84ff8d18e6fdaed037326efb889c64902749ebe2fe9a9c78d6273e6fd98a8b6c,qwen3.8:27b,22130167c4c20e20c7b71454612966ca8e8171e9b3cc8ab6ce8aa6cbfec79643,0.33.2,off,16384,31.91
3hop2__11282_57233_56883|wrong_argument|4,3hop2__11282_57233_56883,wrong_argument,tool,read,4,0,14,0.286,log,lossless,primary,0,0,0,4,4,1,1,tool,tool,,0,1,0,2346,178,6104,ba8b77f02b64574ea7e93ea62fa1fc123ccb9b7577129cf415e005a243f5b0a5,2eb218b0c7ae250186d14532a33d111b21828f54db4f1dfde2c946c3fbe867dc,qwen3.8:27b,22130167c4c20e20c7b71454612966ca8e8171e9b3cc8ab6ce8aa6cbfec79643,0.33.2,off,16384,38.56
3hop2__11282_57233_56883|wrong_argument|4,3hop2__11282_57233_56883,wrong_argument,tool,read,4,0,14,0.286,diff,lossless,primary,0,0,0,6,4,0,1,evidence,tool,,0,1,0,2961,179,8079,580493953bfd9de6d0b2d1d8a4f1e43ab9de066daab1e45d308f79bb0263f1ee,f271bae8b45776ac0ae4149a0714dd75a97bd8d0af474524b84ed10c359af259,qwen3.8:27b,22130167c4c20e20c7b71454612966ca8e8171e9b3cc8ab6ce8aa6cbfec79643,0.33.2,off,16384,44.05
3hop2__11282_57233_56883|wrong_argument|4,3hop2__11282_57233_56883,wrong_argument,tool,read,4,0,14,0.286,prov,lossless,primary,0,0,0,4,4,1,1,tool,tool,,0,1,0,3047,234,8121,168bfa490b87987c32e9abf27aba2b17c5b1e85904f1f25d9f267c0979b5b569,8ff4c4f472af1e97c6d16e9d9f26fabb5ffab5a8bf2f8e6fce4e8e44dffaa6a0,qwen3.8:27b,22130167c4c20e20c7b71454612966ca8e8171e9b3cc8ab6ce8aa6cbfec79643,0.33.2,off,16384,51.25
3hop2__11282_57233_56883|wrong_source|12,3hop2__11282_57233_56883,wrong_source,evidence,write_note,12,1,14,0.857,log,lossless,primary,0,0,0,12,12,1,1,evidence,evidence,,1,1,0,2370,225,6174,ba8b77f02b64574ea7e93ea62fa1fc123ccb9b7577129cf415e005a243f5b0a5,9a395948d4250a344de9cf070e885267cdb4ae363393e997a925caeadaf97943,qwen3.8:27b,22130167c4c20e20c7b71454612966ca8e8171e9b3cc8ab6ce8aa6cbfec79643,0.33.2,off,16384,43.85
3hop2__11282_57233_56883|wrong_source|12,3hop2__11282_57233_56883,wrong_source,evidence,write_note,12,1,14,0.857,diff,lossless,primary,0,0,0,12,12,1,1,evidence,evidence,,1,1,0,3017,179,8268,580493953bfd9de6d0b2d1d8a4f1e43ab9de066daab1e45d308f79bb0263f1ee,944629775ec828d873407b3c57ce482cf1d323244d9e7b7d383e89b569b10d4c,qwen3.8:27b,22130167c4c20e20c7b71454612966ca8e8171e9b3cc8ab6ce8aa6cbfec79643,0.33.2,off,16384,42.87
3hop2__11282_57233_56883|wrong_source|12,3hop2__11282_57233_56883,wrong_source,evidence,write_note,12,1,14,0.857,prov,lossless,primary,0,0,0,12,12,1,1,evidence,evidence,,0,1,0,3068,187,8153,168bfa490b87987c32e9abf27aba2b17c5b1e85904f1f25d9f267c0979b5b569,0d54a0894804677bf9cffb37bd38cacfcc6c7c9acd8bff3a69b529684709392c,qwen3.8:27b,22130167c4c20e20c7b71454612966ca8e8171e9b3cc8ab6ce8aa6cbfec79643,0.33.2,off,16384,45.75
3hop1__529164_567566_84283|corrupted_output|16,3hop1__529164_567566_84283,corrupted_output,tool,read,16,2,28,0.571,log,lossless,primary,0,0,0,16,16,1,1,tool,tool,,0,1,0,4218,191,12765,ba8b77f02b64574ea7e93ea62fa1fc123ccb9b7577129cf415e005a243f5b0a5,88a79fb8c7467ef6c4b231cd01f0ba98290e19d647d67feeb7693a572ad59202,qwen3.8:27b,22130167c4c20e20c7b71454612966ca8e8171e9b3cc8ab6ce8aa6cbfec79643,0.33.2,off,16384,56.14
3hop1__529164_567566_84283|corrupted_output|16,3hop1__529164_567566_84283,corrupted_output,tool,read,16,2,28,0.571,diff,lossless,primary,0,0,0,16,16,1,1,tool,tool,,0,1,0,5688,176,17613,580493953bfd9de6d0b2d1d8a4f1e43ab9de066daab1e45d308f79bb0263f1ee,cf779eb557a75bd27480ce34e3957c035e6e3c596890f9fb227d201c75c46423,qwen3.8:27b,22130167c4c20e20c7b71454612966ca8e8171e9b3cc8ab6ce8aa6cbfec79643,0.33.2,off,16384,67.8
3hop1__529164_567566_84283|corrupted_output|16,3hop1__529164_567566_84283,corrupted_output,tool,read,16,2,28,0.571,prov,lossless,primary,0,0,0,16,16,1,1,tool,tool,,0,1,0,5531,224,16492,168bfa490b87987c32e9abf27aba2b17c5b1e85904f1f25d9f267c0979b5b569,39ebf358bcd0973f54722e7db971df28eaa6c894b78bf350bb2cb1df6147be6a,qwen3.8:27b,22130167c4c20e20c7b71454612966ca8e8171e9b3cc8ab6ce8aa6cbfec79643,0.33.2,off,16384,71.17
3hop1__529164_567566_84283|dropped_note|6,3hop1__529164_567566_84283,dropped_note,state,write_note,6,0,20,0.3,log,lossless,primary,0,0,0,,6,0,0,none,state,,0,1,0,3244,124,9353,ba8b77f02b64574ea7e93ea62fa1fc123ccb9b7577129cf415e005a243f5b0a5,800cae295c02b350bbf3c9e4346b593181dffec21a074864075208c41c487a36,qwen3.8:27b,22130167c4c20e20c7b71454612966ca8e8171e9b3cc8ab6ce8aa6cbfec79643,0.33.2,off,16384,42.89
3hop1__529164_567566_84283|dropped_note|6,3hop1__529164_567566_84283,dropped_note,state,write_note,6,0,20,0.3,diff,lossless,primary,0,0,0,6,6,1,1,state,state,,0,1,0,4283,172,12750,580493953bfd9de6d0b2d1d8a4f1e43ab9de066daab1e45d308f79bb0263f1ee,7d2c7205276d46345de50fcc25cdad5b41b0be3ea617c0ed3f30c395151e0c5d,qwen3.8:27b,22130167c4c20e20c7b71454612966ca8e8171e9b3cc8ab6ce8aa6cbfec79643,0.33.2,off,16384,56.69
3hop1__529164_567566_84283|dropped_note|6,3hop1__529164_567566_84283,dropped_note,state,write_note,6,0,20,0.3,prov,lossless,primary,0,0,0,6,6,1,1,state,state,,0,1,0,4142,153,11907,168bfa490b87987c32e9abf27aba2b17c5b1e85904f1f25d9f267c0979b5b569,03ab13e6c6981e021b5ba7fbd87d328c64db82b347a102751984af1bfae7cdd4,qwen3.8:27b,22130167c4c20e20c7b71454612966ca8e8171e9b3cc8ab6ce8aa6cbfec79643,0.33.2,off,16384,53.83
3hop1__529164_567566_84283|no_source|6,3hop1__529164_567566_84283,no_source,evidence,write_note,6,0,38,0.158,log,lossless,primary,0,0,0,6,6,1,1,evidence,evidence,,1,1,0,5858,184,18722,ba8b77f02b64574ea7e93ea62fa1fc123ccb9b7577129cf415e005a243f5b0a5,eb25a7e9c55ed6fd902565cbaac6e2177535f3587f9abc55bad7db1b57aa0105,qwen3.8:27b,22130167c4c20e20c7b71454612966ca8e8171e9b3cc8ab6ce8aa6cbfec79643,0.33.2,off,16384,72.76
3hop1__529164_567566_84283|no_source|6,3hop1__529164_567566_84283,no_source,evidence,write_note,6,0,38,0.158,diff,lossless,primary,0,0,0,6,6,1,1,evidence,evidence,,1,1,0,7656,135,24528,580493953bfd9de6d0b2d1d8a4f1e43ab9de066daab1e45d308f79bb0263f1ee,52bf8af78997395843cabe76f2a668ec7143d43a00c49bab000dbded15f554e7,qwen3.8:27b,22130167c4c20e20c7b71454612966ca8e8171e9b3cc8ab6ce8aa6cbfec79643,0.33.2,off,16384,82.06
3hop1__529164_567566_84283|no_source|6,3hop1__529164_567566_84283,no_source,evidence,write_note,6,0,38,0.158,prov,lossless,primary,0,0,0,6,6,1,1,evidence,evidence,,0,1,0,7483,138,23403,168bfa490b87987c32e9abf27aba2b17c5b1e85904f1f25d9f267c0979b5b569,93d1e5ae7933260a88771d37eb7b04ed287b8797acfcfc5252db15a9f3fdda82,qwen3.8:27b,22130167c4c20e20c7b71454612966ca8e8171e9b3cc8ab6ce8aa6cbfec79643,0.33.2,off,16384,80.54
3hop1__529164_567566_84283|overwritten_note|18,3hop1__529164_567566_84283,overwritten_note,state,write_note,18,2,20,0.9,log,lossless,primary,0,0,0,18,18,1,1,state,state,,0,1,0,3248,161,9392,ba8b77f02b64574ea7e93ea62fa1fc123ccb9b7577129cf415e005a243f5b0a5,27fb50a62948bb9f742a1fbe03bb130171115e770ee2e009632d846836d0ef4a,qwen3.8:27b,22130167c4c20e20c7b71454612966ca8e8171e9b3cc8ab6ce8aa6cbfec79643,0.33.2,off,16384,45.28
3hop1__529164_567566_84283|overwritten_note|18,3hop1__529164_567566_84283,overwritten_note,state,write_note,18,2,20,0.9,diff,lossless,primary,0,0,0,18,18,1,1,state,state,,1,1,0,4330,187,12912,580493953bfd9de6d0b2d1d8a4f1e43ab9de066daab1e45d308f79bb0263f1ee,2cd8efaa7ae342c901bcf880bf7ef1b80692c7edaa334487316005e22484fc11,qwen3.8:27b,22130167c4c20e20c7b71454612966ca8e8171e9b3cc8ab6ce8aa6cbfec79643,0.33.2,off,16384,56.01
3hop1__529164_567566_84283|overwritten_note|18,3hop1__529164_567566_84283,overwritten_note,state,write_note,18,2,20,0.9,prov,lossless,primary,0,0,0,18,18,1,1,state,state,,1,1,0,4205,192,12127,168bfa490b87987c32e9abf27aba2b17c5b1e85904f1f25d9f267c0979b5b569,4c9d7109abecc57f704cb98bce51f96144571912e0076ee9e82b56559a61e29f,qwen3.8:27b,22130167c4c20e20c7b71454612966ca8e8171e9b3cc8ab6ce8aa6cbfec79643,0.33.2,off,16384,57.52
3hop1__529164_567566_84283|sham|12,3hop1__529164_567566_84283,sham,none,write_note,12,1,20,0.6,log,lossless,primary,0,1,0,,,,,none,none,0,0,1,0,3257,133,9391,ba8b77f02b64574ea7e93ea62fa1fc123ccb9b7577129cf415e005a243f5b0a5,7accf989b95371ae96363841029fa8b6a3333bcde024df9dab2c090f9f2884ff,qwen3.8:27b,22130167c4c20e20c7b71454612966ca8e8171e9b3cc8ab6ce8aa6cbfec79643,0.33.2,off,16384,25.77
3hop1__529164_567566_84283|sham|12,3hop1__529164_567566_84283,sham,none,write_note,12,1,20,0.6,diff,lossless,primary,0,1,0,,,,,,none,1,0,0,0,4338,1024,12911,580493953bfd9de6d0b2d1d8a4f1e43ab9de066daab1e45d308f79bb0263f1ee,0f23a23aea5fae2e1ba29350a042ba0833be62da374599240076c055326accd4,qwen3.8:27b,22130167c4c20e20c7b71454612966ca8e8171e9b3cc8ab6ce8aa6cbfec79643,0.33.2,off,16384,121.76
3hop1__529164_567566_84283|sham|12,3hop1__529164_567566_84283,sham,none,write_note,12,1,20,0.6,prov,lossless,primary,0,1,0,,,,,none,none,0,0,1,0,4232,121,12159,168bfa490b87987c32e9abf27aba2b17c5b1e85904f1f25d9f267c0979b5b569,cd2655b55810cde6ab529a6adfd3e239c022cbffce0aa8934352038b10c6d554,qwen3.8:27b,22130167c4c20e20c7b71454612966ca8e8171e9b3cc8ab6ce8aa6cbfec79643,0.33.2,off,16384,22.83
3hop1__529164_567566_84283|wrong_argument|14,3hop1__529164_567566_84283,wrong_argument,tool,search,14,2,38,0.368,log,lossless,primary,0,0,0,14,14,1,1,tool,tool,,0,1,0,5911,184,19021,ba8b77f02b64574ea7e93ea62fa1fc123ccb9b7577129cf415e005a243f5b0a5,aaa54100a2dd5e3126c7d476eb4be5a0972df8b06fbe7389af507917ac1b4e9d,qwen3.8:27b,22130167c4c20e20c7b71454612966ca8e8171e9b3cc8ab6ce8aa6cbfec79643,0.33.2,off,16384,53.54
3hop1__529164_567566_84283|wrong_argument|14,3hop1__529164_567566_84283,wrong_argument,tool,search,14,2,38,0.368,diff,lossless,primary,0,0,0,14,14,1,1,tool,tool,,0,1,0,7718,166,24809,580493953bfd9de6d0b2d1d8a4f1e43ab9de066daab1e45d308f79bb0263f1ee,46d7c07c13b1a2b9b1d85cc70e608507ccde64d8e9cdd2a01cea0a3369b6d074,qwen3.8:27b,22130167c4c20e20c7b71454612966ca8e8171e9b3cc8ab6ce8aa6cbfec79643,0.33.2,off,16384,84.36
3hop1__529164_567566_84283|wrong_argument|14,3hop1__529164_567566_84283,wrong_argument,tool,search,14,2,38,0.368,prov,lossless,primary,0,0,0,14,14,1,1,tool,tool,,1,1,0,7592,173,23892,168bfa490b87987c32e9abf27aba2b17c5b1e85904f1f25d9f267c0979b5b569,88f645d411471b70524214d27e3c05a0cc8550ce35994eaf1acc3aec2c53454e,qwen3.8:27b,22130167c4c20e20c7b71454612966ca8e8171e9b3cc8ab6ce8aa6cbfec79643,0.33.2,off,16384,84.42
3hop1__529164_567566_84283|wrong_source|18,3hop1__529164_567566_84283,wrong_source,evidence,write_note,18,2,20,0.9,log,lossless,primary,0,0,0,18,18,1,1,evidence,evidence,,1,1,0,3257,192,9391,ba8b77f02b64574ea7e93ea62fa1fc123ccb9b7577129cf415e005a243f5b0a5,664fe210639d74dee4c28cf8d5c4600ccc0b090dab66f526cf17c2f3e7a9685d,qwen3.8:27b,22130167c4c20e20c7b71454612966ca8e8171e9b3cc8ab6ce8aa6cbfec79643,0.33.2,off,16384,28.53
3hop1__529164_567566_84283|wrong_source|18,3hop1__529164_567566_84283,wrong_source,evidence,write_note,18,2,20,0.9,diff,lossless,primary,0,0,0,18,18,1,1,evidence,evidence,,1,1,0,4338,182,12911,580493953bfd9de6d0b2d1d8a4f1e43ab9de066daab1e45d308f79bb0263f1ee,48413185ec9d9cff966a9c7944950fce9776a4178437a242737ee8eb25d8597c,qwen3.8:27b,22130167c4c20e20c7b71454612966ca8e8171e9b3cc8ab6ce8aa6cbfec79643,0.33.2,off,16384,56.48
3hop1__529164_567566_84283|wrong_source|18,3hop1__529164_567566_84283,wrong_source,evidence,write_note,18,2,20,0.9,prov,lossless,primary,0,0,0,18,18,1,1,evidence,evidence,,0,1,0,4232,199,12159,168bfa490b87987c32e9abf27aba2b17c5b1e85904f1f25d9f267c0979b5b569,ab924a709666aab256c210dfa141c95463ae84310540ccb0f79d121c718f1ec0,qwen3.8:27b,22130167c4c20e20c7b71454612966ca8e8171e9b3cc8ab6ce8aa6cbfec79643,0.33.2,off,16384,58.1
3hop2__792915_223623_162182|corrupted_output|2,3hop2__792915_223623_162182,corrupted_output,tool,search,2,0,26,0.077,log,lossless,primary,0,0,0,,2,0,0,none,tool,,0,1,0,4062,124,12359,ba8b77f02b64574ea7e93ea62fa1fc123ccb9b7577129cf415e005a243f5b0a5,98c17283580b7d59d3b9f582cf92f056f2735334480a675b3877169952501dbc,qwen3.8:27b,22130167c4c20e20c7b71454612966ca8e8171e9b3cc8ab6ce8aa6cbfec79643,0.33.2,off,16384,50.87
3hop2__792915_223623_162182|corrupted_output|2,3hop2__792915_223623_162182,corrupted_output,tool,search,2,0,26,0.077,diff,lossless,primary,0,0,0,,2,0,0,none,tool,,0,1,0,5240,124,16220,580493953bfd9de6d0b2d1d8a4f1e43ab9de066daab1e45d308f79bb0263f1ee,ce66d6ee2ba60db78b73e44de151bd739ad12ba8f2086b84d42f894ca1c2967e,qwen3.8:27b,22130167c4c20e20c7b71454612966ca8e8171e9b3cc8ab6ce8aa6cbfec79643,0.33.2,off,16384,60.85
3hop2__792915_223623_162182|corrupted_output|2,3hop2__792915_223623_162182,corrupted_output,tool,search,2,0,26,0.077,prov,lossless,primary,0,0,0,,2,0,0,none,tool,,0,1,0,5322,109,15965,168bfa490b87987c32e9abf27aba2b17c5b1e85904f1f25d9f267c0979b5b569,733a3cc5e4f07b391c406a1f0f309e827ad9aac8df4e074b8f510461d14c1f53,qwen3.8:27b,22130167c4c20e20c7b71454612966ca8e8171e9b3cc8ab6ce8aa6cbfec79643,0.33.2,off,16384,59.58
3hop2__792915_223623_162182|dropped_note|12,3hop2__792915_223623_162182,dropped_note,state,write_note,12,1,20,0.6,log,lossless,primary,0,0,0,12,12,1,1,state,state,,0,1,0,3019,190,8386,ba8b77f02b64574ea7e93ea62fa1fc123ccb9b7577129cf415e005a243f5b0a5,359b1a55b44b6b11870e7830c75be3fbc755795df43b662105e80c60d1b5ab79,qwen3.8:27b,22130167c4c20e20c7b71454612966ca8e8171e9b3cc8ab6ce8aa6cbfec79643,0.33.2,off,16384,48.99
3hop2__792915_223623_162182|dropped_note|12,3hop2__792915_223623_162182,dropped_note,state,write_note,12,1,20,0.6,diff,lossless,primary,0,0,0,12,12,1,1,state,state,,0,1,0,3804,177,10854,580493953bfd9de6d0b2d1d8a4f1e43ab9de066daab1e45d308f79bb0263f1ee,6548f538980f485ecfdb969f7902d920d7e0c8f0dd6fd70b994b06155a870daa,qwen3.8:27b,22130167c4c20e20c7b71454612966ca8e8171e9b3cc8ab6ce8aa6cbfec79643,0.33.2,off,16384,51.29
3hop2__792915_223623_162182|dropped_note|12,3hop2__792915_223623_162182,dropped_note,state,write_note,12,1,20,0.6,prov,lossless,primary,0,0,0,12,12,1,1,state,state,,0,1,0,3883,161,10819,168bfa490b87987c32e9abf27aba2b17c5b1e85904f1f25d9f267c0979b5b569,1743db406042e9ce5126a276a435d6d3197f04c7d708b8cecef6cb6755d44f4c,qwen3.8:27b,22130167c4c20e20c7b71454612966ca8e8171e9b3cc8ab6ce8aa6cbfec79643,0.33.2,off,16384,52.55
3hop2__792915_223623_162182|no_source|12,3hop2__792915_223623_162182,no_source,evidence,write_note,12,1,20,0.6,log,lossless,primary,0,0,0,12,12,1,1,evidence,evidence,,1,1,0,3032,159,8510,ba8b77f02b64574ea7e93ea62fa1fc123ccb9b7577129cf415e005a243f5b0a5,3d39dee5de618ad771d268f5c39b3e57887b88d59b3497351811602905315973,qwen3.8:27b,22130167c4c20e20c7b71454612966ca8e8171e9b3cc8ab6ce8aa6cbfec79643,0.33.2,off,16384,25.36
3hop2__792915_223623_162182|no_source|12,3hop2__792915_223623_162182,no_source,evidence,write_note,12,1,20,0.6,diff,lossless,primary,0,0,0,12,12,1,1,evidence,evidence,,1,1,0,3844,138,11086,580493953bfd9de6d0b2d1d8a4f1e43ab9de066daab1e45d308f79bb0263f1ee,5d919d5b150465bff701d30510bcb6bbdee1df7915317721f36acdeb9e291a9d,qwen3.8:27b,22130167c4c20e20c7b71454612966ca8e8171e9b3cc8ab6ce8aa6cbfec79643,0.33.2,off,16384,47.93
3hop2__792915_223623_162182|no_source|12,3hop2__792915_223623_162182,no_source,evidence,write_note,12,1,20,0.6,prov,lossless,primary,0,0,0,12,12,1,1,evidence,evidence,,0,1,0,3939,135,11071,168bfa490b87987c32e9abf27aba2b17c5b1e85904f1f25d9f267c0979b5b569,4ff8d970afe4b9119552a2125fa8644e4e430edab4499dcbdf15c0d5c2340291,qwen3.8:27b,22130167c4c20e20c7b71454612966ca8e8171e9b3cc8ab6ce8aa6cbfec79643,0.33.2,off,16384,48.36
3hop2__792915_223623_162182|overwritten_note|18,3hop2__792915_223623_162182,overwritten_note,state,write_note,18,2,20,0.9,log,lossless,primary,0,0,0,18,18,1,1,state,state,,1,1,0,3018,138,8410,ba8b77f02b64574ea7e93ea62fa1fc123ccb9b7577129cf415e005a243f5b0a5,c2aa1bfb7fc552788a08a57b038beb8c4cec29d04123982a038ddaa4c3b612bf,qwen3.8:27b,22130167c4c20e20c7b71454612966ca8e8171e9b3cc8ab6ce8aa6cbfec79643,0.33.2,off,16384,24.04
3hop2__792915_223623_162182|overwritten_note|18,3hop2__792915_223623_162182,overwritten_note,state,write_note,18,2,20,0.9,diff,lossless,primary,0,0,0,18,18,1,1,state,state,,1,1,0,3841,187,10974,580493953bfd9de6d0b2d1d8a4f1e43ab9de066daab1e45d308f79bb0263f1ee,940f5397e94a289e6e5a28085f6805dd069a119991e2eace84121547cc9d9397,qwen3.8:27b,22130167c4c20e20c7b71454612966ca8e8171e9b3cc8ab6ce8aa6cbfec79643,0.33.2,off,16384,52.16
3hop2__792915_223623_162182|overwritten_note|18,3hop2__792915_223623_162182,overwritten_note,state,write_note,18,2,20,0.9,prov,lossless,primary,0,0,0,18,18,1,1,state,state,,0,1,0,3934,198,10960,168bfa490b87987c32e9abf27aba2b17c5b1e85904f1f25d9f267c0979b5b569,e9ab4082f81596243410802cf90706705d6d97863abb424b36669c76a812e6f9,qwen3.8:27b,22130167c4c20e20c7b71454612966ca8e8171e9b3cc8ab6ce8aa6cbfec79643,0.33.2,off,16384,56.18
3hop2__792915_223623_162182|sham|12,3hop2__792915_223623_162182,sham,none,write_note,12,1,20,0.6,log,lossless,primary,0,1,0,,,,,none,none,0,0,1,0,3031,121,8416,ba8b77f02b64574ea7e93ea62fa1fc123ccb9b7577129cf415e005a243f5b0a5,fa8ecb14891d6626d1031639785b39707fd710f2268c9999ca09df327f6ff418,qwen3.8:27b,22130167c4c20e20c7b71454612966ca8e8171e9b3cc8ab6ce8aa6cbfec79643,0.33.2,off,16384,23.68
3hop2__792915_223623_162182|sham|12,3hop2__792915_223623_162182,sham,none,write_note,12,1,20,0.6,diff,lossless,primary,0,1,0,,,,,none,none,0,0,1,0,3853,121,10980,580493953bfd9de6d0b2d1d8a4f1e43ab9de066daab1e45d308f79bb0263f1ee,66d70b05bf398f2943689f55164aa735516576ad5e0f4b1464b9947f825e554e,qwen3.8:27b,22130167c4c20e20c7b71454612966ca8e8171e9b3cc8ab6ce8aa6cbfec79643,0.33.2,off,16384,23.29
3hop2__792915_223623_162182|sham|12,3hop2__792915_223623_162182,sham,none,write_note,12,1,20,0.6,prov,lossless,primary,0,1,0,,,,,none,none,0,0,1,0,3968,137,11016,168bfa490b87987c32e9abf27aba2b17c5b1e85904f1f25d9f267c0979b5b569,4227f66fcfd153257d2009a6f2d1cb34947e15f077a108062fe114b32a40313f,qwen3.8:27b,22130167c4c20e20c7b71454612966ca8e8171e9b3cc8ab6ce8aa6cbfec79643,0.33.2,off,16384,28.99
3hop2__792915_223623_162182|wrong_argument|16,3hop2__792915_223623_162182,wrong_argument,tool,read,16,2,28,0.571,log,lossless,primary,0,0,0,16,16,1,1,tool,tool,,0,1,0,3897,186,11424,ba8b77f02b64574ea7e93ea62fa1fc123ccb9b7577129cf415e005a243f5b0a5,8ccfacb0c2de7c97167ed475cc8e6dc40eaa5a516fa270a0a7752c0235d2be90,qwen3.8:27b,22130167c4c20e20c7b71454612966ca8e8171e9b3cc8ab6ce8aa6cbfec79643,0.33.2,off,16384,37.22
3hop2__792915_223623_162182|wrong_argument|16,3hop2__792915_223623_162182,wrong_argument,tool,read,16,2,28,0.571,diff,lossless,primary,0,0,0,18,16,0,1,tool,tool,,0,1,0,5044,174,14967,580493953bfd9de6d0b2d1d8a4f1e43ab9de066daab1e45d308f79bb0263f1ee,4d6e094b849e52d59a036aac0b898998ecfd463e18775ff18ebab180feb3ec99,qwen3.8:27b,22130167c4c20e20c7b71454612966ca8e8171e9b3cc8ab6ce8aa6cbfec79643,0.33.2,off,16384,39.0
3hop2__792915_223623_162182|wrong_argument|16,3hop2__792915_223623_162182,wrong_argument,tool,read,16,2,28,0.571,prov,lossless,primary,0,0,0,16,16,1,1,tool,tool,,1,1,0,5147,189,14858,168bfa490b87987c32e9abf27aba2b17c5b1e85904f1f25d9f267c0979b5b569,8eb7191102f5d39bb034aaf4cd87b7f5a3c3f8c1379a80fe8c3509c970b1c935,qwen3.8:27b,22130167c4c20e20c7b71454612966ca8e8171e9b3cc8ab6ce8aa6cbfec79643,0.33.2,off,16384,39.92
3hop2__792915_223623_162182|wrong_source|12,3hop2__792915_223623_162182,wrong_source,evidence,write_note,12,0,20,0.6,log,lossless,primary,0,0,0,12,12,1,1,evidence,evidence,,1,1,0,3031,201,8401,ba8b77f02b64574ea7e93ea62fa1fc123ccb9b7577129cf415e005a243f5b0a5,6519243dbb1d1140776dba78973c8154a9c4b475b630329f52ab5fb75f6d48d9,qwen3.8:27b,22130167c4c20e20c7b71454612966ca8e8171e9b3cc8ab6ce8aa6cbfec79643,0.33.2,off,16384,29.52
3hop2__792915_223623_162182|wrong_source|12,3hop2__792915_223623_162182,wrong_source,evidence,write_note,12,0,20,0.6,diff,lossless,primary,0,0,0,12,12,1,1,evidence,evidence,,0,1,0,3855,205,10965,580493953bfd9de6d0b2d1d8a4f1e43ab9de066daab1e45d308f79bb0263f1ee,4dedb572e17a037ea65ef2b69edc25327982a38f02da18d5cb61bc212535cd44,qwen3.8:27b,22130167c4c20e20c7b71454612966ca8e8171e9b3cc8ab6ce8aa6cbfec79643,0.33.2,off,16384,53.44
3hop2__792915_223623_162182|wrong_source|12,3hop2__792915_223623_162182,wrong_source,evidence,write_note,12,0,20,0.6,prov,lossless,primary,0,0,0,12,12,1,1,evidence,evidence,,0,1,0,3969,188,11001,168bfa490b87987c32e9abf27aba2b17c5b1e85904f1f25d9f267c0979b5b569,7981a8e7a44b778182b904e8b0e99eb4b89b4b73bb017a4a0b9a3d0d6b412e38,qwen3.8:27b,22130167c4c20e20c7b71454612966ca8e8171e9b3cc8ab6ce8aa6cbfec79643,0.33.2,off,16384,53.72
3hop1__337705_132457_51423|corrupted_output|16,3hop1__337705_132457_51423,corrupted_output,tool,read,16,1,26,0.615,log,lossless,primary,0,0,0,,16,0,0,none,tool,,0,1,0,3860,119,11177,ba8b77f02b64574ea7e93ea62fa1fc123ccb9b7577129cf415e005a243f5b0a5,693378c26f698d32cb75a64ff6b8fba16d0fa62d287c43c2c3d1d327f67357cf,qwen3.8:27b,22130167c4c20e20c7b71454612966ca8e8171e9b3cc8ab6ce8aa6cbfec79643,0.33.2,off,16384,48.3
3hop1__337705_132457_51423|corrupted_output|16,3hop1__337705_132457_51423,corrupted_output,tool,read,16,1,26,0.615,diff,lossless,primary,0,0,0,16,16,1,1,tool,tool,,0,1,0,5026,207,14803,580493953bfd9de6d0b2d1d8a4f1e43ab9de066daab1e45d308f79bb0263f1ee,a6550a494b99585868d0053faa556b34cec845e5c18f2cc5547b9567c80d10ef,qwen3.8:27b,22130167c4c20e20c7b71454612966ca8e8171e9b3cc8ab6ce8aa6cbfec79643,0.33.2,off,16384,64.9
3hop1__337705_132457_51423|corrupted_output|16,3hop1__337705_132457_51423,corrupted_output,tool,read,16,1,26,0.615,prov,lossless,primary,0,0,0,16,16,1,1,tool,tool,,0,1,0,5070,214,14608,168bfa490b87987c32e9abf27aba2b17c5b1e85904f1f25d9f267c0979b5b569,95c8f74ce18414acbee2d2fa78a4e3dfab5a1c0f989dd08410a9800aa7985d26,qwen3.8:27b,22130167c4c20e20c7b71454612966ca8e8171e9b3cc8ab6ce8aa6cbfec79643,0.33.2,off,16384,65.5
3hop1__337705_132457_51423|dropped_note|24,3hop1__337705_132457_51423,dropped_note,state,write_note,24,2,26,0.923,log,lossless,primary,0,0,0,24,24,1,1,state,state,,0,1,0,3844,187,11185,ba8b77f02b64574ea7e93ea62fa1fc123ccb9b7577129cf415e005a243f5b0a5,44fc7c26a49f5104f1ecc55f70a8aee8a29635bf0b83bb00ad5c43de30c0f7bd,qwen3.8:27b,22130167c4c20e20c7b71454612966ca8e8171e9b3cc8ab6ce8aa6cbfec79643,0.33.2,off,16384,56.16
3hop1__337705_132457_51423|dropped_note|24,3hop1__337705_132457_51423,dropped_note,state,write_note,24,2,26,0.923,diff,lossless,primary,0,0,0,24,24,1,1,state,state,,0,1,0,4974,171,14726,580493953bfd9de6d0b2d1d8a4f1e43ab9de066daab1e45d308f79bb0263f1ee,3d86ba6e47d04ea544a9266a6d12a13ce6ec81bcda243934ef56c1b5ca84bb7a,qwen3.8:27b,22130167c4c20e20c7b71454612966ca8e8171e9b3cc8ab6ce8aa6cbfec79643,0.33.2,off,16384,63.42
3hop1__337705_132457_51423|dropped_note|24,3hop1__337705_132457_51423,dropped_note,state,write_note,24,2,26,0.923,prov,lossless,primary,0,0,0,24,24,1,1,state,state,,0,1,0,4958,157,14375,168bfa490b87987c32e9abf27aba2b17c5b1e85904f1f25d9f267c0979b5b569,4bd6bc309d24ce79835b3afdbc4e7cba98d659293531e341ce7eaff5bdff0523,qwen3.8:27b,22130167c4c20e20c7b71454612966ca8e8171e9b3cc8ab6ce8aa6cbfec79643,0.33.2,off,16384,61.25
3hop1__337705_132457_51423|no_source|24,3hop1__337705_132457_51423,no_source,evidence,write_note,24,2,26,0.923,log,lossless,primary,0,0,0,24,24,1,1,evidence,evidence,,1,1,0,3847,146,11215,ba8b77f02b64574ea7e93ea62fa1fc123ccb9b7577129cf415e005a243f5b0a5,1481889522f05f7a6badc8f7f16f8e67c5f7b3641a807dc417b231c29230797c,qwen3.8:27b,22130167c4c20e20c7b71454612966ca8e8171e9b3cc8ab6ce8aa6cbfec79643,0.33.2,off,16384,26.38
3hop1__337705_132457_51423|no_source|24,3hop1__337705_132457_51423,no_source,evidence,write_note,24,2,26,0.923,diff,lossless,primary,0,0,0,24,24,1,1,evidence,evidence,,1,1,0,5011,131,14888,580493953bfd9de6d0b2d1d8a4f1e43ab9de066daab1e45d308f79bb0263f1ee,764e90dc7c6d46115ec05747b9ee0bf6fb884afc7f609424e2abf8a7d736f2d3,qwen3.8:27b,22130167c4c20e20c7b71454612966ca8e8171e9b3cc8ab6ce8aa6cbfec79643,0.33.2,off,16384,24.52
3hop1__337705_132457_51423|no_source|24,3hop1__337705_132457_51423,no_source,evidence,write_note,24,2,26,0.923,prov,lossless,primary,0,0,0,24,24,1,1,evidence,evidence,,0,1,0,5036,145,14635,168bfa490b87987c32e9abf27aba2b17c5b1e85904f1f25d9f267c0979b5b569,b1f1bde89f7ea1af0191507abea91ebcd90529f941df054dcbefec585279a3d5,qwen3.8:27b,22130167c4c20e20c7b71454612966ca8e8171e9b3cc8ab6ce8aa6cbfec79643,0.33.2,off,16384,26.13
3hop1__337705_132457_51423|overwritten_note|12,3hop1__337705_132457_51423,overwritten_note,state,write_note,12,0,26,0.462,log,lossless,primary,0,0,0,12,12,1,1,state,state,,0,1,0,3869,150,11244,ba8b77f02b64574ea7e93ea62fa1fc123ccb9b7577129cf415e005a243f5b0a5,d88bdf2f8f05aa9afa000cd7affaeaed4927c69b3bb7d0af218cfdad35f61af5,qwen3.8:27b,22130167c4c20e20c7b71454612966ca8e8171e9b3cc8ab6ce8aa6cbfec79643,0.33.2,off,16384,48.83
3hop1__337705_132457_51423|overwritten_note|12,3hop1__337705_132457_51423,overwritten_note,state,write_note,12,0,26,0.462,diff,lossless,primary,0,0,0,12,12,1,1,state,state,,1,1,0,5043,190,14927,580493953bfd9de6d0b2d1d8a4f1e43ab9de066daab1e45d308f79bb0263f1ee,6724ba2c8a5c03863613a4496d6a89c572e8353bfd14b67e9ec341bb6eba8621,qwen3.8:27b,22130167c4c20e20c7b71454612966ca8e8171e9b3cc8ab6ce8aa6cbfec79643,0.33.2,off,16384,65.05
3hop1__337705_132457_51423|overwritten_note|12,3hop1__337705_132457_51423,overwritten_note,state,write_note,12,0,26,0.462,prov,lossless,primary,0,0,0,12,12,1,1,state,state,,0,1,0,5091,186,14752,168bfa490b87987c32e9abf27aba2b17c5b1e85904f1f25d9f267c0979b5b569,432e109722928acbadc785c3b4730ce065e387d2a09d904a24a663f444813ab3,qwen3.8:27b,22130167c4c20e20c7b71454612966ca8e8171e9b3cc8ab6ce8aa6cbfec79643,0.33.2,off,16384,64.79
3hop1__337705_132457_51423|sham|18,3hop1__337705_132457_51423,sham,none,write_note,18,1,26,0.692,log,lossless,primary,0,1,0,,,,,none,none,0,0,1,0,3868,140,11235,ba8b77f02b64574ea7e93ea62fa1fc123ccb9b7577129cf415e005a243f5b0a5,84a6040143e4087e7ec6c8bce077dc7cdc2225d8a86220d63092bf3662cfebc9,qwen3.8:27b,22130167c4c20e20c7b71454612966ca8e8171e9b3cc8ab6ce8aa6cbfec79643,0.33.2,off,16384,52.18
3hop1__337705_132457_51423|sham|18,3hop1__337705_132457_51423,sham,none,write_note,18,1,26,0.692,diff,lossless,primary,0,1,0,,,,,none,none,0,0,1,0,5042,133,14918,580493953bfd9de6d0b2d1d8a4f1e43ab9de066daab1e45d308f79bb0263f1ee,177ef1750411029b545b4950c3f2baeccfec2947151a408b65e9a1062d2cd4d9,qwen3.8:27b,22130167c4c20e20c7b71454612966ca8e8171e9b3cc8ab6ce8aa6cbfec79643,0.33.2,off,16384,59.96
3hop1__337705_132457_51423|sham|18,3hop1__337705_132457_51423,sham,none,write_note,18,1,26,0.692,prov,lossless,primary,0,1,0,,,,,none,none,0,0,1,0,5087,130,14728,168bfa490b87987c32e9abf27aba2b17c5b1e85904f1f25d9f267c0979b5b569,a77a87bb9177d7536e13f63a96ca8d5c13fd126ac788bd49132f5b836669a525,qwen3.8:27b,22130167c4c20e20c7b71454612966ca8e8171e9b3cc8ab6ce8aa6cbfec79643,0.33.2,off,16384,60.63
3hop1__337705_132457_51423|wrong_argument|8,3hop1__337705_132457_51423,wrong_argument,tool,search,8,0,32,0.25,log,lossless,primary,0,0,0,12,8,0,0,evidence,tool,,0,1,0,4710,186,14139,ba8b77f02b64574ea7e93ea62fa1fc123ccb9b7577129cf415e005a243f5b0a5,a18e60838820f30e09a7b0003e5bf64437b56831ef4a386bb54a053f7c013602,qwen3.8:27b,22130167c4c20e20c7b71454612966ca8e8171e9b3cc8ab6ce8aa6cbfec79643,0.33.2,off,16384,62.29
3hop1__337705_132457_51423|wrong_argument|8,3hop1__337705_132457_51423,wrong_argument,tool,search,8,0,32,0.25,diff,lossless,primary,0,0,0,12,8,0,0,evidence,tool,,1,1,0,6160,167,18662,580493953bfd9de6d0b2d1d8a4f1e43ab9de066daab1e45d308f79bb0263f1ee,222da842b883d721ddcf64a41a3e37c62319ecaa4e6c72bdd7b919cb496c9b8a,qwen3.8:27b,22130167c4c20e20c7b71454612966ca8e8171e9b3cc8ab6ce8aa6cbfec79643,0.33.2,off,16384,72.87
3hop1__337705_132457_51423|wrong_argument|8,3hop1__337705_132457_51423,wrong_argument,tool,search,8,0,32,0.25,prov,lossless,primary,0,0,0,8,8,1,1,tool,tool,,1,1,0,6175,173,18253,168bfa490b87987c32e9abf27aba2b17c5b1e85904f1f25d9f267c0979b5b569,fe603b7697537b25a9c5be06031d76ce3248f84867c255ced6aa0863df9485f8,qwen3.8:27b,22130167c4c20e20c7b71454612966ca8e8171e9b3cc8ab6ce8aa6cbfec79643,0.33.2,off,16384,73.94
3hop1__337705_132457_51423|wrong_source|18,3hop1__337705_132457_51423,wrong_source,evidence,write_note,18,1,34,0.529,log,lossless,primary,0,0,0,18,18,1,1,evidence,evidence,,1,1,0,4813,194,14400,ba8b77f02b64574ea7e93ea62fa1fc123ccb9b7577129cf415e005a243f5b0a5,203305cc4b2c937d532ad3df70aa19b19bef64463c0228589bca5ea8f0729789,qwen3.8:27b,22130167c4c20e20c7b71454612966ca8e8171e9b3cc8ab6ce8aa6cbfec79643,0.33.2,off,16384,60.97
3hop1__337705_132457_51423|wrong_source|18,3hop1__337705_132457_51423,wrong_source,evidence,write_note,18,1,34,0.529,diff,lossless,primary,0,0,0,18,18,1,1,evidence,evidence,,1,1,0,6297,200,19043,580493953bfd9de6d0b2d1d8a4f1e43ab9de066daab1e45d308f79bb0263f1ee,d504fcf0d9451b01d08b009145b59035448c981822d067de51c106d3c1ac85a7,qwen3.8:27b,22130167c4c20e20c7b71454612966ca8e8171e9b3cc8ab6ce8aa6cbfec79643,0.33.2,off,16384,75.25
3hop1__337705_132457_51423|wrong_source|18,3hop1__337705_132457_51423,wrong_source,evidence,write_note,18,1,34,0.529,prov,lossless,primary,0,0,0,18,18,1,1,evidence,evidence,,1,1,0,6355,264,18795,168bfa490b87987c32e9abf27aba2b17c5b1e85904f1f25d9f267c0979b5b569,01cad796858562663fbf2cde4dd49dabb71a312448fa0eaac95014797e5a8128,qwen3.8:27b,22130167c4c20e20c7b71454612966ca8e8171e9b3cc8ab6ce8aa6cbfec79643,0.33.2,off,16384,83.62
3hop1__222497_309482_41132|corrupted_output|20,3hop1__222497_309482_41132,corrupted_output,tool,search,20,2,30,0.667,log,lossless,primary,0,0,0,,20,0,0,none,tool,,0,1,0,5208,133,15278,ba8b77f02b64574ea7e93ea62fa1fc123ccb9b7577129cf415e005a243f5b0a5,12fa2b56216d9c148c6aae069c82915d5842cdd3f4b510bc47e51233842aca78,qwen3.8:27b,22130167c4c20e20c7b71454612966ca8e8171e9b3cc8ab6ce8aa6cbfec79643,0.33.2,off,16384,59.43
3hop1__222497_309482_41132|corrupted_output|20,3hop1__222497_309482_41132,corrupted_output,tool,search,20,2,30,0.667,diff,lossless,primary,0,0,0,12,20,0,0,evidence,tool,,0,1,0,7059,234,20944,580493953bfd9de6d0b2d1d8a4f1e43ab9de066daab1e45d308f79bb0263f1ee,c6278cbdb393db707508cec0e1f5f61d29e52fd0603c9197e836674dd8ae65da,qwen3.8:27b,22130167c4c20e20c7b71454612966ca8e8171e9b3cc8ab6ce8aa6cbfec79643,0.33.2,off,16384,87.67
3hop1__222497_309482_41132|corrupted_output|20,3hop1__222497_309482_41132,corrupted_output,tool,search,20,2,30,0.667,prov,lossless,primary,0,0,0,10,20,0,0,tool,tool,,1,1,0,6585,199,19185,168bfa490b87987c32e9abf27aba2b17c5b1e85904f1f25d9f267c0979b5b569,57d03ec8b5de5114a1a9962d3f7d0225dd703e8841458f9aff108760611bc7bc,qwen3.8:27b,22130167c4c20e20c7b71454612966ca8e8171e9b3cc8ab6ce8aa6cbfec79643,0.33.2,off,16384,79.27
3hop1__222497_309482_41132|dropped_note|6,3hop1__222497_309482_41132,dropped_note,state,write_note,6,0,26,0.231,log,lossless,primary,0,0,0,,6,0,0,none,state,,0,1,0,4597,144,13186,ba8b77f02b64574ea7e93ea62fa1fc123ccb9b7577129cf415e005a243f5b0a5,aa00212b9d9f783e26c49358b6e57f860674aa60c2699f15223ac454927a09b3,qwen3.8:27b,22130167c4c20e20c7b71454612966ca8e8171e9b3cc8ab6ce8aa6cbfec79643,0.33.2,off,16384,57.11
3hop1__222497_309482_41132|dropped_note|6,3hop1__222497_309482_41132,dropped_note,state,write_note,6,0,26,0.231,diff,lossless,primary,0,0,0,6,6,1,1,state,state,,0,1,0,6309,195,18493,580493953bfd9de6d0b2d1d8a4f1e43ab9de066daab1e45d308f79bb0263f1ee,31a3b5e735640a4f41c43b9abd6ccc9c44cfdbb1502065d9d398c44501c287ac,qwen3.8:27b,22130167c4c20e20c7b71454612966ca8e8171e9b3cc8ab6ce8aa6cbfec79643,0.33.2,off,16384,75.09
3hop1__222497_309482_41132|dropped_note|6,3hop1__222497_309482_41132,dropped_note,state,write_note,6,0,26,0.231,prov,lossless,primary,0,0,0,12,6,0,0,evidence,state,,0,1,0,5783,308,16540,168bfa490b87987c32e9abf27aba2b17c5b1e85904f1f25d9f267c0979b5b569,2fa597bcde2bfb2788a41048a60491417d302021cb30874c661782e9d1279e87,qwen3.8:27b,22130167c4c20e20c7b71454612966ca8e8171e9b3cc8ab6ce8aa6cbfec79643,0.33.2,off,16384,83.13
3hop1__222497_309482_41132|no_source|6,3hop1__222497_309482_41132,no_source,evidence,write_note,6,0,26,0.231,log,lossless,primary,0,0,0,6,6,1,1,evidence,evidence,,1,1,0,4659,171,13470,ba8b77f02b64574ea7e93ea62fa1fc123ccb9b7577129cf415e005a243f5b0a5,bc07f27a15cdb9d389c37316aa7d0aaebc31cb2273ca662386e003e82aa8a0b6,qwen3.8:27b,22130167c4c20e20c7b71454612966ca8e8171e9b3cc8ab6ce8aa6cbfec79643,0.33.2,off,16384,59.56
3hop1__222497_309482_41132|no_source|6,3hop1__222497_309482_41132,no_source,evidence,write_note,6,0,26,0.231,diff,lossless,primary,0,0,0,6,6,1,1,evidence,evidence,,1,1,0,6409,136,18868,580493953bfd9de6d0b2d1d8a4f1e43ab9de066daab1e45d308f79bb0263f1ee,a0c719cd97d5aab4b32cc61238b56e06d9bec1d4447193a65a84ff164266109e,qwen3.8:27b,22130167c4c20e20c7b71454612966ca8e8171e9b3cc8ab6ce8aa6cbfec79643,0.33.2,off,16384,71.75
3hop1__222497_309482_41132|no_source|6,3hop1__222497_309482_41132,no_source,evidence,write_note,6,0,26,0.231,prov,lossless,primary,0,0,0,6,6,1,1,evidence,evidence,,0,1,0,5895,137,16921,168bfa490b87987c32e9abf27aba2b17c5b1e85904f1f25d9f267c0979b5b569,5a537ff679ceb9b2d72d79ae40fe4f2a3ea420afc2b38cc36eb9f83a3f0962ea,qwen3.8:27b,22130167c4c20e20c7b71454612966ca8e8171e9b3cc8ab6ce8aa6cbfec79643,0.33.2,off,16384,66.73
3hop1__222497_309482_41132|overwritten_note|18,3hop1__222497_309482_41132,overwritten_note,state,write_note,18,1,26,0.692,log,lossless,primary,0,0,0,18,18,1,1,state,state,,1,1,0,4607,132,13220,ba8b77f02b64574ea7e93ea62fa1fc123ccb9b7577129cf415e005a243f5b0a5,b44c21a325f9671e5117f2112b50d0addc66c9466b84b064c5a3f4599093da13,qwen3.8:27b,22130167c4c20e20c7b71454612966ca8e8171e9b3cc8ab6ce8aa6cbfec79643,0.33.2,off,16384,52.57
3hop1__222497_309482_41132|overwritten_note|18,3hop1__222497_309482_41132,overwritten_note,state,write_note,18,1,26,0.692,diff,lossless,primary,0,0,0,18,18,1,1,state,state,,1,1,0,6362,198,18642,580493953bfd9de6d0b2d1d8a4f1e43ab9de066daab1e45d308f79bb0263f1ee,ad58442b0275c863b5154f93106d82c89208c6f2e8afdc69ce513f3cd759f4cc,qwen3.8:27b,22130167c4c20e20c7b71454612966ca8e8171e9b3cc8ab6ce8aa6cbfec79643,0.33.2,off,16384,76.67
3hop1__222497_309482_41132|overwritten_note|18,3hop1__222497_309482_41132,overwritten_note,state,write_note,18,1,26,0.692,prov,lossless,primary,0,0,0,18,18,1,1,state,state,,1,1,0,5862,176,16756,168bfa490b87987c32e9abf27aba2b17c5b1e85904f1f25d9f267c0979b5b569,888392ea49e67b3ec708fab5d1a39b2317b6c78f9eada1554df3f4f8c49ead99,qwen3.8:27b,22130167c4c20e20c7b71454612966ca8e8171e9b3cc8ab6ce8aa6cbfec79643,0.33.2,off,16384,67.63
3hop1__222497_309482_41132|sham|18,3hop1__222497_309482_41132,sham,none,write_note,18,1,26,0.692,log,lossless,primary,0,1,0,,,,,none,none,0,0,1,0,4609,144,13223,ba8b77f02b64574ea7e93ea62fa1fc123ccb9b7577129cf415e005a243f5b0a5,b57985d05b82ca23682eb6bd0d0f9c0c3e86b5522ff9ace2ebd75972debfa1df,qwen3.8:27b,22130167c4c20e20c7b71454612966ca8e8171e9b3cc8ab6ce8aa6cbfec79643,0.33.2,off,16384,58.39
3hop1__222497_309482_41132|sham|18,3hop1__222497_309482_41132,sham,none,write_note,18,1,26,0.692,diff,lossless,primary,0,1,0,12,,,,evidence,none,1,1,1,0,6364,243,18645,580493953bfd9de6d0b2d1d8a4f1e43ab9de066daab1e45d308f79bb0263f1ee,dcad426a180df709b0a3352ca677b59b3748a0b0044d72bb807e0af8204dd2a7,qwen3.8:27b,22130167c4c20e20c7b71454612966ca8e8171e9b3cc8ab6ce8aa6cbfec79643,0.33.2,off,16384,85.88
3hop1__222497_309482_41132|sham|18,3hop1__222497_309482_41132,sham,none,write_note,18,1,26,0.692,prov,lossless,primary,0,1,0,,,,,,none,1,0,0,0,5870,1024,16780,168bfa490b87987c32e9abf27aba2b17c5b1e85904f1f25d9f267c0979b5b569,8d510814c82c1d973685b20e62ffe2588f4c605300f3ce1a5f78bd72d58d01e7,qwen3.8:27b,22130167c4c20e20c7b71454612966ca8e8171e9b3cc8ab6ce8aa6cbfec79643,0.33.2,off,16384,171.01
3hop1__222497_309482_41132|wrong_argument|16,3hop1__222497_309482_41132,wrong_argument,tool,read,16,1,20,0.8,log,lossless,primary,0,0,0,16,16,1,1,tool,tool,,0,1,0,3806,196,10289,ba8b77f02b64574ea7e93ea62fa1fc123ccb9b7577129cf415e005a243f5b0a5,9cb38a0edb37d9f6a348c292bae29bfb0a0e6f04a3d064685839c17649cd9773,qwen3.8:27b,22130167c4c20e20c7b71454612966ca8e8171e9b3cc8ab6ce8aa6cbfec79643,0.33.2,off,16384,53.07
3hop1__222497_309482_41132|wrong_argument|16,3hop1__222497_309482_41132,wrong_argument,tool,read,16,1,20,0.8,diff,lossless,primary,0,0,0,16,16,1,1,tool,tool,,0,1,0,5257,234,14634,580493953bfd9de6d0b2d1d8a4f1e43ab9de066daab1e45d308f79bb0263f1ee,51af491fa0101e9a5767baf559dd86e5f775ab3bfbfa0518bd03432e8221d2cb,qwen3.8:27b,22130167c4c20e20c7b71454612966ca8e8171e9b3cc8ab6ce8aa6cbfec79643,0.33.2,off,16384,71.82
3hop1__222497_309482_41132|wrong_argument|16,3hop1__222497_309482_41132,wrong_argument,tool,read,16,1,20,0.8,prov,lossless,primary,0,0,0,16,16,1,1,tool,tool,,1,1,0,4792,214,13051,168bfa490b87987c32e9abf27aba2b17c5b1e85904f1f25d9f267c0979b5b569,2916d5dbbd725f797de7f19e0e464756e10a5c20efceed6385fe91c7b6a946b6,qwen3.8:27b,22130167c4c20e20c7b71454612966ca8e8171e9b3cc8ab6ce8aa6cbfec79643,0.33.2,off,16384,64.96
3hop1__222497_309482_41132|wrong_source|24,3hop1__222497_309482_41132,wrong_source,evidence,write_note,24,2,26,0.923,log,lossless,primary,0,0,0,24,24,1,1,evidence,evidence,,1,1,0,4631,220,13290,ba8b77f02b64574ea7e93ea62fa1fc123ccb9b7577129cf415e005a243f5b0a5,06cf0a37d7fdc3ce05c67b4358c2589a867539eccba58448dc32df50675906b7,qwen3.8:27b,22130167c4c20e20c7b71454612966ca8e8171e9b3cc8ab6ce8aa6cbfec79643,0.33.2,off,16384,39.48
3hop1__222497_309482_41132|wrong_source|24,3hop1__222497_309482_41132,wrong_source,evidence,write_note,24,2,26,0.923,diff,lossless,primary,0,0,0,24,24,1,1,evidence,evidence,,1,1,0,6386,247,18712,580493953bfd9de6d0b2d1d8a4f1e43ab9de066daab1e45d308f79bb0263f1ee,fd0a803cb19e904a9d952fdb4721a5260d14ea547452216168963ca3f1324129,qwen3.8:27b,22130167c4c20e20c7b71454612966ca8e8171e9b3cc8ab6ce8aa6cbfec79643,0.33.2,off,16384,80.51
3hop1__222497_309482_41132|wrong_source|24,3hop1__222497_309482_41132,wrong_source,evidence,write_note,24,2,26,0.923,prov,lossless,primary,0,0,0,24,24,1,1,evidence,evidence,,0,1,0,5892,237,16847,168bfa490b87987c32e9abf27aba2b17c5b1e85904f1f25d9f267c0979b5b569,4b19fbb20fe811f6963c1a36c5f0cf61b5181ece7e481072a93fd7fd85d87dd4,qwen3.8:27b,22130167c4c20e20c7b71454612966ca8e8171e9b3cc8ab6ce8aa6cbfec79643,0.33.2,off,16384,43.57
3hop1__145194_160545_34754|corrupted_output|4,3hop1__145194_160545_34754,corrupted_output,tool,read,4,0,20,0.2,log,lossless,primary,0,0,0,4,4,1,1,tool,tool,,0,1,0,3402,197,9710,ba8b77f02b64574ea7e93ea62fa1fc123ccb9b7577129cf415e005a243f5b0a5,36dd627baf6c797c69a5b0c6616ddebe114c85d30bc1a3655da588639023c3d2,qwen3.8:27b,22130167c4c20e20c7b71454612966ca8e8171e9b3cc8ab6ce8aa6cbfec79643,0.33.2,off,16384,48.35
3hop1__145194_160545_34754|corrupted_output|4,3hop1__145194_160545_34754,corrupted_output,tool,read,4,0,20,0.2,diff,lossless,primary,0,0,0,4,4,1,1,tool,tool,,0,1,0,4426,195,13171,580493953bfd9de6d0b2d1d8a4f1e43ab9de066daab1e45d308f79bb0263f1ee,79db297ae84ced8729a51d9e0384047b9c5247b8d3dba1554895ab26409e594d,qwen3.8:27b,22130167c4c20e20c7b71454612966ca8e8171e9b3cc8ab6ce8aa6cbfec79643,0.33.2,off,16384,57.26
3hop1__145194_160545_34754|corrupted_output|4,3hop1__145194_160545_34754,corrupted_output,tool,read,4,0,20,0.2,prov,lossless,primary,0,0,0,6,4,0,1,evidence,tool,,0,1,0,4393,259,12556,168bfa490b87987c32e9abf27aba2b17c5b1e85904f1f25d9f267c0979b5b569,0275b277c351f8a9596e1ae7df20ed2fe7fa31af88dafc16e87a20c1b43114fc,qwen3.8:27b,22130167c4c20e20c7b71454612966ca8e8171e9b3cc8ab6ce8aa6cbfec79643,0.33.2,off,16384,63.87
3hop1__145194_160545_34754|dropped_note|18,3hop1__145194_160545_34754,dropped_note,state,write_note,18,1,34,0.529,log,lossless,primary,0,0,0,18,18,1,1,tool,state,,0,1,0,5275,161,16421,ba8b77f02b64574ea7e93ea62fa1fc123ccb9b7577129cf415e005a243f5b0a5,1a853350aa79eaeb9d3e4e3cdcf41c6bda268bfe029546db82ea194f1153538a,qwen3.8:27b,22130167c4c20e20c7b71454612966ca8e8171e9b3cc8ab6ce8aa6cbfec79643,0.33.2,off,16384,64.15
3hop1__145194_160545_34754|dropped_note|18,3hop1__145194_160545_34754,dropped_note,state,write_note,18,1,34,0.529,diff,lossless,primary,0,0,0,18,18,1,1,tool,state,,0,1,0,7108,170,22719,580493953bfd9de6d0b2d1d8a4f1e43ab9de066daab1e45d308f79bb0263f1ee,da2c0b42cfdaaad6eb04692ed55da66367417b79850dd12e23375711aa17f82d,qwen3.8:27b,22130167c4c20e20c7b71454612966ca8e8171e9b3cc8ab6ce8aa6cbfec79643,0.33.2,off,16384,80.96
3hop1__145194_160545_34754|dropped_note|18,3hop1__145194_160545_34754,dropped_note,state,write_note,18,1,34,0.529,prov,lossless,primary,0,0,0,18,18,1,1,tool,state,,1,1,0,6752,234,20588,168bfa490b87987c32e9abf27aba2b17c5b1e85904f1f25d9f267c0979b5b569,46e625d59f807dbee667fddd61d94bd53dc79ea47d3d6df31a3a05f6ac071244,qwen3.8:27b,22130167c4c20e20c7b71454612966ca8e8171e9b3cc8ab6ce8aa6cbfec79643,0.33.2,off,16384,85.25
3hop1__145194_160545_34754|no_source|18,3hop1__145194_160545_34754,no_source,evidence,write_note,18,1,26,0.692,log,lossless,primary,0,0,0,18,18,1,1,evidence,evidence,,1,1,0,4338,173,13013,ba8b77f02b64574ea7e93ea62fa1fc123ccb9b7577129cf415e005a243f5b0a5,3633c5441a6d1fcf410bd5c05c44b2a604058f8e4d5b8b37ee1acd0afdab8e9c,qwen3.8:27b,22130167c4c20e20c7b71454612966ca8e8171e9b3cc8ab6ce8aa6cbfec79643,0.33.2,off,16384,56.32
3hop1__145194_160545_34754|no_source|18,3hop1__145194_160545_34754,no_source,evidence,write_note,18,1,26,0.692,diff,lossless,primary,0,0,0,18,18,1,1,tool,evidence,,0,1,0,5820,178,18121,580493953bfd9de6d0b2d1d8a4f1e43ab9de066daab1e45d308f79bb0263f1ee,7f8a8d0ad0a06f66111f4521ba0fd0e62c7012dc6dec01418acd67412f0020a4,qwen3.8:27b,22130167c4c20e20c7b71454612966ca8e8171e9b3cc8ab6ce8aa6cbfec79643,0.33.2,off,16384,68.05
3hop1__145194_160545_34754|no_source|18,3hop1__145194_160545_34754,no_source,evidence,write_note,18,1,26,0.692,prov,lossless,primary,0,0,0,16,18,0,1,tool,evidence,,1,1,0,5532,204,16361,168bfa490b87987c32e9abf27aba2b17c5b1e85904f1f25d9f267c0979b5b569,577370517bbef4562d8acfc9bb577d91669a40162790a684d43c0a8841e76866,qwen3.8:27b,22130167c4c20e20c7b71454612966ca8e8171e9b3cc8ab6ce8aa6cbfec79643,0.33.2,off,16384,72.77
3hop1__145194_160545_34754|overwritten_note|32,3hop1__145194_160545_34754,overwritten_note,state,write_note,32,2,34,0.941,log,lossless,primary,0,0,0,32,32,1,1,state,state,,0,1,0,5277,156,16449,ba8b77f02b64574ea7e93ea62fa1fc123ccb9b7577129cf415e005a243f5b0a5,771a734e09f093cb282f3ec239f875f48fa04eb2d34f00957802558d9df61109,qwen3.8:27b,22130167c4c20e20c7b71454612966ca8e8171e9b3cc8ab6ce8aa6cbfec79643,0.33.2,off,16384,34.29
3hop1__145194_160545_34754|overwritten_note|32,3hop1__145194_160545_34754,overwritten_note,state,write_note,32,2,34,0.941,diff,lossless,primary,0,0,0,32,32,1,1,state,state,,1,1,0,7144,167,22829,580493953bfd9de6d0b2d1d8a4f1e43ab9de066daab1e45d308f79bb0263f1ee,2b909e4fb308cbfd08d822fe359d0fe451dacd5b4bec80ec11ce5e135f5e9389,qwen3.8:27b,22130167c4c20e20c7b71454612966ca8e8171e9b3cc8ab6ce8aa6cbfec79643,0.33.2,off,16384,80.54
3hop1__145194_160545_34754|overwritten_note|32,3hop1__145194_160545_34754,overwritten_note,state,write_note,32,2,34,0.941,prov,lossless,primary,0,0,0,32,32,1,1,state,state,,0,1,0,6804,206,20727,168bfa490b87987c32e9abf27aba2b17c5b1e85904f1f25d9f267c0979b5b569,7954295f23b3aab9d35171ab0527fd2ef52aad3ca3b1144b1de89ea0f08a8c61,qwen3.8:27b,22130167c4c20e20c7b71454612966ca8e8171e9b3cc8ab6ce8aa6cbfec79643,0.33.2,off,16384,83.53
3hop1__145194_160545_34754|sham|18,3hop1__145194_160545_34754,sham,none,write_note,18,1,34,0.529,log,lossless,primary,0,1,0,,,,,none,none,0,0,1,0,5288,135,16455,ba8b77f02b64574ea7e93ea62fa1fc123ccb9b7577129cf415e005a243f5b0a5,c78a31a48f05d653375647f4fbf4cce328abf22744fd83abce9925c3d326dbfa,qwen3.8:27b,22130167c4c20e20c7b71454612966ca8e8171e9b3cc8ab6ce8aa6cbfec79643,0.33.2,off,16384,29.11
3hop1__145194_160545_34754|sham|18,3hop1__145194_160545_34754,sham,none,write_note,18,1,34,0.529,diff,lossless,primary,0,1,0,18,,,,tool,none,1,0,1,0,7154,171,22835,580493953bfd9de6d0b2d1d8a4f1e43ab9de066daab1e45d308f79bb0263f1ee,4e21bafdf2f5ecd30aa65b1eaea5c8e96692822b3a3580766f3e40b16d14d090,qwen3.8:27b,22130167c4c20e20c7b71454612966ca8e8171e9b3cc8ab6ce8aa6cbfec79643,0.33.2,off,16384,29.35
3hop1__145194_160545_34754|sham|18,3hop1__145194_160545_34754,sham,none,write_note,18,1,34,0.529,prov,lossless,primary,0,1,0,16,,,,tool,none,1,1,1,0,6837,187,20787,168bfa490b87987c32e9abf27aba2b17c5b1e85904f1f25d9f267c0979b5b569,ddd8f5a610877377761280249382662cc6add1cb1b8e57f0f18101919af466f3,qwen3.8:27b,22130167c4c20e20c7b71454612966ca8e8171e9b3cc8ab6ce8aa6cbfec79643,0.33.2,off,16384,31.47
3hop1__145194_160545_34754|wrong_argument|28,3hop1__145194_160545_34754,wrong_argument,tool,search,28,2,34,0.824,log,lossless,primary,0,0,0,,28,0,0,none,tool,,0,1,0,5278,134,16370,ba8b77f02b64574ea7e93ea62fa1fc123ccb9b7577129cf415e005a243f5b0a5,a93457a4f7e249f04bce4dfa29550c21f0b081d3fd03ceffc98eb145deadddc8,qwen3.8:27b,22130167c4c20e20c7b71454612966ca8e8171e9b3cc8ab6ce8aa6cbfec79643,0.33.2,off,16384,27.87
3hop1__145194_160545_34754|wrong_argument|28,3hop1__145194_160545_34754,wrong_argument,tool,search,28,2,34,0.824,diff,lossless,primary,0,0,0,18,28,0,0,tool,tool,,0,1,0,7137,171,22703,580493953bfd9de6d0b2d1d8a4f1e43ab9de066daab1e45d308f79bb0263f1ee,36bc6bbe05dbe4b625aebd2ab584798da97ed81bbf8b0ac3d57d648f22076ed2,qwen3.8:27b,22130167c4c20e20c7b71454612966ca8e8171e9b3cc8ab6ce8aa6cbfec79643,0.33.2,off,16384,81.17
3hop1__145194_160545_34754|wrong_argument|28,3hop1__145194_160545_34754,wrong_argument,tool,search,28,2,34,0.824,prov,lossless,primary,0,0,0,,28,0,0,,tool,,0,0,0,6821,1024,20655,168bfa490b87987c32e9abf27aba2b17c5b1e85904f1f25d9f267c0979b5b569,a5d8555d5eb63546ca1af6c97718d878a156658293cf4baadb16a121feb4f4ef,qwen3.8:27b,22130167c4c20e20c7b71454612966ca8e8171e9b3cc8ab6ce8aa6cbfec79643,0.33.2,off,16384,174.85
3hop1__145194_160545_34754|wrong_source|12,3hop1__145194_160545_34754,wrong_source,evidence,write_note,12,0,38,0.316,log,lossless,primary,0,0,0,12,12,1,1,evidence,evidence,,1,1,0,4569,249,13910,ba8b77f02b64574ea7e93ea62fa1fc123ccb9b7577129cf415e005a243f5b0a5,33fd502750cb63cfdbe635efba222c8d5849c02c1b0386433d5cdfa6db5d995c,qwen3.8:27b,22130167c4c20e20c7b71454612966ca8e8171e9b3cc8ab6ce8aa6cbfec79643,0.33.2,off,16384,65.63
3hop1__145194_160545_34754|wrong_source|12,3hop1__145194_160545_34754,wrong_source,evidence,write_note,12,0,38,0.316,diff,lossless,primary,0,0,0,12,12,1,1,evidence,evidence,,1,1,0,6067,211,18622,580493953bfd9de6d0b2d1d8a4f1e43ab9de066daab1e45d308f79bb0263f1ee,5d6787af483660eef5ec8df205ee943827c5b844134fbc57e1bb153d61491869,qwen3.8:27b,22130167c4c20e20c7b71454612966ca8e8171e9b3cc8ab6ce8aa6cbfec79643,0.33.2,off,16384,73.24
3hop1__145194_160545_34754|wrong_source|12,3hop1__145194_160545_34754,wrong_source,evidence,write_note,12,0,38,0.316,prov,lossless,primary,0,0,0,12,12,1,1,evidence,evidence,,0,1,0,5976,188,17872,168bfa490b87987c32e9abf27aba2b17c5b1e85904f1f25d9f267c0979b5b569,41466a0d6bff68643c18bbd115709ac36434f6a23ac34f4d5c0b9c8167648915,qwen3.8:27b,22130167c4c20e20c7b71454612966ca8e8171e9b3cc8ab6ce8aa6cbfec79643,0.33.2,off,16384,72.39
3hop1__639955_834494_34088|corrupted_output|8,3hop1__639955_834494_34088,corrupted_output,tool,search,8,1,20,0.4,log,lossless,primary,0,0,0,10,8,0,1,tool,tool,,0,1,0,3089,161,8860,ba8b77f02b64574ea7e93ea62fa1fc123ccb9b7577129cf415e005a243f5b0a5,4b916b4480ddaf77245c36a1e4e43fcb2adcada78dabf115f774903c8b97d959,qwen3.8:27b,22130167c4c20e20c7b71454612966ca8e8171e9b3cc8ab6ce8aa6cbfec79643,0.33.2,off,16384,43.89
3hop1__639955_834494_34088|corrupted_output|8,3hop1__639955_834494_34088,corrupted_output,tool,search,8,1,20,0.4,diff,lossless,primary,0,0,0,10,8,0,1,tool,tool,,0,1,0,3961,196,11731,580493953bfd9de6d0b2d1d8a4f1e43ab9de066daab1e45d308f79bb0263f1ee,ab7c60b32e38f1e2ab6d124e2d36ea96da14ebe9e5f5626ab40a6f5f6f3c9b80,qwen3.8:27b,22130167c4c20e20c7b71454612966ca8e8171e9b3cc8ab6ce8aa6cbfec79643,0.33.2,off,16384,53.97
3hop1__639955_834494_34088|corrupted_output|8,3hop1__639955_834494_34088,corrupted_output,tool,search,8,1,20,0.4,prov,lossless,primary,0,0,0,10,8,0,1,tool,tool,,0,1,0,4033,190,11598,168bfa490b87987c32e9abf27aba2b17c5b1e85904f1f25d9f267c0979b5b569,1db01d5ee5561e839b91cab9ca66e45079730846a68dda3bc4b3c1b48e969f07,qwen3.8:27b,22130167c4c20e20c7b71454612966ca8e8171e9b3cc8ab6ce8aa6cbfec79643,0.33.2,off,16384,55.62
3hop1__639955_834494_34088|dropped_note|18,3hop1__639955_834494_34088,dropped_note,state,write_note,18,2,20,0.9,log,lossless,primary,0,0,0,12,18,0,0,tool,state,,0,1,0,3146,147,8859,ba8b77f02b64574ea7e93ea62fa1fc123ccb9b7577129cf415e005a243f5b0a5,1b695f77b4a328cc701d19ada79d34d46452e7e183e4cb75f62bfb123ef38104,qwen3.8:27b,22130167c4c20e20c7b71454612966ca8e8171e9b3cc8ab6ce8aa6cbfec79643,0.33.2,off,16384,43.24
3hop1__639955_834494_34088|dropped_note|18,3hop1__639955_834494_34088,dropped_note,state,write_note,18,2,20,0.9,diff,lossless,primary,0,0,0,12,18,0,0,tool,state,,0,1,0,3962,165,11477,580493953bfd9de6d0b2d1d8a4f1e43ab9de066daab1e45d308f79bb0263f1ee,5e0f18ac40f566f1f690048873832dda2e142650b2a82d3fd6ca038a1e9cb1e4,qwen3.8:27b,22130167c4c20e20c7b71454612966ca8e8171e9b3cc8ab6ce8aa6cbfec79643,0.33.2,off,16384,53.92
3hop1__639955_834494_34088|dropped_note|18,3hop1__639955_834494_34088,dropped_note,state,write_note,18,2,20,0.9,prov,lossless,primary,0,0,0,18,18,1,1,state,state,,0,1,0,4000,182,11337,168bfa490b87987c32e9abf27aba2b17c5b1e85904f1f25d9f267c0979b5b569,274bb11f517e3678f8addf381f73b9eafbdabb8e55960e5cc8ce66a42b1e2626,qwen3.8:27b,22130167c4c20e20c7b71454612966ca8e8171e9b3cc8ab6ce8aa6cbfec79643,0.33.2,off,16384,58.37
3hop1__639955_834494_34088|no_source|18,3hop1__639955_834494_34088,no_source,evidence,write_note,18,2,20,0.9,log,lossless,primary,0,0,0,18,18,1,1,evidence,evidence,,1,1,0,3183,144,9041,ba8b77f02b64574ea7e93ea62fa1fc123ccb9b7577129cf415e005a243f5b0a5,11026d4e9bab7aec38dae76ba4667ffafcd8ad543bbbde1192216d1b565485a1,qwen3.8:27b,22130167c4c20e20c7b71454612966ca8e8171e9b3cc8ab6ce8aa6cbfec79643,0.33.2,off,16384,27.61
3hop1__639955_834494_34088|no_source|18,3hop1__639955_834494_34088,no_source,evidence,write_note,18,2,20,0.9,diff,lossless,primary,0,0,0,18,18,1,1,evidence,evidence,,1,1,0,4028,140,11769,580493953bfd9de6d0b2d1d8a4f1e43ab9de066daab1e45d308f79bb0263f1ee,10d83916fe591baef5691bc39d19883ffb1a0ca234745faf3d492e8db1625ef4,qwen3.8:27b,22130167c4c20e20c7b71454612966ca8e8171e9b3cc8ab6ce8aa6cbfec79643,0.33.2,off,16384,24.83
3hop1__639955_834494_34088|no_source|18,3hop1__639955_834494_34088,no_source,evidence,write_note,18,2,20,0.9,prov,lossless,primary,0,0,0,18,18,1,1,evidence,evidence,,0,1,0,4111,146,11733,168bfa490b87987c32e9abf27aba2b17c5b1e85904f1f25d9f267c0979b5b569,1f5c03b03035c1a4a258d1f3701698d4327164b53cd5161dd5fa880e4f4c2ecc,qwen3.8:27b,22130167c4c20e20c7b71454612966ca8e8171e9b3cc8ab6ce8aa6cbfec79643,0.33.2,off,16384,27.07
3hop1__639955_834494_34088|overwritten_note|12,3hop1__639955_834494_34088,overwritten_note,state,write_note,12,0,20,0.6,log,lossless,primary,0,0,0,12,12,1,1,state,state,,0,1,0,3171,173,8914,ba8b77f02b64574ea7e93ea62fa1fc123ccb9b7577129cf415e005a243f5b0a5,e3b9645e3e0b64073dfddda933095a90e2d8788174b318744052cb8fc4d57147,qwen3.8:27b,22130167c4c20e20c7b71454612966ca8e8171e9b3cc8ab6ce8aa6cbfec79643,0.33.2,off,16384,29.18
3hop1__639955_834494_34088|overwritten_note|12,3hop1__639955_834494_34088,overwritten_note,state,write_note,12,0,20,0.6,diff,lossless,primary,0,0,0,12,12,1,1,state,state,,1,1,0,4027,199,11652,580493953bfd9de6d0b2d1d8a4f1e43ab9de066daab1e45d308f79bb0263f1ee,7b7a7d4c5e8b174528cb8326a2664a97b8dbb6dccad226953cda1d03a0678289,qwen3.8:27b,22130167c4c20e20c7b71454612966ca8e8171e9b3cc8ab6ce8aa6cbfec79643,0.33.2,off,16384,54.9
3hop1__639955_834494_34088|overwritten_note|12,3hop1__639955_834494_34088,overwritten_note,state,write_note,12,0,20,0.6,prov,lossless,primary,0,0,0,12,12,1,1,state,state,,0,1,0,4127,209,11678,168bfa490b87987c32e9abf27aba2b17c5b1e85904f1f25d9f267c0979b5b569,7406d7d720872ed6c92a3659e6f8e8a4fbf7bd91b42020639313489275559c97,qwen3.8:27b,22130167c4c20e20c7b71454612966ca8e8171e9b3cc8ab6ce8aa6cbfec79643,0.33.2,off,16384,59.19
3hop1__639955_834494_34088|sham|12,3hop1__639955_834494_34088,sham,none,write_note,12,1,20,0.6,log,lossless,primary,0,1,0,,,,,none,none,0,0,1,0,3172,115,8911,ba8b77f02b64574ea7e93ea62fa1fc123ccb9b7577129cf415e005a243f5b0a5,2c78db53cd5eea19873e60b8d3e4c57a136aa14216e8af5ecf0dc6afb451ef34,qwen3.8:27b,22130167c4c20e20c7b71454612966ca8e8171e9b3cc8ab6ce8aa6cbfec79643,0.33.2,off,16384,26.47
3hop1__639955_834494_34088|sham|12,3hop1__639955_834494_34088,sham,none,write_note,12,1,20,0.6,diff,lossless,primary,0,1,0,12,,,,tool,none,1,0,1,0,4028,176,11649,580493953bfd9de6d0b2d1d8a4f1e43ab9de066daab1e45d308f79bb0263f1ee,46759a21c81778e97d18d587a33c0902ea9d3ab36836fbc04a5f899b3cec1e48,qwen3.8:27b,22130167c4c20e20c7b71454612966ca8e8171e9b3cc8ab6ce8aa6cbfec79643,0.33.2,off,16384,54.0
3hop1__639955_834494_34088|sham|12,3hop1__639955_834494_34088,sham,none,write_note,12,1,20,0.6,prov,lossless,primary,0,1,0,12,,,,tool,none,1,0,1,0,4132,167,11678,168bfa490b87987c32e9abf27aba2b17c5b1e85904f1f25d9f267c0979b5b569,d825b1b8b44a89b275a4274d56befc46e2b87b87102c979734da1ffd02e30c48,qwen3.8:27b,22130167c4c20e20c7b71454612966ca8e8171e9b3cc8ab6ce8aa6cbfec79643,0.33.2,off,16384,54.24
3hop1__639955_834494_34088|wrong_argument|4,3hop1__639955_834494_34088,wrong_argument,tool,read,4,0,8,0.5,log,lossless,primary,0,0,0,4,4,1,1,tool,tool,,0,1,0,1625,185,3640,ba8b77f02b64574ea7e93ea62fa1fc123ccb9b7577129cf415e005a243f5b0a5,94c6d0f6fbcfc98e49dfaecf1cfe4369e20169e74411f0d058539161409fce0f,qwen3.8:27b,22130167c4c20e20c7b71454612966ca8e8171e9b3cc8ab6ce8aa6cbfec79643,0.33.2,off,16384,33.89
3hop1__639955_834494_34088|wrong_argument|4,3hop1__639955_834494_34088,wrong_argument,tool,read,4,0,8,0.5,diff,lossless,primary,0,0,0,4,4,1,1,tool,tool,,1,1,0,1989,168,4799,580493953bfd9de6d0b2d1d8a4f1e43ab9de066daab1e45d308f79bb0263f1ee,70a7f189be5d976f3bb8501195cf78cc03120f98a5d2c8faeeda838090c43027,qwen3.8:27b,22130167c4c20e20c7b71454612966ca8e8171e9b3cc8ab6ce8aa6cbfec79643,0.33.2,off,16384,36.69
3hop1__639955_834494_34088|wrong_argument|4,3hop1__639955_834494_34088,wrong_argument,tool,read,4,0,8,0.5,prov,lossless,primary,0,0,0,4,4,1,1,tool,tool,,1,1,0,2051,174,4923,168bfa490b87987c32e9abf27aba2b17c5b1e85904f1f25d9f267c0979b5b569,05e748733337458e3730d7bf86c4dfa0348a07ba1bc908a7118a88b347b1a129,qwen3.8:27b,22130167c4c20e20c7b71454612966ca8e8171e9b3cc8ab6ce8aa6cbfec79643,0.33.2,off,16384,35.42
3hop1__639955_834494_34088|wrong_source|18,3hop1__639955_834494_34088,wrong_source,evidence,write_note,18,2,20,0.9,log,lossless,primary,0,0,0,18,18,1,1,evidence,evidence,,1,1,0,3206,235,9061,ba8b77f02b64574ea7e93ea62fa1fc123ccb9b7577129cf415e005a243f5b0a5,3025b83252850c9abbf5040c2b0a0b8c37809215e451402c1262049f6e4e6662,qwen3.8:27b,22130167c4c20e20c7b71454612966ca8e8171e9b3cc8ab6ce8aa6cbfec79643,0.33.2,off,16384,45.03
3hop1__639955_834494_34088|wrong_source|18,3hop1__639955_834494_34088,wrong_source,evidence,write_note,18,2,20,0.9,diff,lossless,primary,0,0,0,18,18,1,1,evidence,evidence,,1,1,0,4062,203,11799,580493953bfd9de6d0b2d1d8a4f1e43ab9de066daab1e45d308f79bb0263f1ee,674b62762d614297d1fb22888e0067e07a38a185eb81ba0c163d92185392c2cc,qwen3.8:27b,22130167c4c20e20c7b71454612966ca8e8171e9b3cc8ab6ce8aa6cbfec79643,0.33.2,off,16384,47.67
3hop1__639955_834494_34088|wrong_source|18,3hop1__639955_834494_34088,wrong_source,evidence,write_note,18,2,20,0.9,prov,lossless,primary,0,0,0,18,18,1,1,evidence,evidence,,0,1,0,4166,202,11828,168bfa490b87987c32e9abf27aba2b17c5b1e85904f1f25d9f267c0979b5b569,e8699c67e7664780f61b9b1f7b8dff905d0fe6e8d32708ccbdffc1041d56a0a5,qwen3.8:27b,22130167c4c20e20c7b71454612966ca8e8171e9b3cc8ab6ce8aa6cbfec79643,0.33.2,off,16384,48.74
3hop1__579562_629431_64412|corrupted_output|16,3hop1__579562_629431_64412,corrupted_output,tool,read,16,2,20,0.8,log,lossless,primary,0,0,0,16,16,1,1,tool,tool,,0,1,0,3670,188,10409,ba8b77f02b64574ea7e93ea62fa1fc123ccb9b7577129cf415e005a243f5b0a5,2d3cc6b8c13617bd4325d811783606008e78d6971096c4580d3f259475257c1a,qwen3.8:27b,22130167c4c20e20c7b71454612966ca8e8171e9b3cc8ab6ce8aa6cbfec79643,0.33.2,off,16384,51.49
3hop1__579562_629431_64412|corrupted_output|16,3hop1__579562_629431_64412,corrupted_output,tool,read,16,2,20,0.8,diff,lossless,primary,0,0,0,16,16,1,1,tool,tool,,0,1,0,4965,230,14592,580493953bfd9de6d0b2d1d8a4f1e43ab9de066daab1e45d308f79bb0263f1ee,47861dc37e66427b552a35dba48d388451b52739e243b96fa3a3d1d40be41a89,qwen3.8:27b,22130167c4c20e20c7b71454612966ca8e8171e9b3cc8ab6ce8aa6cbfec79643,0.33.2,off,16384,67.07
3hop1__579562_629431_64412|corrupted_output|16,3hop1__579562_629431_64412,corrupted_output,tool,read,16,2,20,0.8,prov,lossless,primary,0,0,0,16,16,1,1,tool,tool,,0,1,0,4633,250,13116,168bfa490b87987c32e9abf27aba2b17c5b1e85904f1f25d9f267c0979b5b569,11e37c0e910ec1564f44d9e79cf294d9160a9209711858a4974ac622ed9e7f56,qwen3.8:27b,22130167c4c20e20c7b71454612966ca8e8171e9b3cc8ab6ce8aa6cbfec79643,0.33.2,off,16384,66.26
3hop1__579562_629431_64412|dropped_note|6,3hop1__579562_629431_64412,dropped_note,state,write_note,6,0,20,0.3,log,lossless,primary,0,0,0,,6,0,0,none,state,,0,1,0,3632,130,10220,ba8b77f02b64574ea7e93ea62fa1fc123ccb9b7577129cf415e005a243f5b0a5,aa300e3f170537d748f4453b11ad43e73c0108bfa0c9a29acd3bdd3954a07d28,qwen3.8:27b,22130167c4c20e20c7b71454612966ca8e8171e9b3cc8ab6ce8aa6cbfec79643,0.33.2,off,16384,49.94
3hop1__579562_629431_64412|dropped_note|6,3hop1__579562_629431_64412,dropped_note,state,write_note,6,0,20,0.3,diff,lossless,primary,0,0,0,6,6,1,1,state,state,,0,1,0,4856,192,14183,580493953bfd9de6d0b2d1d8a4f1e43ab9de066daab1e45d308f79bb0263f1ee,cd39fb758d613ab54441aa21ccb3f1a3c24bbff127963e9efdef33f06b32d44f,qwen3.8:27b,22130167c4c20e20c7b71454612966ca8e8171e9b3cc8ab6ce8aa6cbfec79643,0.33.2,off,16384,65.08
3hop1__579562_629431_64412|dropped_note|6,3hop1__579562_629431_64412,dropped_note,state,write_note,6,0,20,0.3,prov,lossless,primary,0,0,0,6,6,1,1,state,state,,0,1,0,4514,164,12702,168bfa490b87987c32e9abf27aba2b17c5b1e85904f1f25d9f267c0979b5b569,2d82d4a5a5a33eac10715ebbde85fd742ae11ddbc7675efd407a07284e432682,qwen3.8:27b,22130167c4c20e20c7b71454612966ca8e8171e9b3cc8ab6ce8aa6cbfec79643,0.33.2,off,16384,57.6
3hop1__579562_629431_64412|no_source|6,3hop1__579562_629431_64412,no_source,evidence,write_note,6,0,20,0.3,log,lossless,primary,0,0,0,6,6,1,1,evidence,evidence,,1,1,0,3720,171,10631,ba8b77f02b64574ea7e93ea62fa1fc123ccb9b7577129cf415e005a243f5b0a5,8a8ffa56ca46e6a01bd33d3d3054eaa4e57b76777197b19dfc6fbbaab7b0dfe2,qwen3.8:27b,22130167c4c20e20c7b71454612966ca8e8171e9b3cc8ab6ce8aa6cbfec79643,0.33.2,off,16384,48.94
3hop1__579562_629431_64412|no_source|6,3hop1__579562_629431_64412,no_source,evidence,write_note,6,0,20,0.3,diff,lossless,primary,0,0,0,6,6,1,1,evidence,evidence,,1,1,0,4999,164,14757,580493953bfd9de6d0b2d1d8a4f1e43ab9de066daab1e45d308f79bb0263f1ee,6d5e25dc3cd538694ff6944acfffe819517e28421efce7b34d4d2eefe0de7837,qwen3.8:27b,22130167c4c20e20c7b71454612966ca8e8171e9b3cc8ab6ce8aa6cbfec79643,0.33.2,off,16384,62.32
3hop1__579562_629431_64412|no_source|6,3hop1__579562_629431_64412,no_source,evidence,write_note,6,0,20,0.3,prov,lossless,primary,0,0,0,6,6,1,1,evidence,evidence,,0,1,0,4663,128,13319,168bfa490b87987c32e9abf27aba2b17c5b1e85904f1f25d9f267c0979b5b569,decabb34a008ac90ad04848a72903234d3f6c15b17c4834320566fc6ee2acfd9,qwen3.8:27b,22130167c4c20e20c7b71454612966ca8e8171e9b3cc8ab6ce8aa6cbfec79643,0.33.2,off,16384,54.45
3hop1__579562_629431_64412|overwritten_note|18,3hop1__579562_629431_64412,overwritten_note,state,write_note,18,2,20,0.9,log,lossless,primary,0,0,0,18,18,1,1,state,state,,1,1,0,3633,149,10253,ba8b77f02b64574ea7e93ea62fa1fc123ccb9b7577129cf415e005a243f5b0a5,c2a5e81623c8662d1a285fd0d342fdfa37b3c4735d3dae37a3acf8679ee4732a,qwen3.8:27b,22130167c4c20e20c7b71454612966ca8e8171e9b3cc8ab6ce8aa6cbfec79643,0.33.2,off,16384,47.69
3hop1__579562_629431_64412|overwritten_note|18,3hop1__579562_629431_64412,overwritten_note,state,write_note,18,2,20,0.9,diff,lossless,primary,0,0,0,18,18,1,1,state,state,,1,1,0,4900,163,14309,580493953bfd9de6d0b2d1d8a4f1e43ab9de066daab1e45d308f79bb0263f1ee,45820d48dfd7bf9ff79b7498e1d4604561bc6e5fc0fad134df6f40e2e5eddb92,qwen3.8:27b,22130167c4c20e20c7b71454612966ca8e8171e9b3cc8ab6ce8aa6cbfec79643,0.33.2,off,16384,59.18
3hop1__579562_629431_64412|overwritten_note|18,3hop1__579562_629431_64412,overwritten_note,state,write_note,18,2,20,0.9,prov,lossless,primary,0,0,0,18,18,1,1,state,state,,1,1,0,4569,178,12861,168bfa490b87987c32e9abf27aba2b17c5b1e85904f1f25d9f267c0979b5b569,ffed023210a3da5b019e1f047cb2473dacb13e311dbb975aa6f177f364915702,qwen3.8:27b,22130167c4c20e20c7b71454612966ca8e8171e9b3cc8ab6ce8aa6cbfec79643,0.33.2,off,16384,56.98
3hop1__579562_629431_64412|sham|12,3hop1__579562_629431_64412,sham,none,write_note,12,1,20,0.6,log,lossless,primary,0,1,0,,,,,none,none,0,0,1,0,3645,106,10261,ba8b77f02b64574ea7e93ea62fa1fc123ccb9b7577129cf415e005a243f5b0a5,2c26e3b5f1c9d0d8cc8390016cc1964766f791516f59d1e480ba45a80464b5c9,qwen3.8:27b,22130167c4c20e20c7b71454612966ca8e8171e9b3cc8ab6ce8aa6cbfec79643,0.33.2,off,16384,23.07
3hop1__579562_629431_64412|sham|12,3hop1__579562_629431_64412,sham,none,write_note,12,1,20,0.6,diff,lossless,primary,0,1,0,,,,,none,none,0,0,1,0,4911,139,14317,580493953bfd9de6d0b2d1d8a4f1e43ab9de066daab1e45d308f79bb0263f1ee,0ce4b870ee7d11ef3ecc6f051df1ebd53f8d4ade366a97a4875b18556bcc75f2,qwen3.8:27b,22130167c4c20e20c7b71454612966ca8e8171e9b3cc8ab6ce8aa6cbfec79643,0.33.2,off,16384,25.46
3hop1__579562_629431_64412|sham|12,3hop1__579562_629431_64412,sham,none,write_note,12,1,20,0.6,prov,lossless,primary,0,1,0,12,,,,evidence,none,1,0,1,0,4604,976,12936,168bfa490b87987c32e9abf27aba2b17c5b1e85904f1f25d9f267c0979b5b569,b11cd888d4e11e3f3d9f7f5673e24077980f5cbab7006bf1c1b36ab9558e5640,qwen3.8:27b,22130167c4c20e20c7b71454612966ca8e8171e9b3cc8ab6ce8aa6cbfec79643,0.33.2,off,16384,130.06
3hop1__579562_629431_64412|wrong_argument|14,3hop1__579562_629431_64412,wrong_argument,tool,search,14,2,26,0.538,log,lossless,primary,0,0,0,14,14,1,1,tool,tool,,0,1,0,4639,191,13679,ba8b77f02b64574ea7e93ea62fa1fc123ccb9b7577129cf415e005a243f5b0a5,48ebe7044313c6d54021d24a360892535ae0be338dd053a25a22a4b5fa089af1,qwen3.8:27b,22130167c4c20e20c7b71454612966ca8e8171e9b3cc8ab6ce8aa6cbfec79643,0.33.2,off,16384,37.3
3hop1__579562_629431_64412|wrong_argument|14,3hop1__579562_629431_64412,wrong_argument,tool,search,14,2,26,0.538,diff,lossless,primary,0,0,0,14,14,1,1,tool,tool,,0,1,0,6308,201,19023,580493953bfd9de6d0b2d1d8a4f1e43ab9de066daab1e45d308f79bb0263f1ee,14222f6a530f7f89f6e6e891883ad839fdac9d1aa426f57636599b77fd0f55db,qwen3.8:27b,22130167c4c20e20c7b71454612966ca8e8171e9b3cc8ab6ce8aa6cbfec79643,0.33.2,off,16384,76.14
3hop1__579562_629431_64412|wrong_argument|14,3hop1__579562_629431_64412,wrong_argument,tool,search,14,2,26,0.538,prov,lossless,primary,0,0,0,14,14,1,1,tool,tool,,1,1,0,5881,168,17188,168bfa490b87987c32e9abf27aba2b17c5b1e85904f1f25d9f267c0979b5b569,da96bec903ddcd0eaeffe2541349fcc0b392f3782472b7f514f086a2bf1b5dc4,qwen3.8:27b,22130167c4c20e20c7b71454612966ca8e8171e9b3cc8ab6ce8aa6cbfec79643,0.33.2,off,16384,67.33
3hop1__579562_629431_64412|wrong_source|18,3hop1__579562_629431_64412,wrong_source,evidence,write_note,18,2,20,0.9,log,lossless,primary,0,0,0,18,18,1,1,evidence,evidence,,1,1,0,3639,187,10261,ba8b77f02b64574ea7e93ea62fa1fc123ccb9b7577129cf415e005a243f5b0a5,e1e308566df057ff17dbf3f4f73d08a08431767fc3cc6b2500318e51b8a704df,qwen3.8:27b,22130167c4c20e20c7b71454612966ca8e8171e9b3cc8ab6ce8aa6cbfec79643,0.33.2,off,16384,29.22
3hop1__579562_629431_64412|wrong_source|18,3hop1__579562_629431_64412,wrong_source,evidence,write_note,18,2,20,0.9,diff,lossless,primary,0,0,0,18,18,1,1,evidence,evidence,,1,1,0,4902,189,14317,580493953bfd9de6d0b2d1d8a4f1e43ab9de066daab1e45d308f79bb0263f1ee,5076fd3d3a1ebb9fe37355b8a0c324fdedf7a95b207951f14f5064c8ed12e20a,qwen3.8:27b,22130167c4c20e20c7b71454612966ca8e8171e9b3cc8ab6ce8aa6cbfec79643,0.33.2,off,16384,62.32
3hop1__579562_629431_64412|wrong_source|18,3hop1__579562_629431_64412,wrong_source,evidence,write_note,18,2,20,0.9,prov,lossless,primary,0,0,0,18,18,1,1,evidence,evidence,,0,1,0,4595,208,12936,168bfa490b87987c32e9abf27aba2b17c5b1e85904f1f25d9f267c0979b5b569,068adc6a074246f692c1d3ef148aa0e0a617e47ea5c954a8b01b607d4a3fb6e8,qwen3.8:27b,22130167c4c20e20c7b71454612966ca8e8171e9b3cc8ab6ce8aa6cbfec79643,0.33.2,off,16384,62.13
3hop2__67618_30587_44003|corrupted_output|2,3hop2__67618_30587_44003,corrupted_output,tool,search,2,0,20,0.1,log,lossless,primary,0,0,0,6,2,0,0,evidence,tool,,1,1,0,3631,195,11037,ba8b77f02b64574ea7e93ea62fa1fc123ccb9b7577129cf415e005a243f5b0a5,f7a8ff7f747638ace8f37d749b1ac004db3cbc72db4c21fa4ab9a75518639a83,qwen3.8:27b,22130167c4c20e20c7b71454612966ca8e8171e9b3cc8ab6ce8aa6cbfec79643,0.33.2,off,16384,50.75
3hop2__67618_30587_44003|corrupted_output|2,3hop2__67618_30587_44003,corrupted_output,tool,search,2,0,20,0.1,diff,lossless,primary,0,0,0,6,2,0,0,evidence,tool,,1,1,0,4950,145,15649,580493953bfd9de6d0b2d1d8a4f1e43ab9de066daab1e45d308f79bb0263f1ee,69f59630de894a56af158c76f4dc7bf4e63f8cb0e625c897ef4d8a63d0a3877b,qwen3.8:27b,22130167c4c20e20c7b71454612966ca8e8171e9b3cc8ab6ce8aa6cbfec79643,0.33.2,off,16384,57.42
3hop2__67618_30587_44003|corrupted_output|2,3hop2__67618_30587_44003,corrupted_output,tool,search,2,0,20,0.1,prov,lossless,primary,0,0,0,6,2,0,0,evidence,tool,,0,1,0,4603,143,13834,168bfa490b87987c32e9abf27aba2b17c5b1e85904f1f25d9f267c0979b5b569,50c9cb6e32f29d4fa84e1b56fe2b45ae886cfd51a98039fee781528a9b7d75a8,qwen3.8:27b,22130167c4c20e20c7b71454612966ca8e8171e9b3cc8ab6ce8aa6cbfec79643,0.33.2,off,16384,53.17
3hop2__67618_30587_44003|dropped_note|12,3hop2__67618_30587_44003,dropped_note,state,write_note,12,1,20,0.6,log,lossless,primary,0,0,0,,12,0,0,none,state,,0,1,0,3505,127,10285,ba8b77f02b64574ea7e93ea62fa1fc123ccb9b7577129cf415e005a243f5b0a5,c9efd811e5bd8c58dc03bf46a0c21ee11bd2d7112299d3308ef7958bb084b060,qwen3.8:27b,22130167c4c20e20c7b71454612966ca8e8171e9b3cc8ab6ce8aa6cbfec79643,0.33.2,off,16384,45.49
3hop2__67618_30587_44003|dropped_note|12,3hop2__67618_30587_44003,dropped_note,state,write_note,12,1,20,0.6,diff,lossless,primary,0,0,0,12,12,1,1,state,state,,0,1,0,4676,180,14312,580493953bfd9de6d0b2d1d8a4f1e43ab9de066daab1e45d308f79bb0263f1ee,035ed1d3980726380d587b33e6a5577a21cf2c82085bfe4487a8e0088235a5ff,qwen3.8:27b,22130167c4c20e20c7b71454612966ca8e8171e9b3cc8ab6ce8aa6cbfec79643,0.33.2,off,16384,61.8
3hop2__67618_30587_44003|dropped_note|12,3hop2__67618_30587_44003,dropped_note,state,write_note,12,1,20,0.6,prov,lossless,primary,0,0,0,12,12,1,1,state,state,,0,1,0,4411,177,12889,168bfa490b87987c32e9abf27aba2b17c5b1e85904f1f25d9f267c0979b5b569,5b44490eb129c28b83a3aee95366a3d9447097eae0191eeb2ac489668374f241,qwen3.8:27b,22130167c4c20e20c7b71454612966ca8e8171e9b3cc8ab6ce8aa6cbfec79643,0.33.2,off,16384,60.29
3hop2__67618_30587_44003|no_source|12,3hop2__67618_30587_44003,no_source,evidence,write_note,12,1,20,0.6,log,lossless,primary,0,0,0,12,12,1,1,evidence,evidence,,1,1,0,3520,142,10355,ba8b77f02b64574ea7e93ea62fa1fc123ccb9b7577129cf415e005a243f5b0a5,4e7fc47a4231f7d1daa714145cee8e5cbe74e3a0f1dbe3f2840a6eaa7301e6cf,qwen3.8:27b,22130167c4c20e20c7b71454612966ca8e8171e9b3cc8ab6ce8aa6cbfec79643,0.33.2,off,16384,45.13
3hop2__67618_30587_44003|no_source|12,3hop2__67618_30587_44003,no_source,evidence,write_note,12,1,20,0.6,diff,lossless,primary,0,0,0,12,12,1,1,evidence,evidence,,1,1,0,4721,129,14494,580493953bfd9de6d0b2d1d8a4f1e43ab9de066daab1e45d308f79bb0263f1ee,c5c83920aeafd046b3de049bd89a0e7278d32de2474d237714251b258d168670,qwen3.8:27b,22130167c4c20e20c7b71454612966ca8e8171e9b3cc8ab6ce8aa6cbfec79643,0.33.2,off,16384,53.78
3hop2__67618_30587_44003|no_source|12,3hop2__67618_30587_44003,no_source,evidence,write_note,12,1,20,0.6,prov,lossless,primary,0,0,0,12,12,1,1,evidence,evidence,,0,1,0,4478,139,13111,168bfa490b87987c32e9abf27aba2b17c5b1e85904f1f25d9f267c0979b5b569,ae93d6bb7e917d65903070f33213f3513721e203ca13031b0af481c325c13dbe,qwen3.8:27b,22130167c4c20e20c7b71454612966ca8e8171e9b3cc8ab6ce8aa6cbfec79643,0.33.2,off,16384,53.64
3hop2__67618_30587_44003|overwritten_note|18,3hop2__67618_30587_44003,overwritten_note,state,write_note,18,2,20,0.9,log,lossless,primary,0,0,0,18,18,1,1,state,state,,1,1,0,3503,162,10311,ba8b77f02b64574ea7e93ea62fa1fc123ccb9b7577129cf415e005a243f5b0a5,602b8d88e4c4ee098a516d5edca0fd39181a81be8200a7ced7fc5816d8ef4f97,qwen3.8:27b,22130167c4c20e20c7b71454612966ca8e8171e9b3cc8ab6ce8aa6cbfec79643,0.33.2,off,16384,48.0
3hop2__67618_30587_44003|overwritten_note|18,3hop2__67618_30587_44003,overwritten_note,state,write_note,18,2,20,0.9,diff,lossless,primary,0,0,0,18,18,1,1,state,state,,1,1,0,4708,190,14434,580493953bfd9de6d0b2d1d8a4f1e43ab9de066daab1e45d308f79bb0263f1ee,23061e66f8a71cefcb1c52f735f686381bb22c0c4440055662848947622dcb96,qwen3.8:27b,22130167c4c20e20c7b71454612966ca8e8171e9b3cc8ab6ce8aa6cbfec79643,0.33.2,off,16384,61.92
3hop2__67618_30587_44003|overwritten_note|18,3hop2__67618_30587_44003,overwritten_note,state,write_note,18,2,20,0.9,prov,lossless,primary,0,0,0,18,18,1,1,state,state,,1,1,0,4450,208,13020,168bfa490b87987c32e9abf27aba2b17c5b1e85904f1f25d9f267c0979b5b569,e5c715f7e7a82997f55f02daa41fde6aab96792d3679d33ff44a870da33e20ad,qwen3.8:27b,22130167c4c20e20c7b71454612966ca8e8171e9b3cc8ab6ce8aa6cbfec79643,0.33.2,off,16384,60.18
3hop2__67618_30587_44003|sham|12,3hop2__67618_30587_44003,sham,none,write_note,12,1,20,0.6,log,lossless,primary,0,1,0,,,,,none,none,0,0,1,0,3519,127,10325,ba8b77f02b64574ea7e93ea62fa1fc123ccb9b7577129cf415e005a243f5b0a5,d4f5c3268abe18b7a0c662beb5d56692e78b56c350a416f957f61047e6d0624e,qwen3.8:27b,22130167c4c20e20c7b71454612966ca8e8171e9b3cc8ab6ce8aa6cbfec79643,0.33.2,off,16384,25.25
3hop2__67618_30587_44003|sham|12,3hop2__67618_30587_44003,sham,none,write_note,12,1,20,0.6,diff,lossless,primary,0,1,0,,,,,none,none,0,0,1,0,4723,121,14448,580493953bfd9de6d0b2d1d8a4f1e43ab9de066daab1e45d308f79bb0263f1ee,fafd7fd0cd503a19fc8b5eaa0107b88fd7832a5d16e60f09a99577380a13cadc,qwen3.8:27b,22130167c4c20e20c7b71454612966ca8e8171e9b3cc8ab6ce8aa6cbfec79643,0.33.2,off,16384,25.54
3hop2__67618_30587_44003|sham|12,3hop2__67618_30587_44003,sham,none,write_note,12,1,20,0.6,prov,lossless,primary,0,1,0,,,,,none,none,0,0,1,0,4501,115,13126,168bfa490b87987c32e9abf27aba2b17c5b1e85904f1f25d9f267c0979b5b569,24b6336fdebeaf9cb66a28d9e68fe6af3af0734098b63fa3555fc6ce78031db5,qwen3.8:27b,22130167c4c20e20c7b71454612966ca8e8171e9b3cc8ab6ce8aa6cbfec79643,0.33.2,off,16384,25.24
3hop2__67618_30587_44003|wrong_argument|16,3hop2__67618_30587_44003,wrong_argument,tool,read,16,2,20,0.8,log,lossless,primary,0,0,0,,16,0,0,none,tool,,0,1,0,3484,127,10170,ba8b77f02b64574ea7e93ea62fa1fc123ccb9b7577129cf415e005a243f5b0a5,be82b4b4459887d9734417d78ae12d36a54a064c2a1de2acd7d7ed05dc18cd40,qwen3.8:27b,22130167c4c20e20c7b71454612966ca8e8171e9b3cc8ab6ce8aa6cbfec79643,0.33.2,off,16384,25.52
3hop2__67618_30587_44003|wrong_argument|16,3hop2__67618_30587_44003,wrong_argument,tool,read,16,2,20,0.8,diff,lossless,primary,0,0,0,16,16,1,1,tool,tool,,0,1,0,4657,215,14118,580493953bfd9de6d0b2d1d8a4f1e43ab9de066daab1e45d308f79bb0263f1ee,fb6f6189984a8445f9f6063030ea23662eca795d1bc69a068156db5536e5f619,qwen3.8:27b,22130167c4c20e20c7b71454612966ca8e8171e9b3cc8ab6ce8aa6cbfec79643,0.33.2,off,16384,63.46
3hop2__67618_30587_44003|wrong_argument|16,3hop2__67618_30587_44003,wrong_argument,tool,read,16,2,20,0.8,prov,lossless,primary,0,0,0,16,16,1,1,tool,tool,,1,1,0,4464,191,12991,168bfa490b87987c32e9abf27aba2b17c5b1e85904f1f25d9f267c0979b5b569,ba219dcb2bad213ef1a859088247c0d6ae3c8c91e61f894e3664effc41af162e,qwen3.8:27b,22130167c4c20e20c7b71454612966ca8e8171e9b3cc8ab6ce8aa6cbfec79643,0.33.2,off,16384,29.48
3hop2__67618_30587_44003|wrong_source|12,3hop2__67618_30587_44003,wrong_source,evidence,write_note,12,0,14,0.857,log,lossless,primary,0,0,0,12,12,1,1,evidence,evidence,,1,1,0,2502,162,6771,ba8b77f02b64574ea7e93ea62fa1fc123ccb9b7577129cf415e005a243f5b0a5,04aa50bf2c0db4766b1361ff5fb9f52c7fd7a98a49abdd24922afaada0c8381b,qwen3.8:27b,22130167c4c20e20c7b71454612966ca8e8171e9b3cc8ab6ce8aa6cbfec79643,0.33.2,off,16384,38.08
3hop2__67618_30587_44003|wrong_source|12,3hop2__67618_30587_44003,wrong_source,evidence,write_note,12,0,14,0.857,diff,lossless,primary,0,0,0,12,12,1,1,evidence,evidence,,0,1,0,3251,205,9298,580493953bfd9de6d0b2d1d8a4f1e43ab9de066daab1e45d308f79bb0263f1ee,ad5a836655c64e885919a49d9291ba2163c91a429f5bc82c5d0d8c674c802687,qwen3.8:27b,22130167c4c20e20c7b71454612966ca8e8171e9b3cc8ab6ce8aa6cbfec79643,0.33.2,off,16384,50.47
3hop2__67618_30587_44003|wrong_source|12,3hop2__67618_30587_44003,wrong_source,evidence,write_note,12,0,14,0.857,prov,lossless,primary,0,0,0,12,12,1,1,evidence,evidence,,0,1,0,3200,171,8779,168bfa490b87987c32e9abf27aba2b17c5b1e85904f1f25d9f267c0979b5b569,deb3e3b91baa4ed8ddce507e8a1f320a5adad057b981894ef4c0443eb3885b79,qwen3.8:27b,22130167c4c20e20c7b71454612966ca8e8171e9b3cc8ab6ce8aa6cbfec79643,0.33.2,off,16384,45.21
3hop1__353661_629431_124169|corrupted_output|16,3hop1__353661_629431_124169,corrupted_output,tool,read,16,1,32,0.5,log,lossless,primary,0,0,0,16,16,1,1,tool,tool,,0,1,0,5527,217,16877,ba8b77f02b64574ea7e93ea62fa1fc123ccb9b7577129cf415e005a243f5b0a5,766506b4bd7db5e50af919da7581fc8339799d1dc9b4b081f71902c322e9259b,qwen3.8:27b,22130167c4c20e20c7b71454612966ca8e8171e9b3cc8ab6ce8aa6cbfec79643,0.33.2,off,16384,69.7
3hop1__353661_629431_124169|corrupted_output|16,3hop1__353661_629431_124169,corrupted_output,tool,read,16,1,32,0.5,diff,lossless,primary,0,0,0,16,16,1,1,tool,tool,,0,1,0,7248,227,22545,580493953bfd9de6d0b2d1d8a4f1e43ab9de066daab1e45d308f79bb0263f1ee,49f264c700eb08b43bcbb659841a7dc4e775139e0461296c9667adf734639bc2,qwen3.8:27b,22130167c4c20e20c7b71454612966ca8e8171e9b3cc8ab6ce8aa6cbfec79643,0.33.2,off,16384,85.18
3hop1__353661_629431_124169|corrupted_output|16,3hop1__353661_629431_124169,corrupted_output,tool,read,16,1,32,0.5,prov,lossless,primary,0,0,0,16,16,1,1,tool,tool,,0,1,0,6947,247,20875,168bfa490b87987c32e9abf27aba2b17c5b1e85904f1f25d9f267c0979b5b569,889bf9c59dd6038168e599bcdfde7b6b7450126ab96987d557a3a585510ad3de,qwen3.8:27b,22130167c4c20e20c7b71454612966ca8e8171e9b3cc8ab6ce8aa6cbfec79643,0.33.2,off,16384,86.6
3hop1__353661_629431_124169|dropped_note|24,3hop1__353661_629431_124169,dropped_note,state,write_note,24,2,26,0.923,log,lossless,primary,0,0,0,24,24,1,1,state,state,,0,1,0,4593,318,13356,ba8b77f02b64574ea7e93ea62fa1fc123ccb9b7577129cf415e005a243f5b0a5,9541f8ec830dc6298a4894f5acb4ebf2765a71a9cfc24331ff4e9aef92b55a27,qwen3.8:27b,22130167c4c20e20c7b71454612966ca8e8171e9b3cc8ab6ce8aa6cbfec79643,0.33.2,off,16384,79.42
3hop1__353661_629431_124169|dropped_note|24,3hop1__353661_629431_124169,dropped_note,state,write_note,24,2,26,0.923,diff,lossless,primary,0,0,0,24,24,1,1,state,state,,0,1,0,6102,195,18129,580493953bfd9de6d0b2d1d8a4f1e43ab9de066daab1e45d308f79bb0263f1ee,c28596bbe8fdda147c86e9d7b7f2bf4dafea9300c9fba8fc8ea21d59cb7dae5a,qwen3.8:27b,22130167c4c20e20c7b71454612966ca8e8171e9b3cc8ab6ce8aa6cbfec79643,0.33.2,off,16384,73.14
3hop1__353661_629431_124169|dropped_note|24,3hop1__353661_629431_124169,dropped_note,state,write_note,24,2,26,0.923,prov,lossless,primary,0,0,0,,24,0,0,,state,,0,0,0,5716,1024,16498,168bfa490b87987c32e9abf27aba2b17c5b1e85904f1f25d9f267c0979b5b569,386b46923f6d0258c9064150e96eadfbc3c089b9ff73a128259772856dd753c3,qwen3.8:27b,22130167c4c20e20c7b71454612966ca8e8171e9b3cc8ab6ce8aa6cbfec79643,0.33.2,off,16384,164.06
3hop1__353661_629431_124169|no_source|24,3hop1__353661_629431_124169,no_source,evidence,write_note,24,2,26,0.923,log,lossless,primary,0,0,0,24,24,1,1,evidence,evidence,,1,1,0,4596,174,13387,ba8b77f02b64574ea7e93ea62fa1fc123ccb9b7577129cf415e005a243f5b0a5,d18553e3ea14afeedd4544e348aed3321491c044981818b14a63546d1eeb2b09,qwen3.8:27b,22130167c4c20e20c7b71454612966ca8e8171e9b3cc8ab6ce8aa6cbfec79643,0.33.2,off,16384,27.4
3hop1__353661_629431_124169|no_source|24,3hop1__353661_629431_124169,no_source,evidence,write_note,24,2,26,0.923,diff,lossless,primary,0,0,0,24,24,1,1,evidence,evidence,,1,1,0,6138,167,18274,580493953bfd9de6d0b2d1d8a4f1e43ab9de066daab1e45d308f79bb0263f1ee,9e01e90b7540fb7cec908a2dfafb3eadb5679e80bb2cfb29eb66fcd6b930d3ae,qwen3.8:27b,22130167c4c20e20c7b71454612966ca8e8171e9b3cc8ab6ce8aa6cbfec79643,0.33.2,off,16384,29.56
3hop1__353661_629431_124169|no_source|24,3hop1__353661_629431_124169,no_source,evidence,write_note,24,2,26,0.923,prov,lossless,primary,0,0,0,24,24,1,1,evidence,evidence,,0,1,0,5797,140,16744,168bfa490b87987c32e9abf27aba2b17c5b1e85904f1f25d9f267c0979b5b569,87c9b487aa29e8513e9114ae483c6b6789e36f374486b6f07f275beb4b5b3015,qwen3.8:27b,22130167c4c20e20c7b71454612966ca8e8171e9b3cc8ab6ce8aa6cbfec79643,0.33.2,off,16384,25.79
3hop1__353661_629431_124169|overwritten_note|12,3hop1__353661_629431_124169,overwritten_note,state,write_note,12,0,26,0.462,log,lossless,primary,0,0,0,12,12,1,1,state,state,,1,1,0,4618,129,13407,ba8b77f02b64574ea7e93ea62fa1fc123ccb9b7577129cf415e005a243f5b0a5,e4b825a5fa0eeb5e0994dde13345ccc8e429ed46482c647c98c8625fd16cca40,qwen3.8:27b,22130167c4c20e20c7b71454612966ca8e8171e9b3cc8ab6ce8aa6cbfec79643,0.33.2,off,16384,53.88
3hop1__353661_629431_124169|overwritten_note|12,3hop1__353661_629431_124169,overwritten_note,state,write_note,12,0,26,0.462,diff,lossless,primary,0,0,0,12,12,1,1,state,state,,1,1,0,6171,177,18304,580493953bfd9de6d0b2d1d8a4f1e43ab9de066daab1e45d308f79bb0263f1ee,251f4f652b9a318f849fe4cdbf5d8f51a92a548c69dd3b199c482f6235db18eb,qwen3.8:27b,22130167c4c20e20c7b71454612966ca8e8171e9b3cc8ab6ce8aa6cbfec79643,0.33.2,off,16384,73.69
3hop1__353661_629431_124169|overwritten_note|12,3hop1__353661_629431_124169,overwritten_note,state,write_note,12,0,26,0.462,prov,lossless,primary,0,0,0,12,12,1,1,state,state,,0,1,0,5849,184,16826,168bfa490b87987c32e9abf27aba2b17c5b1e85904f1f25d9f267c0979b5b569,b7ed7710845e83e2d934e781280147d44dcd907863f51287ca9360bf5bea3514,qwen3.8:27b,22130167c4c20e20c7b71454612966ca8e8171e9b3cc8ab6ce8aa6cbfec79643,0.33.2,off,16384,70.8
3hop1__353661_629431_124169|sham|18,3hop1__353661_629431_124169,sham,none,write_note,18,1,26,0.692,log,lossless,primary,0,1,0,,,,,,none,1,0,0,0,4619,1024,13407,ba8b77f02b64574ea7e93ea62fa1fc123ccb9b7577129cf415e005a243f5b0a5,794db20c804eff3f3c9b594e707397e54bc3c8b0fa9e77241462635252357350,qwen3.8:27b,22130167c4c20e20c7b71454612966ca8e8171e9b3cc8ab6ce8aa6cbfec79643,0.33.2,off,16384,159.08
3hop1__353661_629431_124169|sham|18,3hop1__353661_629431_124169,sham,none,write_note,18,1,26,0.692,diff,lossless,primary,0,1,0,,,,,none,none,0,0,1,0,6172,156,18304,580493953bfd9de6d0b2d1d8a4f1e43ab9de066daab1e45d308f79bb0263f1ee,792399636448e4a32a25362376440cb20a7c305486c3844b4287efddfa8a5fb1,qwen3.8:27b,22130167c4c20e20c7b71454612966ca8e8171e9b3cc8ab6ce8aa6cbfec79643,0.33.2,off,16384,73.73
3hop1__353661_629431_124169|sham|18,3hop1__353661_629431_124169,sham,none,write_note,18,1,26,0.692,prov,lossless,primary,0,1,0,22,,,,tool,none,1,0,1,0,5853,266,16838,168bfa490b87987c32e9abf27aba2b17c5b1e85904f1f25d9f267c0979b5b569,2534d29de5741e951ca9ca2dbd16a92d5d0c1ea9e5f00c0c7b2c574f2190175d,qwen3.8:27b,22130167c4c20e20c7b71454612966ca8e8171e9b3cc8ab6ce8aa6cbfec79643,0.33.2,off,16384,80.43
3hop1__353661_629431_124169|wrong_argument|8,3hop1__353661_629431_124169,wrong_argument,tool,search,8,0,30,0.267,log,lossless,primary,0,0,0,8,8,1,1,tool,tool,,0,1,0,5252,187,15456,ba8b77f02b64574ea7e93ea62fa1fc123ccb9b7577129cf415e005a243f5b0a5,006e1e1a9eab7faf09959941d88fffa2d9ce9431fdebaa2a61eba98b66500a28,qwen3.8:27b,22130167c4c20e20c7b71454612966ca8e8171e9b3cc8ab6ce8aa6cbfec79643,0.33.2,off,16384,64.98
3hop1__353661_629431_124169|wrong_argument|8,3hop1__353661_629431_124169,wrong_argument,tool,search,8,0,30,0.267,diff,lossless,primary,0,0,0,8,8,1,1,tool,tool,,1,1,0,6896,154,20578,580493953bfd9de6d0b2d1d8a4f1e43ab9de066daab1e45d308f79bb0263f1ee,7df55beb86707deba31b064d93d46803b7c76e8d66a552df9966c7fde9a471b9,qwen3.8:27b,22130167c4c20e20c7b71454612966ca8e8171e9b3cc8ab6ce8aa6cbfec79643,0.33.2,off,16384,75.47
3hop1__353661_629431_124169|wrong_argument|8,3hop1__353661_629431_124169,wrong_argument,tool,search,8,0,30,0.267,prov,lossless,primary,0,0,0,8,8,1,1,tool,tool,,1,1,0,6606,164,19238,168bfa490b87987c32e9abf27aba2b17c5b1e85904f1f25d9f267c0979b5b569,e994fc4d162dcbe865d9922124cc309ea76ba94f3651fe7a188e58fde18ee3ed,qwen3.8:27b,22130167c4c20e20c7b71454612966ca8e8171e9b3cc8ab6ce8aa6cbfec79643,0.33.2,off,16384,73.87
3hop1__353661_629431_124169|wrong_source|18,3hop1__353661_629431_124169,wrong_source,evidence,write_note,18,1,26,0.692,log,lossless,primary,0,0,0,18,18,1,1,evidence,evidence,,0,1,0,4623,205,13403,ba8b77f02b64574ea7e93ea62fa1fc123ccb9b7577129cf415e005a243f5b0a5,a3e508c75bde29a0cab6bdbc588e0965ac9d1db51d771d586219bd6b114509e1,qwen3.8:27b,22130167c4c20e20c7b71454612966ca8e8171e9b3cc8ab6ce8aa6cbfec79643,0.33.2,off,16384,60.61
3hop1__353661_629431_124169|wrong_source|18,3hop1__353661_629431_124169,wrong_source,evidence,write_note,18,1,26,0.692,diff,lossless,primary,0,0,0,18,18,1,1,evidence,evidence,,1,1,0,6178,208,18300,580493953bfd9de6d0b2d1d8a4f1e43ab9de066daab1e45d308f79bb0263f1ee,71f3f69ba1e00be333a3ca02c93c212bd11eca689c56a5248dbc105ecbcac7ec,qwen3.8:27b,22130167c4c20e20c7b71454612966ca8e8171e9b3cc8ab6ce8aa6cbfec79643,0.33.2,off,16384,75.21
3hop1__353661_629431_124169|wrong_source|18,3hop1__353661_629431_124169,wrong_source,evidence,write_note,18,1,26,0.692,prov,lossless,primary,0,0,0,18,18,1,1,evidence,evidence,,1,1,0,5859,277,16834,168bfa490b87987c32e9abf27aba2b17c5b1e85904f1f25d9f267c0979b5b569,6a030584daf236f8b7a5312bad012c5b8cb7b77cd47396bb6823725cb2ecded1,qwen3.8:27b,22130167c4c20e20c7b71454612966ca8e8171e9b3cc8ab6ce8aa6cbfec79643,0.33.2,off,16384,79.29
3hop1__857_846_7872|corrupted_output|8,3hop1__857_846_7872,corrupted_output,tool,search,8,2,20,0.4,log,lossless,primary,0,0,0,,8,0,0,none,tool,,0,1,0,3560,130,10656,ba8b77f02b64574ea7e93ea62fa1fc123ccb9b7577129cf415e005a243f5b0a5,c2ba7b7f6d3020544379ba66b6aead46a7d6a73e07a0379545f5e34b342ff073,qwen3.8:27b,22130167c4c20e20c7b71454612966ca8e8171e9b3cc8ab6ce8aa6cbfec79643,0.33.2,off,16384,48.37
3hop1__857_846_7872|corrupted_output|8,3hop1__857_846_7872,corrupted_output,tool,search,8,2,20,0.4,diff,lossless,primary,0,0,0,,8,0,0,,tool,,0,0,0,4717,1024,14752,580493953bfd9de6d0b2d1d8a4f1e43ab9de066daab1e45d308f79bb0263f1ee,f5175af81d521fec1b40fcd5c65077f79592d02ad15fd2649dfba3385273d06a,qwen3.8:27b,22130167c4c20e20c7b71454612966ca8e8171e9b3cc8ab6ce8aa6cbfec79643,0.33.2,off,16384,150.6
3hop1__857_846_7872|corrupted_output|8,3hop1__857_846_7872,corrupted_output,tool,search,8,2,20,0.4,prov,lossless,primary,0,0,0,,8,0,0,none,tool,,0,1,0,4527,146,13430,168bfa490b87987c32e9abf27aba2b17c5b1e85904f1f25d9f267c0979b5b569,67872be2e921c14217ccd4a5d53470cf2151da8b7cb071e87740b64f1b51a77f,qwen3.8:27b,22130167c4c20e20c7b71454612966ca8e8171e9b3cc8ab6ce8aa6cbfec79643,0.33.2,off,16384,55.12
3hop1__857_846_7872|dropped_note|6,3hop1__857_846_7872,dropped_note,state,write_note,6,0,14,0.429,log,lossless,primary,0,0,0,6,6,1,1,state,state,,0,1,0,2610,138,7294,ba8b77f02b64574ea7e93ea62fa1fc123ccb9b7577129cf415e005a243f5b0a5,b2f806ce0f589b694bccf3a63183e509bfcf1cb5a71e39567d11ed8e1b919e7f,qwen3.8:27b,22130167c4c20e20c7b71454612966ca8e8171e9b3cc8ab6ce8aa6cbfec79643,0.33.2,off,16384,40.28
3hop1__857_846_7872|dropped_note|6,3hop1__857_846_7872,dropped_note,state,write_note,6,0,14,0.429,diff,lossless,primary,0,0,0,6,6,1,1,state,state,,0,1,0,3342,186,9894,580493953bfd9de6d0b2d1d8a4f1e43ab9de066daab1e45d308f79bb0263f1ee,600011908981e1c877e1a4ace3e4e7338160c36a2af260bc44169a4a9a525ef5,qwen3.8:27b,22130167c4c20e20c7b71454612966ca8e8171e9b3cc8ab6ce8aa6cbfec79643,0.33.2,off,16384,52.03
3hop1__857_846_7872|dropped_note|6,3hop1__857_846_7872,dropped_note,state,write_note,6,0,14,0.429,prov,lossless,primary,0,0,0,6,6,1,1,state,state,,0,1,0,3230,197,9053,168bfa490b87987c32e9abf27aba2b17c5b1e85904f1f25d9f267c0979b5b569,f249e7fb7bd3df076443db11179cc4b67377c31cd18773abf295f386bb3ec552,qwen3.8:27b,22130167c4c20e20c7b71454612966ca8e8171e9b3cc8ab6ce8aa6cbfec79643,0.33.2,off,16384,52.22
3hop1__857_846_7872|no_source|6,3hop1__857_846_7872,no_source,evidence,write_note,6,0,14,0.429,log,lossless,primary,0,0,0,6,6,1,1,evidence,evidence,,1,1,0,2587,178,7220,ba8b77f02b64574ea7e93ea62fa1fc123ccb9b7577129cf415e005a243f5b0a5,c97ad0765dbac1fdc93a1c370cb315f15e1217eaa540e31d7537587c070fb941,qwen3.8:27b,22130167c4c20e20c7b71454612966ca8e8171e9b3cc8ab6ce8aa6cbfec79643,0.33.2,off,16384,26.86
3hop1__857_846_7872|no_source|6,3hop1__857_846_7872,no_source,evidence,write_note,6,0,14,0.429,diff,lossless,primary,0,0,0,6,6,1,1,evidence,evidence,,1,1,0,3347,144,9917,580493953bfd9de6d0b2d1d8a4f1e43ab9de066daab1e45d308f79bb0263f1ee,6aecf22b158832a91b6a159a9f2e99e896adb1bccb44379295b55f41bbf1e630,qwen3.8:27b,22130167c4c20e20c7b71454612966ca8e8171e9b3cc8ab6ce8aa6cbfec79643,0.33.2,off,16384,43.96
3hop1__857_846_7872|no_source|6,3hop1__857_846_7872,no_source,evidence,write_note,6,0,14,0.429,prov,lossless,primary,0,0,0,6,6,1,1,evidence,evidence,,0,1,0,3256,138,9145,168bfa490b87987c32e9abf27aba2b17c5b1e85904f1f25d9f267c0979b5b569,5af8821d165cf8a3bab8a44e6a9599cef891d5517e8b160b926d718f71c807e3,qwen3.8:27b,22130167c4c20e20c7b71454612966ca8e8171e9b3cc8ab6ce8aa6cbfec79643,0.33.2,off,16384,43.58
3hop1__857_846_7872|overwritten_note|12,3hop1__857_846_7872,overwritten_note,state,write_note,12,1,14,0.857,log,lossless,primary,0,0,0,12,12,1,1,state,state,,1,1,0,2609,144,7338,ba8b77f02b64574ea7e93ea62fa1fc123ccb9b7577129cf415e005a243f5b0a5,d8f1fe6b925d9f32d0b9c0da397bd40a09b961cb826edcc41cd543aab6fcef78,qwen3.8:27b,22130167c4c20e20c7b71454612966ca8e8171e9b3cc8ab6ce8aa6cbfec79643,0.33.2,off,16384,24.83
3hop1__857_846_7872|overwritten_note|12,3hop1__857_846_7872,overwritten_note,state,write_note,12,1,14,0.857,diff,lossless,primary,0,0,0,12,12,1,1,state,state,,1,1,0,3382,155,10045,580493953bfd9de6d0b2d1d8a4f1e43ab9de066daab1e45d308f79bb0263f1ee,3b5dc7d3cd536c342269d1a6f73113685d14db12c226d7ed0c8168444b60d3ca,qwen3.8:27b,22130167c4c20e20c7b71454612966ca8e8171e9b3cc8ab6ce8aa6cbfec79643,0.33.2,off,16384,44.26
3hop1__857_846_7872|overwritten_note|12,3hop1__857_846_7872,overwritten_note,state,write_note,12,1,14,0.857,prov,lossless,primary,0,0,0,12,12,1,1,state,state,,1,1,0,3280,184,9269,168bfa490b87987c32e9abf27aba2b17c5b1e85904f1f25d9f267c0979b5b569,b158e0b93282f0a8eb82a72b30b656899862648679fb776908e548d01877f961,qwen3.8:27b,22130167c4c20e20c7b71454612966ca8e8171e9b3cc8ab6ce8aa6cbfec79643,0.33.2,off,16384,47.71
3hop1__857_846_7872|sham|12,3hop1__857_846_7872,sham,none,write_note,12,1,14,0.857,log,lossless,primary,0,1,0,,,,,none,none,0,0,1,0,2623,96,7340,ba8b77f02b64574ea7e93ea62fa1fc123ccb9b7577129cf415e005a243f5b0a5,a843cb8506873063041cb18cbabe121aa62190bde1c4edb6f3e24ca895aa4327,qwen3.8:27b,22130167c4c20e20c7b71454612966ca8e8171e9b3cc8ab6ce8aa6cbfec79643,0.33.2,off,16384,22.13
3hop1__857_846_7872|sham|12,3hop1__857_846_7872,sham,none,write_note,12,1,14,0.857,diff,lossless,primary,0,1,0,,,,,none,none,0,0,1,0,3395,126,10047,580493953bfd9de6d0b2d1d8a4f1e43ab9de066daab1e45d308f79bb0263f1ee,8a11f3b1438bb34a172e4afad6be3b2c287a47d8870c074c04663a91758641ad,qwen3.8:27b,22130167c4c20e20c7b71454612966ca8e8171e9b3cc8ab6ce8aa6cbfec79643,0.33.2,off,16384,25.2
3hop1__857_846_7872|sham|12,3hop1__857_846_7872,sham,none,write_note,12,1,14,0.857,prov,lossless,primary,0,1,0,,,,,none,none,0,0,1,0,3319,139,9321,168bfa490b87987c32e9abf27aba2b17c5b1e85904f1f25d9f267c0979b5b569,9a65a13f60f8d8af7b970d16eb82c42ed93de7183c5620fe0128442d42f9a429,qwen3.8:27b,22130167c4c20e20c7b71454612966ca8e8171e9b3cc8ab6ce8aa6cbfec79643,0.33.2,off,16384,26.74
3hop1__857_846_7872|wrong_argument|10,3hop1__857_846_7872,wrong_argument,tool,read,10,2,14,0.714,log,lossless,primary,0,0,0,10,10,1,1,tool,tool,,0,1,0,2617,195,7249,ba8b77f02b64574ea7e93ea62fa1fc123ccb9b7577129cf415e005a243f5b0a5,4e25e5ed9ec9534a76bd0654e02994afd7ebdd5c4e8a53dff0fb059d1ed87592,qwen3.8:27b,22130167c4c20e20c7b71454612966ca8e8171e9b3cc8ab6ce8aa6cbfec79643,0.33.2,off,16384,29.48
3hop1__857_846_7872|wrong_argument|10,3hop1__857_846_7872,wrong_argument,tool,read,10,2,14,0.714,diff,lossless,primary,0,0,0,10,10,1,1,tool,tool,,1,1,0,3392,152,9929,580493953bfd9de6d0b2d1d8a4f1e43ab9de066daab1e45d308f79bb0263f1ee,8dc92f441db6e54f97d93eb5cbacc324bf87b08ed5bcb3b30ac2174e57993e50,qwen3.8:27b,22130167c4c20e20c7b71454612966ca8e8171e9b3cc8ab6ce8aa6cbfec79643,0.33.2,off,16384,25.3
3hop1__857_846_7872|wrong_argument|10,3hop1__857_846_7872,wrong_argument,tool,read,10,2,14,0.714,prov,lossless,primary,0,0,0,10,10,1,1,tool,tool,,1,1,0,3326,204,9262,168bfa490b87987c32e9abf27aba2b17c5b1e85904f1f25d9f267c0979b5b569,bf0ea8944841bec96684e0a69bfc4de98e0aa196c5c7d334df822f687ad88389,qwen3.8:27b,22130167c4c20e20c7b71454612966ca8e8171e9b3cc8ab6ce8aa6cbfec79643,0.33.2,off,16384,32.2
3hop1__857_846_7872|wrong_source|12,3hop1__857_846_7872,wrong_source,evidence,write_note,12,1,14,0.857,log,lossless,primary,0,0,0,12,12,1,1,evidence,evidence,,1,1,0,2629,211,7355,ba8b77f02b64574ea7e93ea62fa1fc123ccb9b7577129cf415e005a243f5b0a5,a177b73a152b6519914c91421a61ae51d7aff211d5a3d7186b76a68f7be5ec78,qwen3.8:27b,22130167c4c20e20c7b71454612966ca8e8171e9b3cc8ab6ce8aa6cbfec79643,0.33.2,off,16384,30.29
3hop1__857_846_7872|wrong_source|12,3hop1__857_846_7872,wrong_source,evidence,write_note,12,1,14,0.857,diff,lossless,primary,0,0,0,12,12,1,1,evidence,evidence,,0,1,0,3400,213,10062,580493953bfd9de6d0b2d1d8a4f1e43ab9de066daab1e45d308f79bb0263f1ee,3d0d67bc8333c95fe417f7d2fddf2acec9d2da5c4a6a76096c008076ae80d0d9,qwen3.8:27b,22130167c4c20e20c7b71454612966ca8e8171e9b3cc8ab6ce8aa6cbfec79643,0.33.2,off,16384,32.66
3hop1__857_846_7872|wrong_source|12,3hop1__857_846_7872,wrong_source,evidence,write_note,12,1,14,0.857,prov,lossless,primary,0,0,0,12,12,1,1,evidence,evidence,,0,1,0,3325,211,9336,168bfa490b87987c32e9abf27aba2b17c5b1e85904f1f25d9f267c0979b5b569,5a93c01956b176af1aacafdaa2023b36745a84ac94db001f45abdf7aa2afdd82,qwen3.8:27b,22130167c4c20e20c7b71454612966ca8e8171e9b3cc8ab6ce8aa6cbfec79643,0.33.2,off,16384,32.19
3hop1__829944_474097_84283|corrupted_output|4,3hop1__829944_474097_84283,corrupted_output,tool,read,4,0,30,0.133,log,lossless,primary,0,0,0,4,4,1,1,tool,tool,,0,1,0,4645,179,13976,ba8b77f02b64574ea7e93ea62fa1fc123ccb9b7577129cf415e005a243f5b0a5,cb2f9bb5dc28cdac299024936c01eb7c1bc7b17de5b9c7ae5507691792169889,qwen3.8:27b,22130167c4c20e20c7b71454612966ca8e8171e9b3cc8ab6ce8aa6cbfec79643,0.33.2,off,16384,58.31
3hop1__829944_474097_84283|corrupted_output|4,3hop1__829944_474097_84283,corrupted_output,tool,read,4,0,30,0.133,diff,lossless,primary,0,0,0,4,4,1,1,tool,tool,,0,1,0,5947,154,18024,580493953bfd9de6d0b2d1d8a4f1e43ab9de066daab1e45d308f79bb0263f1ee,262bdef7e34afcd8b5ea59ff1534da65f6d849037e442f68a5efbacf4dda5644,qwen3.8:27b,22130167c4c20e20c7b71454612966ca8e8171e9b3cc8ab6ce8aa6cbfec79643,0.33.2,off,16384,68.8
3hop1__829944_474097_84283|corrupted_output|4,3hop1__829944_474097_84283,corrupted_output,tool,read,4,0,30,0.133,prov,lossless,primary,0,0,0,4,4,1,1,tool,tool,,0,1,0,6030,216,17927,168bfa490b87987c32e9abf27aba2b17c5b1e85904f1f25d9f267c0979b5b569,1b78d8d977a3163af2df530c665370da1cdf2ee4164a0f2a7feb7a0774484e90,qwen3.8:27b,22130167c4c20e20c7b71454612966ca8e8171e9b3cc8ab6ce8aa6cbfec79643,0.33.2,off,16384,75.33
3hop1__829944_474097_84283|dropped_note|12,3hop1__829944_474097_84283,dropped_note,state,write_note,12,1,20,0.6,log,lossless,primary,0,0,0,,12,0,0,none,state,,0,1,0,3134,113,8569,ba8b77f02b64574ea7e93ea62fa1fc123ccb9b7577129cf415e005a243f5b0a5,05df61580c80eb6e59a2979e62a8b4008fcc471f4a49bc5906cab3e1b01a2aa9,qwen3.8:27b,22130167c4c20e20c7b71454612966ca8e8171e9b3cc8ab6ce8aa6cbfec79643,0.33.2,off,16384,41.29
3hop1__829944_474097_84283|dropped_note|12,3hop1__829944_474097_84283,dropped_note,state,write_note,12,1,20,0.6,diff,lossless,primary,0,0,0,12,12,1,1,state,state,,0,1,0,3988,195,11143,580493953bfd9de6d0b2d1d8a4f1e43ab9de066daab1e45d308f79bb0263f1ee,c5c65a9d435a01b0588ce7583cefd0ec5b2a8133a3a5bdc7b078eda7d97f55a9,qwen3.8:27b,22130167c4c20e20c7b71454612966ca8e8171e9b3cc8ab6ce8aa6cbfec79643,0.33.2,off,16384,55.94
3hop1__829944_474097_84283|dropped_note|12,3hop1__829944_474097_84283,dropped_note,state,write_note,12,1,20,0.6,prov,lossless,primary,0,0,0,12,12,1,1,state,state,,0,1,0,4028,167,11082,168bfa490b87987c32e9abf27aba2b17c5b1e85904f1f25d9f267c0979b5b569,7e6e0cdf9e720296add2d2c44d2bdd5ddf66882d0084535b5128858de954f759,qwen3.8:27b,22130167c4c20e20c7b71454612966ca8e8171e9b3cc8ab6ce8aa6cbfec79643,0.33.2,off,16384,56.23
3hop1__829944_474097_84283|no_source|12,3hop1__829944_474097_84283,no_source,evidence,write_note,12,1,38,0.316,log,lossless,primary,0,0,0,12,12,1,1,evidence,evidence,,1,1,0,5714,153,17820,ba8b77f02b64574ea7e93ea62fa1fc123ccb9b7577129cf415e005a243f5b0a5,f61d1f86dd10c71abd42bbacdd9b32171ef8f3b691bfa9cafae8a9fc99037d8b,qwen3.8:27b,22130167c4c20e20c7b71454612966ca8e8171e9b3cc8ab6ce8aa6cbfec79643,0.33.2,off,16384,49.61
3hop1__829944_474097_84283|no_source|12,3hop1__829944_474097_84283,no_source,evidence,write_note,12,1,38,0.316,diff,lossless,primary,0,0,0,12,12,1,1,evidence,evidence,,1,1,0,7198,132,22303,580493953bfd9de6d0b2d1d8a4f1e43ab9de066daab1e45d308f79bb0263f1ee,dcfc64138c46b008cbbdc94be3d9355a4088b68a9242d8b76411b1e59600f3cb,qwen3.8:27b,22130167c4c20e20c7b71454612966ca8e8171e9b3cc8ab6ce8aa6cbfec79643,0.33.2,off,16384,76.88
3hop1__829944_474097_84283|no_source|12,3hop1__829944_474097_84283,no_source,evidence,write_note,12,1,38,0.316,prov,lossless,primary,0,0,0,12,12,1,1,evidence,evidence,,0,1,0,7250,182,22256,168bfa490b87987c32e9abf27aba2b17c5b1e85904f1f25d9f267c0979b5b569,de1175aedf690430bc740fa60dc33d4010ff9023b8d39d556432a45ac6994d26,qwen3.8:27b,22130167c4c20e20c7b71454612966ca8e8171e9b3cc8ab6ce8aa6cbfec79643,0.33.2,off,16384,85.99
3hop1__829944_474097_84283|overwritten_note|18,3hop1__829944_474097_84283,overwritten_note,state,write_note,18,2,20,0.9,log,lossless,primary,0,0,0,18,18,1,1,state,state,,1,1,0,3138,150,8611,ba8b77f02b64574ea7e93ea62fa1fc123ccb9b7577129cf415e005a243f5b0a5,b78872223b61775949f39a3656c5666f66ad0daa49664e504d2ebfd71255b425,qwen3.8:27b,22130167c4c20e20c7b71454612966ca8e8171e9b3cc8ab6ce8aa6cbfec79643,0.33.2,off,16384,26.41
3hop1__829944_474097_84283|overwritten_note|18,3hop1__829944_474097_84283,overwritten_note,state,write_note,18,2,20,0.9,diff,lossless,primary,0,0,0,18,18,1,1,state,state,,1,1,0,4035,188,11307,580493953bfd9de6d0b2d1d8a4f1e43ab9de066daab1e45d308f79bb0263f1ee,38be551349597aebf510d5f98405da253e8f4299d25400c06916c2ed1d2e717f,qwen3.8:27b,22130167c4c20e20c7b71454612966ca8e8171e9b3cc8ab6ce8aa6cbfec79643,0.33.2,off,16384,54.18
3hop1__829944_474097_84283|overwritten_note|18,3hop1__829944_474097_84283,overwritten_note,state,write_note,18,2,20,0.9,prov,lossless,primary,0,0,0,18,18,1,1,state,state,,1,1,0,4095,165,11317,168bfa490b87987c32e9abf27aba2b17c5b1e85904f1f25d9f267c0979b5b569,96d6333e8fd2e7be9b2e8f4ef6e902df455eba7583a111acaf0e6486b8360015,qwen3.8:27b,22130167c4c20e20c7b71454612966ca8e8171e9b3cc8ab6ce8aa6cbfec79643,0.33.2,off,16384,52.12
3hop1__829944_474097_84283|sham|12,3hop1__829944_474097_84283,sham,none,write_note,12,1,20,0.6,log,lossless,primary,0,1,0,,,,,none,none,0,0,1,0,3147,129,8610,ba8b77f02b64574ea7e93ea62fa1fc123ccb9b7577129cf415e005a243f5b0a5,29da5f8e9067bf3164122cb9515c1ef720c60d4ed7eb3149cb461fb309f76d6b,qwen3.8:27b,22130167c4c20e20c7b71454612966ca8e8171e9b3cc8ab6ce8aa6cbfec79643,0.33.2,off,16384,25.65
3hop1__829944_474097_84283|sham|12,3hop1__829944_474097_84283,sham,none,write_note,12,1,20,0.6,diff,lossless,primary,0,1,0,,,,,none,none,0,0,1,0,4043,125,11306,580493953bfd9de6d0b2d1d8a4f1e43ab9de066daab1e45d308f79bb0263f1ee,372566f7380d092a035105fb662a9a37119c31a3396d80ba71997f5512ffc604,qwen3.8:27b,22130167c4c20e20c7b71454612966ca8e8171e9b3cc8ab6ce8aa6cbfec79643,0.33.2,off,16384,24.31
3hop1__829944_474097_84283|sham|12,3hop1__829944_474097_84283,sham,none,write_note,12,1,20,0.6,prov,lossless,primary,0,1,0,,,,,none,none,0,0,1,0,4122,136,11349,168bfa490b87987c32e9abf27aba2b17c5b1e85904f1f25d9f267c0979b5b569,1035d3a2e024653e1eb73cb9bc76a712c27a8d7b20ecf1a5ad2369fc4fd80e14,qwen3.8:27b,22130167c4c20e20c7b71454612966ca8e8171e9b3cc8ab6ce8aa6cbfec79643,0.33.2,off,16384,27.19
3hop1__829944_474097_84283|wrong_argument|14,3hop1__829944_474097_84283,wrong_argument,tool,search,14,2,24,0.583,log,lossless,primary,0,0,0,14,14,1,1,tool,tool,,0,1,0,3741,175,10694,ba8b77f02b64574ea7e93ea62fa1fc123ccb9b7577129cf415e005a243f5b0a5,e24adebd799dda5123c8b543844c050b196c2ab0d0d90ad3ac2712dec058d64b,qwen3.8:27b,22130167c4c20e20c7b71454612966ca8e8171e9b3cc8ab6ce8aa6cbfec79643,0.33.2,off,16384,34.02
3hop1__829944_474097_84283|wrong_argument|14,3hop1__829944_474097_84283,wrong_argument,tool,search,14,2,24,0.583,diff,lossless,primary,0,0,0,14,14,1,1,tool,tool,,1,1,0,4732,156,13628,580493953bfd9de6d0b2d1d8a4f1e43ab9de066daab1e45d308f79bb0263f1ee,acf44883bdf441112254a92b64fbe8ebdddbd2c9797e1450de05c0dc3c0264b3,qwen3.8:27b,22130167c4c20e20c7b71454612966ca8e8171e9b3cc8ab6ce8aa6cbfec79643,0.33.2,off,16384,58.17
3hop1__829944_474097_84283|wrong_argument|14,3hop1__829944_474097_84283,wrong_argument,tool,search,14,2,24,0.583,prov,lossless,primary,0,0,0,14,14,1,1,tool,tool,,1,1,0,4841,169,13809,168bfa490b87987c32e9abf27aba2b17c5b1e85904f1f25d9f267c0979b5b569,304f6add2bfd8c2d1b0b4044697bc204a6c44c16a4df477b225c77c6c43fabcc,qwen3.8:27b,22130167c4c20e20c7b71454612966ca8e8171e9b3cc8ab6ce8aa6cbfec79643,0.33.2,off,16384,60.68
3hop1__829944_474097_84283|wrong_source|12,3hop1__829944_474097_84283,wrong_source,evidence,write_note,12,0,20,0.6,log,lossless,primary,0,0,0,12,12,1,1,evidence,evidence,,1,1,0,3144,241,8620,ba8b77f02b64574ea7e93ea62fa1fc123ccb9b7577129cf415e005a243f5b0a5,8556deab138b7e37f1bfadd334621d6f571bd05306c462212baeff6cfffc90b5,qwen3.8:27b,22130167c4c20e20c7b71454612966ca8e8171e9b3cc8ab6ce8aa6cbfec79643,0.33.2,off,16384,33.91
3hop1__829944_474097_84283|wrong_source|12,3hop1__829944_474097_84283,wrong_source,evidence,write_note,12,0,20,0.6,diff,lossless,primary,0,0,0,12,12,1,1,evidence,evidence,,1,1,0,4038,191,11316,580493953bfd9de6d0b2d1d8a4f1e43ab9de066daab1e45d308f79bb0263f1ee,b302cd5b5a2b0f7bff9d70795e953dd76aacfb3eca63df60415b4324fb9b44b8,qwen3.8:27b,22130167c4c20e20c7b71454612966ca8e8171e9b3cc8ab6ce8aa6cbfec79643,0.33.2,off,16384,56.08
3hop1__829944_474097_84283|wrong_source|12,3hop1__829944_474097_84283,wrong_source,evidence,write_note,12,0,20,0.6,prov,lossless,primary,0,0,0,12,12,1,1,evidence,evidence,,0,1,0,4117,196,11359,168bfa490b87987c32e9abf27aba2b17c5b1e85904f1f25d9f267c0979b5b569,b0bd491abd2978382aa140a6efc6686edb3ad298521f4774985b4a7bcfa233ac,qwen3.8:27b,22130167c4c20e20c7b71454612966ca8e8171e9b3cc8ab6ce8aa6cbfec79643,0.33.2,off,16384,56.29
